"Member.ID","Cross.Betweenness.Norm","Start.Date","End.Date"
"MEM0038",0.148898071625344,1945-01-01,1945-12-31
"MEM0135",0,1945-01-01,1945-12-31
"MEM0156",0,1945-01-01,1945-12-31
"MEM0179",0,1945-01-01,1945-12-31
"MEM0190",0.303674242424243,1945-01-01,1945-12-31
"MEM0214",0.889962121212121,1945-01-01,1945-12-31
"MEM0215",0,1945-01-01,1945-12-31
"MEM0220",0,1945-01-01,1945-12-31
"MEM0230",0,1945-01-01,1945-12-31
"MEM0231",0,1945-01-01,1945-12-31
"MEM0068",0,1945-01-01,1945-12-31
"MEM0049",0,1945-01-01,1945-12-31
"MEM0083",0,1945-01-01,1945-12-31
"MEM0138",0.316477272727273,1945-01-01,1945-12-31
"MEM0158",0,1945-01-01,1945-12-31
"MEM0164",0.302651515151515,1945-01-01,1945-12-31
"MEM0192",0,1945-01-01,1945-12-31
"MEM0210",0,1945-01-01,1945-12-31
"MEM0146",0,1945-01-01,1945-12-31
"MEM0187",0,1945-01-01,1945-12-31
"MEM0229",0,1945-01-01,1945-12-31
"MEM0357",0,1945-01-01,1945-12-31
"MEM0336",0,1945-01-01,1945-12-31
"MEM0240",0,1945-01-01,1945-12-31
"MEM0242",0,1945-01-01,1945-12-31
"MEM0363",0,1945-01-01,1945-12-31
"MEM0312",0.237992424242424,1945-01-01,1945-12-31
"MEM0254",0.18,1945-01-01,1945-12-31
"MEM0416",0,1945-01-01,1945-12-31
"MEM0236",0,1945-01-01,1945-12-31
"MEM0241",0.316477272727273,1945-01-01,1945-12-31
"MEM0249",0,1945-01-01,1945-12-31
"MEM0252",0,1945-01-01,1945-12-31
"MEM0403",0,1945-01-01,1945-12-31
"MEM0505",0,1945-01-01,1945-12-31
"MEM0258",0,1945-01-01,1945-12-31
"MEM0541",0,1945-01-01,1945-12-31
"MEM0525",0,1945-01-01,1945-12-31
"MEM0431",0,1945-01-01,1945-12-31
"MEM0567",0,1945-01-01,1945-12-31
"MEM0526",0.0279166666666667,1945-01-01,1945-12-31
"MEM0307",0,1945-01-01,1945-12-31
"MEM0570",0,1945-01-01,1945-12-31
"MEM0565",0,1945-01-01,1945-12-31
"MEM0167",0,1946-01-01,1946-12-31
"MEM0125",0,1946-01-01,1946-12-31
"MEM0135",0.161387631975867,1946-01-01,1946-12-31
"MEM0156",0,1946-01-01,1946-12-31
"MEM0168",0,1946-01-01,1946-12-31
"MEM0190",0,1946-01-01,1946-12-31
"MEM0214",0.325037707390648,1946-01-01,1946-12-31
"MEM0215",0,1946-01-01,1946-12-31
"MEM0220",0,1946-01-01,1946-12-31
"MEM0225",0,1946-01-01,1946-12-31
"MEM0230",0,1946-01-01,1946-12-31
"MEM0231",0,1946-01-01,1946-12-31
"MEM0038",0,1946-01-01,1946-12-31
"MEM0068",0,1946-01-01,1946-12-31
"MEM0049",0,1946-01-01,1946-12-31
"MEM0138",0,1946-01-01,1946-12-31
"MEM0164",0,1946-01-01,1946-12-31
"MEM0192",0,1946-01-01,1946-12-31
"MEM0210",0,1946-01-01,1946-12-31
"MEM0187",0.145028425571412,1946-01-01,1946-12-31
"MEM0163",0,1946-01-01,1946-12-31
"MEM0229",0,1946-01-01,1946-12-31
"MEM0110",0,1946-01-01,1946-12-31
"MEM0567",1.16573848474301,1946-01-01,1946-12-31
"MEM0521",0,1946-01-01,1946-12-31
"MEM0505",0.325037707390648,1946-01-01,1946-12-31
"MEM0438",0,1946-01-01,1946-12-31
"MEM0357",0,1946-01-01,1946-12-31
"MEM0358",0,1946-01-01,1946-12-31
"MEM0541",0,1946-01-01,1946-12-31
"MEM0242",0,1946-01-01,1946-12-31
"MEM0363",0,1946-01-01,1946-12-31
"MEM0309",0,1946-01-01,1946-12-31
"MEM0249",0,1946-01-01,1946-12-31
"MEM0312",0.462811299249946,1946-01-01,1946-12-31
"MEM0416",0,1946-01-01,1946-12-31
"MEM0487",1.42168465019144,1946-01-01,1946-12-31
"MEM0258",0,1946-01-01,1946-12-31
"MEM0236",0,1946-01-01,1946-12-31
"MEM0525",0.33710407239819,1946-01-01,1946-12-31
"MEM0240",0,1946-01-01,1946-12-31
"MEM0241",0,1946-01-01,1946-12-31
"MEM0403",0,1946-01-01,1946-12-31
"MEM0468",0,1946-01-01,1946-12-31
"MEM0485",0,1946-01-01,1946-12-31
"MEM0526",0.502173720166799,1946-01-01,1946-12-31
"MEM0254",0,1946-01-01,1946-12-31
"MEM0307",0,1946-01-01,1946-12-31
"MEM0570",0,1946-01-01,1946-12-31
"MEM0336",0,1946-01-01,1946-12-31
"MEM0537",0,1946-01-01,1946-12-31
"MEM0206",0,1946-01-01,1946-12-31
"MEM0545",0,1946-01-01,1946-12-31
"MEM0554",0,1946-01-01,1946-12-31
"MEM0565",0,1946-01-01,1946-12-31
"MEM0167",0,1947-01-01,1947-12-31
"MEM0125",0,1947-01-01,1947-12-31
"MEM0135",0.733571428571428,1947-01-01,1947-12-31
"MEM0156",0,1947-01-01,1947-12-31
"MEM0168",0,1947-01-01,1947-12-31
"MEM0190",0,1947-01-01,1947-12-31
"MEM0214",0.956349206349205,1947-01-01,1947-12-31
"MEM0215",1.0358024691358,1947-01-01,1947-12-31
"MEM0220",0,1947-01-01,1947-12-31
"MEM0225",0,1947-01-01,1947-12-31
"MEM0230",0,1947-01-01,1947-12-31
"MEM0231",0,1947-01-01,1947-12-31
"MEM0068",0,1947-01-01,1947-12-31
"MEM0049",0,1947-01-01,1947-12-31
"MEM0138",0,1947-01-01,1947-12-31
"MEM0164",0,1947-01-01,1947-12-31
"MEM0192",0.131580687830688,1947-01-01,1947-12-31
"MEM0205",0,1947-01-01,1947-12-31
"MEM0210",0,1947-01-01,1947-12-31
"MEM0187",0.131580687830688,1947-01-01,1947-12-31
"MEM0163",0,1947-01-01,1947-12-31
"MEM0146",0,1947-01-01,1947-12-31
"MEM0229",0,1947-01-01,1947-12-31
"MEM0110",0,1947-01-01,1947-12-31
"MEM0505",0.956349206349205,1947-01-01,1947-12-31
"MEM0298",0,1947-01-01,1947-12-31
"MEM0546",0,1947-01-01,1947-12-31
"MEM0438",0,1947-01-01,1947-12-31
"MEM0357",0,1947-01-01,1947-12-31
"MEM0541",0,1947-01-01,1947-12-31
"MEM0239",0,1947-01-01,1947-12-31
"MEM0301",0,1947-01-01,1947-12-31
"MEM0242",0,1947-01-01,1947-12-31
"MEM0363",0,1947-01-01,1947-12-31
"MEM0248",0,1947-01-01,1947-12-31
"MEM0309",0,1947-01-01,1947-12-31
"MEM0307",0,1947-01-01,1947-12-31
"MEM0249",0,1947-01-01,1947-12-31
"MEM0312",3.24074074074074,1947-01-01,1947-12-31
"MEM0313",1.78068783068783,1947-01-01,1947-12-31
"MEM0535",0,1947-01-01,1947-12-31
"MEM0518",0,1947-01-01,1947-12-31
"MEM0416",0,1947-01-01,1947-12-31
"MEM0537",0.22046485260771,1947-01-01,1947-12-31
"MEM0487",2.5605291005291,1947-01-01,1947-12-31
"MEM0258",0,1947-01-01,1947-12-31
"MEM0567",0,1947-01-01,1947-12-31
"MEM0236",0,1947-01-01,1947-12-31
"MEM0358",0,1947-01-01,1947-12-31
"MEM0525",3.52828042328043,1947-01-01,1947-12-31
"MEM0304",0,1947-01-01,1947-12-31
"MEM0477",0,1947-01-01,1947-12-31
"MEM0241",0,1947-01-01,1947-12-31
"MEM0403",0,1947-01-01,1947-12-31
"MEM0468",0,1947-01-01,1947-12-31
"MEM0247",0,1947-01-01,1947-12-31
"MEM0485",0,1947-01-01,1947-12-31
"MEM0543",0,1947-01-01,1947-12-31
"MEM0526",0.534523809523809,1947-01-01,1947-12-31
"MEM0254",0.0238095238095238,1947-01-01,1947-12-31
"MEM0514",0,1947-01-01,1947-12-31
"MEM0570",0,1947-01-01,1947-12-31
"MEM0336",0,1947-01-01,1947-12-31
"MEM0521",0.0625,1947-01-01,1947-12-31
"MEM0554",0.0852891156462585,1947-01-01,1947-12-31
"MEM0206",0,1947-01-01,1947-12-31
"MEM0545",0,1947-01-01,1947-12-31
"MEM0359",0,1947-01-01,1947-12-31
"MEM0565",0,1947-01-01,1947-12-31
"MEM0560",0,1947-01-01,1947-12-31
"MEM0047",0,1948-01-01,1948-12-31
"MEM0068",0.374710144927536,1948-01-01,1948-12-31
"MEM0167",0,1948-01-01,1948-12-31
"MEM0199",0,1948-01-01,1948-12-31
"MEM0048",0,1948-01-01,1948-12-31
"MEM0102",0,1948-01-01,1948-12-31
"MEM0112",0,1948-01-01,1948-12-31
"MEM0125",0.0795683679899181,1948-01-01,1948-12-31
"MEM0135",0.608161519438693,1948-01-01,1948-12-31
"MEM0143",0,1948-01-01,1948-12-31
"MEM0156",0,1948-01-01,1948-12-31
"MEM0165",0,1948-01-01,1948-12-31
"MEM0168",0,1948-01-01,1948-12-31
"MEM0220",0.332336956521739,1948-01-01,1948-12-31
"MEM0225",0,1948-01-01,1948-12-31
"MEM0230",0,1948-01-01,1948-12-31
"MEM0231",0,1948-01-01,1948-12-31
"MEM0016",0,1948-01-01,1948-12-31
"MEM0049",0,1948-01-01,1948-12-31
"MEM0110",0.113190670289855,1948-01-01,1948-12-31
"MEM0215",0.0785075375258799,1948-01-01,1948-12-31
"MEM0008",0,1948-01-01,1948-12-31
"MEM0053",0,1948-01-01,1948-12-31
"MEM0164",0,1948-01-01,1948-12-31
"MEM0205",0,1948-01-01,1948-12-31
"MEM0210",0.346838557138358,1948-01-01,1948-12-31
"MEM0214",0,1948-01-01,1948-12-31
"MEM0044",0.144494328922495,1948-01-01,1948-12-31
"MEM0187",0.332336956521739,1948-01-01,1948-12-31
"MEM0190",0,1948-01-01,1948-12-31
"MEM0192",0,1948-01-01,1948-12-31
"MEM0163",0,1948-01-01,1948-12-31
"MEM0179",0,1948-01-01,1948-12-31
"MEM0206",0,1948-01-01,1948-12-31
"MEM0229",0,1948-01-01,1948-12-31
"MEM0521",0.828979468599033,1948-01-01,1948-12-31
"MEM0469",0,1948-01-01,1948-12-31
"MEM0505",1.61506523114392,1948-01-01,1948-12-31
"MEM0546",0,1948-01-01,1948-12-31
"MEM0438",0,1948-01-01,1948-12-31
"MEM0357",0,1948-01-01,1948-12-31
"MEM0541",0,1948-01-01,1948-12-31
"MEM0239",0,1948-01-01,1948-12-31
"MEM0301",0,1948-01-01,1948-12-31
"MEM0242",0,1948-01-01,1948-12-31
"MEM0363",0,1948-01-01,1948-12-31
"MEM0248",0.563757422504026,1948-01-01,1948-12-31
"MEM0309",0,1948-01-01,1948-12-31
"MEM0307",0,1948-01-01,1948-12-31
"MEM0249",0,1948-01-01,1948-12-31
"MEM0312",0.531694271911662,1948-01-01,1948-12-31
"MEM0313",0.227161961553945,1948-01-01,1948-12-31
"MEM0446",0,1948-01-01,1948-12-31
"MEM0535",0,1948-01-01,1948-12-31
"MEM0416",0,1948-01-01,1948-12-31
"MEM0487",2.07850901280618,1948-01-01,1948-12-31
"MEM0258",0,1948-01-01,1948-12-31
"MEM0567",0,1948-01-01,1948-12-31
"MEM0471",0.890122588135491,1948-01-01,1948-12-31
"MEM0373",0,1948-01-01,1948-12-31
"MEM0236",0,1948-01-01,1948-12-31
"MEM0358",0,1948-01-01,1948-12-31
"MEM0286",0,1948-01-01,1948-12-31
"MEM0525",0.320481707930757,1948-01-01,1948-12-31
"MEM0254",0,1948-01-01,1948-12-31
"MEM0434",0,1948-01-01,1948-12-31
"MEM0417",0,1948-01-01,1948-12-31
"MEM0240",0,1948-01-01,1948-12-31
"MEM0304",0,1948-01-01,1948-12-31
"MEM0477",1.27513220011802,1948-01-01,1948-12-31
"MEM0241",0,1948-01-01,1948-12-31
"MEM0554",0.0626216481131416,1948-01-01,1948-12-31
"MEM0403",0,1948-01-01,1948-12-31
"MEM0334",0,1948-01-01,1948-12-31
"MEM0468",0.360116459627329,1948-01-01,1948-12-31
"MEM0291",0,1948-01-01,1948-12-31
"MEM0247",0.0626216481131416,1948-01-01,1948-12-31
"MEM0485",0.0626216481131416,1948-01-01,1948-12-31
"MEM0537",0.0626216481131416,1948-01-01,1948-12-31
"MEM0543",0,1948-01-01,1948-12-31
"MEM0508",0,1948-01-01,1948-12-31
"MEM0526",0.82663562326842,1948-01-01,1948-12-31
"MEM0353",0,1948-01-01,1948-12-31
"MEM0514",0,1948-01-01,1948-12-31
"MEM0518",0,1948-01-01,1948-12-31
"MEM0560",0,1948-01-01,1948-12-31
"MEM0359",0,1948-01-01,1948-12-31
"MEM0570",0,1948-01-01,1948-12-31
"MEM0474",0,1948-01-01,1948-12-31
"MEM0336",0,1948-01-01,1948-12-31
"MEM0083",0,1948-01-01,1948-12-31
"MEM0528",0,1948-01-01,1948-12-31
"MEM0545",0.0601513975155279,1948-01-01,1948-12-31
"MEM0226",0,1948-01-01,1948-12-31
"MEM0481",0,1948-01-01,1948-12-31
"MEM0565",0,1948-01-01,1948-12-31
"MEM0047",0.000594530321046373,1949-01-01,1949-12-31
"MEM0068",0.523262178434592,1949-01-01,1949-12-31
"MEM0111",0,1949-01-01,1949-12-31
"MEM0167",0,1949-01-01,1949-12-31
"MEM0199",0,1949-01-01,1949-12-31
"MEM0048",0,1949-01-01,1949-12-31
"MEM0102",0,1949-01-01,1949-12-31
"MEM0112",0,1949-01-01,1949-12-31
"MEM0125",0.151322122190137,1949-01-01,1949-12-31
"MEM0135",0.148267554148096,1949-01-01,1949-12-31
"MEM0140",0,1949-01-01,1949-12-31
"MEM0143",0,1949-01-01,1949-12-31
"MEM0156",0,1949-01-01,1949-12-31
"MEM0165",0,1949-01-01,1949-12-31
"MEM0168",0,1949-01-01,1949-12-31
"MEM0188",0,1949-01-01,1949-12-31
"MEM0220",0.240626710454296,1949-01-01,1949-12-31
"MEM0225",0,1949-01-01,1949-12-31
"MEM0230",0,1949-01-01,1949-12-31
"MEM0231",0,1949-01-01,1949-12-31
"MEM0016",0,1949-01-01,1949-12-31
"MEM0049",0,1949-01-01,1949-12-31
"MEM0110",0,1949-01-01,1949-12-31
"MEM0008",0,1949-01-01,1949-12-31
"MEM0053",0,1949-01-01,1949-12-31
"MEM0083",0,1949-01-01,1949-12-31
"MEM0164",0,1949-01-01,1949-12-31
"MEM0205",0,1949-01-01,1949-12-31
"MEM0019",0,1949-01-01,1949-12-31
"MEM0044",0.0995696732914332,1949-01-01,1949-12-31
"MEM0187",0.240626710454296,1949-01-01,1949-12-31
"MEM0190",0,1949-01-01,1949-12-31
"MEM0192",0,1949-01-01,1949-12-31
"MEM0210",0,1949-01-01,1949-12-31
"MEM0114",0,1949-01-01,1949-12-31
"MEM0206",0,1949-01-01,1949-12-31
"MEM0215",0,1949-01-01,1949-12-31
"MEM0163",0,1949-01-01,1949-12-31
"MEM0179",0,1949-01-01,1949-12-31
"MEM0073",0,1949-01-01,1949-12-31
"MEM0521",1.29711189792009,1949-01-01,1949-12-31
"MEM0469",0,1949-01-01,1949-12-31
"MEM0369",0,1949-01-01,1949-12-31
"MEM0505",0.437943862889981,1949-01-01,1949-12-31
"MEM0508",0.0163690476190476,1949-01-01,1949-12-31
"MEM0546",0,1949-01-01,1949-12-31
"MEM0438",0,1949-01-01,1949-12-31
"MEM0357",0,1949-01-01,1949-12-31
"MEM0541",0,1949-01-01,1949-12-31
"MEM0239",0,1949-01-01,1949-12-31
"MEM0301",0,1949-01-01,1949-12-31
"MEM0303",0,1949-01-01,1949-12-31
"MEM0242",0.0837643678160921,1949-01-01,1949-12-31
"MEM0340",0,1949-01-01,1949-12-31
"MEM0309",0.29063685100477,1949-01-01,1949-12-31
"MEM0307",0,1949-01-01,1949-12-31
"MEM0281",0,1949-01-01,1949-12-31
"MEM0249",0,1949-01-01,1949-12-31
"MEM0312",0,1949-01-01,1949-12-31
"MEM0482",0.119934123074517,1949-01-01,1949-12-31
"MEM0313",0.0983806126493405,1949-01-01,1949-12-31
"MEM0446",0,1949-01-01,1949-12-31
"MEM0526",0.987494746461799,1949-01-01,1949-12-31
"MEM0535",0,1949-01-01,1949-12-31
"MEM0485",0.704364346313234,1949-01-01,1949-12-31
"MEM0416",0,1949-01-01,1949-12-31
"MEM0487",0.508722406917583,1949-01-01,1949-12-31
"MEM0258",0,1949-01-01,1949-12-31
"MEM0567",0,1949-01-01,1949-12-31
"MEM0471",0.310256861365236,1949-01-01,1949-12-31
"MEM0373",0,1949-01-01,1949-12-31
"MEM0236",0,1949-01-01,1949-12-31
"MEM0358",0,1949-01-01,1949-12-31
"MEM0359",0,1949-01-01,1949-12-31
"MEM0248",0,1949-01-01,1949-12-31
"MEM0286",0,1949-01-01,1949-12-31
"MEM0525",0.173459478916418,1949-01-01,1949-12-31
"MEM0254",0,1949-01-01,1949-12-31
"MEM0434",0,1949-01-01,1949-12-31
"MEM0417",0,1949-01-01,1949-12-31
"MEM0240",0.00471230158730159,1949-01-01,1949-12-31
"MEM0304",0,1949-01-01,1949-12-31
"MEM0477",0.363251866838689,1949-01-01,1949-12-31
"MEM0241",0,1949-01-01,1949-12-31
"MEM0554",0,1949-01-01,1949-12-31
"MEM0334",0,1949-01-01,1949-12-31
"MEM0468",0.336734693877551,1949-01-01,1949-12-31
"MEM0291",0,1949-01-01,1949-12-31
"MEM0378",0,1949-01-01,1949-12-31
"MEM0247",0,1949-01-01,1949-12-31
"MEM0251",0,1949-01-01,1949-12-31
"MEM0537",0,1949-01-01,1949-12-31
"MEM0543",0,1949-01-01,1949-12-31
"MEM0353",0,1949-01-01,1949-12-31
"MEM0423",0,1949-01-01,1949-12-31
"MEM0514",0,1949-01-01,1949-12-31
"MEM0518",0,1949-01-01,1949-12-31
"MEM0560",0,1949-01-01,1949-12-31
"MEM0388",0,1949-01-01,1949-12-31
"MEM0570",0,1949-01-01,1949-12-31
"MEM0158",0,1949-01-01,1949-12-31
"MEM0474",0,1949-01-01,1949-12-31
"MEM0336",0,1949-01-01,1949-12-31
"MEM0528",0,1949-01-01,1949-12-31
"MEM0226",0,1949-01-01,1949-12-31
"MEM0545",0,1949-01-01,1949-12-31
"MEM0481",0,1949-01-01,1949-12-31
"MEM0565",0,1949-01-01,1949-12-31
"MEM0047",0,1950-01-01,1950-12-31
"MEM0068",0.574482067721899,1950-01-01,1950-12-31
"MEM0111",0,1950-01-01,1950-12-31
"MEM0167",0,1950-01-01,1950-12-31
"MEM0199",0,1950-01-01,1950-12-31
"MEM0027",0,1950-01-01,1950-12-31
"MEM0048",0,1950-01-01,1950-12-31
"MEM0102",0,1950-01-01,1950-12-31
"MEM0101",0,1950-01-01,1950-12-31
"MEM0112",0,1950-01-01,1950-12-31
"MEM0140",0,1950-01-01,1950-12-31
"MEM0143",0,1950-01-01,1950-12-31
"MEM0149",0,1950-01-01,1950-12-31
"MEM0156",0,1950-01-01,1950-12-31
"MEM0165",0,1950-01-01,1950-12-31
"MEM0168",0,1950-01-01,1950-12-31
"MEM0188",0,1950-01-01,1950-12-31
"MEM0220",0.153901834897017,1950-01-01,1950-12-31
"MEM0225",0,1950-01-01,1950-12-31
"MEM0230",0,1950-01-01,1950-12-31
"MEM0008",2.22208294930876,1950-01-01,1950-12-31
"MEM0016",0,1950-01-01,1950-12-31
"MEM0049",0,1950-01-01,1950-12-31
"MEM0110",0,1950-01-01,1950-12-31
"MEM0125",0,1950-01-01,1950-12-31
"MEM0038",2.22853456221198,1950-01-01,1950-12-31
"MEM0053",0.188359821415923,1950-01-01,1950-12-31
"MEM0083",0,1950-01-01,1950-12-31
"MEM0158",0,1950-01-01,1950-12-31
"MEM0019",0,1950-01-01,1950-12-31
"MEM0044",0.141589688105256,1950-01-01,1950-12-31
"MEM0187",0.153901834897017,1950-01-01,1950-12-31
"MEM0190",0,1950-01-01,1950-12-31
"MEM0192",0,1950-01-01,1950-12-31
"MEM0210",0,1950-01-01,1950-12-31
"MEM0214",0,1950-01-01,1950-12-31
"MEM0114",0,1950-01-01,1950-12-31
"MEM0206",0,1950-01-01,1950-12-31
"MEM0163",0,1950-01-01,1950-12-31
"MEM0073",0,1950-01-01,1950-12-31
"MEM0179",0,1950-01-01,1950-12-31
"MEM0521",1.19514484605448,1950-01-01,1950-12-31
"MEM0469",0,1950-01-01,1950-12-31
"MEM0369",0,1950-01-01,1950-12-31
"MEM0471",0.223163201008192,1950-01-01,1950-12-31
"MEM0505",0.0429319441661657,1950-01-01,1950-12-31
"MEM0451",0,1950-01-01,1950-12-31
"MEM0508",0.00809590596406866,1950-01-01,1950-12-31
"MEM0546",0,1950-01-01,1950-12-31
"MEM0438",0,1950-01-01,1950-12-31
"MEM0334",0.0755164737387513,1950-01-01,1950-12-31
"MEM0541",0.0555950388117967,1950-01-01,1950-12-31
"MEM0239",0,1950-01-01,1950-12-31
"MEM0301",0,1950-01-01,1950-12-31
"MEM0303",0,1950-01-01,1950-12-31
"MEM0377",0,1950-01-01,1950-12-31
"MEM0242",0.0195445134575569,1950-01-01,1950-12-31
"MEM0554",0.299691644960929,1950-01-01,1950-12-31
"MEM0340",0,1950-01-01,1950-12-31
"MEM0309",0.308042970099804,1950-01-01,1950-12-31
"MEM0281",0,1950-01-01,1950-12-31
"MEM0249",0,1950-01-01,1950-12-31
"MEM0312",0,1950-01-01,1950-12-31
"MEM0482",0.0796954720517134,1950-01-01,1950-12-31
"MEM0446",0,1950-01-01,1950-12-31
"MEM0526",0.976455719284617,1950-01-01,1950-12-31
"MEM0535",0,1950-01-01,1950-12-31
"MEM0485",0.525289761975597,1950-01-01,1950-12-31
"MEM0416",0,1950-01-01,1950-12-31
"MEM0468",0.58539374308098,1950-01-01,1950-12-31
"MEM0487",0.146615163968468,1950-01-01,1950-12-31
"MEM0388",0,1950-01-01,1950-12-31
"MEM0258",0,1950-01-01,1950-12-31
"MEM0567",0,1950-01-01,1950-12-31
"MEM0373",0,1950-01-01,1950-12-31
"MEM0236",0,1950-01-01,1950-12-31
"MEM0358",0,1950-01-01,1950-12-31
"MEM0510",0,1950-01-01,1950-12-31
"MEM0359",0,1950-01-01,1950-12-31
"MEM0248",0,1950-01-01,1950-12-31
"MEM0286",0,1950-01-01,1950-12-31
"MEM0525",0.0310207083862063,1950-01-01,1950-12-31
"MEM0254",0,1950-01-01,1950-12-31
"MEM0255",0,1950-01-01,1950-12-31
"MEM0537",0,1950-01-01,1950-12-31
"MEM0336",0,1950-01-01,1950-12-31
"MEM0434",0,1950-01-01,1950-12-31
"MEM0240",0.00112201963534362,1950-01-01,1950-12-31
"MEM0313",0.000200360649168503,1950-01-01,1950-12-31
"MEM0378",1.73341080611767,1950-01-01,1950-12-31
"MEM0304",0,1950-01-01,1950-12-31
"MEM0417",0,1950-01-01,1950-12-31
"MEM0477",0.188359821415923,1950-01-01,1950-12-31
"MEM0241",0,1950-01-01,1950-12-31
"MEM0403",0,1950-01-01,1950-12-31
"MEM0291",0,1950-01-01,1950-12-31
"MEM0426",0,1950-01-01,1950-12-31
"MEM0247",0,1950-01-01,1950-12-31
"MEM0251",0,1950-01-01,1950-12-31
"MEM0543",0,1950-01-01,1950-12-31
"MEM0353",0,1950-01-01,1950-12-31
"MEM0423",0,1950-01-01,1950-12-31
"MEM0514",0,1950-01-01,1950-12-31
"MEM0518",0,1950-01-01,1950-12-31
"MEM0560",0,1950-01-01,1950-12-31
"MEM0407",0,1950-01-01,1950-12-31
"MEM0562",0,1950-01-01,1950-12-31
"MEM0570",0,1950-01-01,1950-12-31
"MEM0474",1.33589688105256,1950-01-01,1950-12-31
"MEM0364",0,1950-01-01,1950-12-31
"MEM0528",0,1950-01-01,1950-12-31
"MEM0545",0,1950-01-01,1950-12-31
"MEM0226",0,1950-01-01,1950-12-31
"MEM0418",0,1950-01-01,1950-12-31
"MEM0481",0,1950-01-01,1950-12-31
"MEM0565",0,1950-01-01,1950-12-31
"MEM0431",0,1950-01-01,1950-12-31
"MEM0068",1.96524064171123,1951-01-01,1951-12-31
"MEM0111",0,1951-01-01,1951-12-31
"MEM0199",0,1951-01-01,1951-12-31
"MEM0019",0.948365144391981,1951-01-01,1951-12-31
"MEM0027",0,1951-01-01,1951-12-31
"MEM0048",0,1951-01-01,1951-12-31
"MEM0053",0.0854358370734781,1951-01-01,1951-12-31
"MEM0102",0,1951-01-01,1951-12-31
"MEM0101",0,1951-01-01,1951-12-31
"MEM0140",0,1951-01-01,1951-12-31
"MEM0149",0,1951-01-01,1951-12-31
"MEM0156",0,1951-01-01,1951-12-31
"MEM0165",0,1951-01-01,1951-12-31
"MEM0183",0,1951-01-01,1951-12-31
"MEM0188",0,1951-01-01,1951-12-31
"MEM0220",1.46480774127834,1951-01-01,1951-12-31
"MEM0225",0,1951-01-01,1951-12-31
"MEM0226",0,1951-01-01,1951-12-31
"MEM0008",0,1951-01-01,1951-12-31
"MEM0049",0,1951-01-01,1951-12-31
"MEM0110",0,1951-01-01,1951-12-31
"MEM0112",0,1951-01-01,1951-12-31
"MEM0125",0,1951-01-01,1951-12-31
"MEM0168",0,1951-01-01,1951-12-31
"MEM0083",0,1951-01-01,1951-12-31
"MEM0158",0,1951-01-01,1951-12-31
"MEM0038",0,1951-01-01,1951-12-31
"MEM0094",0,1951-01-01,1951-12-31
"MEM0044",0,1951-01-01,1951-12-31
"MEM0187",0,1951-01-01,1951-12-31
"MEM0190",0,1951-01-01,1951-12-31
"MEM0192",0,1951-01-01,1951-12-31
"MEM0210",0,1951-01-01,1951-12-31
"MEM0114",0,1951-01-01,1951-12-31
"MEM0206",0,1951-01-01,1951-12-31
"MEM0214",0,1951-01-01,1951-12-31
"MEM0163",0,1951-01-01,1951-12-31
"MEM0073",0,1951-01-01,1951-12-31
"MEM0543",0.163309001301961,1951-01-01,1951-12-31
"MEM0469",0.0854358370734781,1951-01-01,1951-12-31
"MEM0369",0,1951-01-01,1951-12-31
"MEM0391",0,1951-01-01,1951-12-31
"MEM0471",0,1951-01-01,1951-12-31
"MEM0505",0.167969612087259,1951-01-01,1951-12-31
"MEM0451",0,1951-01-01,1951-12-31
"MEM0508",0.172513312509682,1951-01-01,1951-12-31
"MEM0546",0.00405313640607758,1951-01-01,1951-12-31
"MEM0373",0,1951-01-01,1951-12-31
"MEM0476",0.163309001301961,1951-01-01,1951-12-31
"MEM0334",1.46491675535793,1951-01-01,1951-12-31
"MEM0541",0.0622109674397257,1951-01-01,1951-12-31
"MEM0239",0,1951-01-01,1951-12-31
"MEM0301",0,1951-01-01,1951-12-31
"MEM0303",0,1951-01-01,1951-12-31
"MEM0377",0,1951-01-01,1951-12-31
"MEM0304",0,1951-01-01,1951-12-31
"MEM0479",0,1951-01-01,1951-12-31
"MEM0360",0,1951-01-01,1951-12-31
"MEM0554",0.163309001301961,1951-01-01,1951-12-31
"MEM0279",0,1951-01-01,1951-12-31
"MEM0481",0,1951-01-01,1951-12-31
"MEM0281",0,1951-01-01,1951-12-31
"MEM0249",0,1951-01-01,1951-12-31
"MEM0312",0.0988056541689759,1951-01-01,1951-12-31
"MEM0482",0.0854358370734781,1951-01-01,1951-12-31
"MEM0446",0,1951-01-01,1951-12-31
"MEM0526",0.965116177107434,1951-01-01,1951-12-31
"MEM0535",0,1951-01-01,1951-12-31
"MEM0413",0.231274102765331,1951-01-01,1951-12-31
"MEM0560",0.163309001301961,1951-01-01,1951-12-31
"MEM0561",0,1951-01-01,1951-12-31
"MEM0485",0.33043755360386,1951-01-01,1951-12-31
"MEM0318",0,1951-01-01,1951-12-31
"MEM0416",0,1951-01-01,1951-12-31
"MEM0468",0.790692052501751,1951-01-01,1951-12-31
"MEM0487",0.200373538916944,1951-01-01,1951-12-31
"MEM0257",0,1951-01-01,1951-12-31
"MEM0388",0,1951-01-01,1951-12-31
"MEM0521",1.59057139173828,1951-01-01,1951-12-31
"MEM0236",0,1951-01-01,1951-12-31
"MEM0372",0,1951-01-01,1951-12-31
"MEM0358",0,1951-01-01,1951-12-31
"MEM0510",0,1951-01-01,1951-12-31
"MEM0359",0,1951-01-01,1951-12-31
"MEM0242",0,1951-01-01,1951-12-31
"MEM0309",0.223192248927543,1951-01-01,1951-12-31
"MEM0286",0.508434464402068,1951-01-01,1951-12-31
"MEM0254",0.12838693971893,1951-01-01,1951-12-31
"MEM0255",0,1951-01-01,1951-12-31
"MEM0537",0.12838693971893,1951-01-01,1951-12-31
"MEM0545",0.00202762923351159,1951-01-01,1951-12-31
"MEM0291",0,1951-01-01,1951-12-31
"MEM0336",0,1951-01-01,1951-12-31
"MEM0434",0,1951-01-01,1951-12-31
"MEM0240",0.00053475935828877,1951-01-01,1951-12-31
"MEM0305",0,1951-01-01,1951-12-31
"MEM0313",0.00897631779984721,1951-01-01,1951-12-31
"MEM0378",1.88707806354866,1951-01-01,1951-12-31
"MEM0340",0,1951-01-01,1951-12-31
"MEM0417",0,1951-01-01,1951-12-31
"MEM0477",0.12838693971893,1951-01-01,1951-12-31
"MEM0403",0,1951-01-01,1951-12-31
"MEM0426",0,1951-01-01,1951-12-31
"MEM0247",0,1951-01-01,1951-12-31
"MEM0251",0,1951-01-01,1951-12-31
"MEM0353",0,1951-01-01,1951-12-31
"MEM0423",0,1951-01-01,1951-12-31
"MEM0518",0,1951-01-01,1951-12-31
"MEM0567",0,1951-01-01,1951-12-31
"MEM0407",0,1951-01-01,1951-12-31
"MEM0562",0,1951-01-01,1951-12-31
"MEM0474",0,1951-01-01,1951-12-31
"MEM0364",0,1951-01-01,1951-12-31
"MEM0528",0,1951-01-01,1951-12-31
"MEM0138",0,1951-01-01,1951-12-31
"MEM0418",0,1951-01-01,1951-12-31
"MEM0525",0.00897631779984721,1951-01-01,1951-12-31
"MEM0516",0,1951-01-01,1951-12-31
"MEM0565",0,1951-01-01,1951-12-31
"MEM0431",0,1951-01-01,1951-12-31
"MEM0068",0.00636381025195041,1952-01-01,1952-12-31
"MEM0111",0,1952-01-01,1952-12-31
"MEM0199",0,1952-01-01,1952-12-31
"MEM0229",0,1952-01-01,1952-12-31
"MEM0019",0.0853334003650637,1952-01-01,1952-12-31
"MEM0026",0,1952-01-01,1952-12-31
"MEM0027",0,1952-01-01,1952-12-31
"MEM0048",0,1952-01-01,1952-12-31
"MEM0053",0.0330460923211108,1952-01-01,1952-12-31
"MEM0076",0,1952-01-01,1952-12-31
"MEM0082",0,1952-01-01,1952-12-31
"MEM0085",0,1952-01-01,1952-12-31
"MEM0102",0,1952-01-01,1952-12-31
"MEM0101",0,1952-01-01,1952-12-31
"MEM0114",0.143401857386707,1952-01-01,1952-12-31
"MEM0140",0,1952-01-01,1952-12-31
"MEM0149",0,1952-01-01,1952-12-31
"MEM0156",0,1952-01-01,1952-12-31
"MEM0165",0,1952-01-01,1952-12-31
"MEM0183",0,1952-01-01,1952-12-31
"MEM0188",0,1952-01-01,1952-12-31
"MEM0225",0,1952-01-01,1952-12-31
"MEM0226",0,1952-01-01,1952-12-31
"MEM0047",0,1952-01-01,1952-12-31
"MEM0008",0,1952-01-01,1952-12-31
"MEM0049",0,1952-01-01,1952-12-31
"MEM0110",0,1952-01-01,1952-12-31
"MEM0112",0,1952-01-01,1952-12-31
"MEM0168",0,1952-01-01,1952-12-31
"MEM0083",0,1952-01-01,1952-12-31
"MEM0125",0.02,1952-01-01,1952-12-31
"MEM0158",0.02,1952-01-01,1952-12-31
"MEM0094",0,1952-01-01,1952-12-31
"MEM0044",0,1952-01-01,1952-12-31
"MEM0187",0,1952-01-01,1952-12-31
"MEM0190",0,1952-01-01,1952-12-31
"MEM0192",0,1952-01-01,1952-12-31
"MEM0210",0.171698484198483,1952-01-01,1952-12-31
"MEM0206",0,1952-01-01,1952-12-31
"MEM0214",0,1952-01-01,1952-12-31
"MEM0163",0,1952-01-01,1952-12-31
"MEM0146",0,1952-01-01,1952-12-31
"MEM0073",0,1952-01-01,1952-12-31
"MEM0353",0.0811219408052297,1952-01-01,1952-12-31
"MEM0504",0,1952-01-01,1952-12-31
"MEM0543",0.067617511226056,1952-01-01,1952-12-31
"MEM0469",0.0330460923211108,1952-01-01,1952-12-31
"MEM0369",0,1952-01-01,1952-12-31
"MEM0391",0,1952-01-01,1952-12-31
"MEM0471",0,1952-01-01,1952-12-31
"MEM0261",0,1952-01-01,1952-12-31
"MEM0505",0.0222625134787297,1952-01-01,1952-12-31
"MEM0450",0,1952-01-01,1952-12-31
"MEM0451",0,1952-01-01,1952-12-31
"MEM0546",0.00345692420087607,1952-01-01,1952-12-31
"MEM0373",0,1952-01-01,1952-12-31
"MEM0476",0.067617511226056,1952-01-01,1952-12-31
"MEM0334",0.141350283646421,1952-01-01,1952-12-31
"MEM0477",0.143401857386707,1952-01-01,1952-12-31
"MEM0541",0.0267810527614449,1952-01-01,1952-12-31
"MEM0239",0,1952-01-01,1952-12-31
"MEM0511",0,1952-01-01,1952-12-31
"MEM0375",0,1952-01-01,1952-12-31
"MEM0301",0,1952-01-01,1952-12-31
"MEM0303",0,1952-01-01,1952-12-31
"MEM0377",0,1952-01-01,1952-12-31
"MEM0304",0,1952-01-01,1952-12-31
"MEM0351",0,1952-01-01,1952-12-31
"MEM0403",0,1952-01-01,1952-12-31
"MEM0479",0,1952-01-01,1952-12-31
"MEM0360",0,1952-01-01,1952-12-31
"MEM0554",0.067617511226056,1952-01-01,1952-12-31
"MEM0279",0,1952-01-01,1952-12-31
"MEM0247",0.0545892419106707,1952-01-01,1952-12-31
"MEM0523",0,1952-01-01,1952-12-31
"MEM0407",0,1952-01-01,1952-12-31
"MEM0481",0,1952-01-01,1952-12-31
"MEM0281",0,1952-01-01,1952-12-31
"MEM0482",0.0330460923211108,1952-01-01,1952-12-31
"MEM0364",0,1952-01-01,1952-12-31
"MEM0446",0,1952-01-01,1952-12-31
"MEM0526",0.0954751622575617,1952-01-01,1952-12-31
"MEM0535",0,1952-01-01,1952-12-31
"MEM0413",0.0055447339231123,1952-01-01,1952-12-31
"MEM0560",0.0911521683321418,1952-01-01,1952-12-31
"MEM0561",0,1952-01-01,1952-12-31
"MEM0485",0.143401857386707,1952-01-01,1952-12-31
"MEM0318",0.0211255272879923,1952-01-01,1952-12-31
"MEM0416",0,1952-01-01,1952-12-31
"MEM0468",0.0857676054272831,1952-01-01,1952-12-31
"MEM0487",0.0330460923211108,1952-01-01,1952-12-31
"MEM0257",0,1952-01-01,1952-12-31
"MEM0388",0,1952-01-01,1952-12-31
"MEM0521",0.178242092737656,1952-01-01,1952-12-31
"MEM0236",0,1952-01-01,1952-12-31
"MEM0322",0,1952-01-01,1952-12-31
"MEM0372",0,1952-01-01,1952-12-31
"MEM0358",0,1952-01-01,1952-12-31
"MEM0510",0,1952-01-01,1952-12-31
"MEM0240",0.00500262166928834,1952-01-01,1952-12-31
"MEM0242",0,1952-01-01,1952-12-31
"MEM0309",0.0446661227053383,1952-01-01,1952-12-31
"MEM0254",0.0545892419106707,1952-01-01,1952-12-31
"MEM0545",0.0567179270943179,1952-01-01,1952-12-31
"MEM0508",0.179158447309962,1952-01-01,1952-12-31
"MEM0291",0.0545892419106707,1952-01-01,1952-12-31
"MEM0359",0,1952-01-01,1952-12-31
"MEM0336",0,1952-01-01,1952-12-31
"MEM0426",0,1952-01-01,1952-12-31
"MEM0312",0,1952-01-01,1952-12-31
"MEM0286",0,1952-01-01,1952-12-31
"MEM0255",0,1952-01-01,1952-12-31
"MEM0434",0,1952-01-01,1952-12-31
"MEM0537",0.00500262166928834,1952-01-01,1952-12-31
"MEM0305",0,1952-01-01,1952-12-31
"MEM0313",0.00206349206349206,1952-01-01,1952-12-31
"MEM0378",0.884942084942086,1952-01-01,1952-12-31
"MEM0549",0,1952-01-01,1952-12-31
"MEM0340",0,1952-01-01,1952-12-31
"MEM0417",0,1952-01-01,1952-12-31
"MEM0311",0,1952-01-01,1952-12-31
"MEM0348",0,1952-01-01,1952-12-31
"MEM0251",0,1952-01-01,1952-12-31
"MEM0517",0,1952-01-01,1952-12-31
"MEM0483",0,1952-01-01,1952-12-31
"MEM0423",0,1952-01-01,1952-12-31
"MEM0518",0,1952-01-01,1952-12-31
"MEM0516",0,1952-01-01,1952-12-31
"MEM0465",0,1952-01-01,1952-12-31
"MEM0567",0,1952-01-01,1952-12-31
"MEM0432",0,1952-01-01,1952-12-31
"MEM0562",0,1952-01-01,1952-12-31
"MEM0474",0.04,1952-01-01,1952-12-31
"MEM0393",0,1952-01-01,1952-12-31
"MEM0528",0,1952-01-01,1952-12-31
"MEM0138",0,1952-01-01,1952-12-31
"MEM0248",0,1952-01-01,1952-12-31
"MEM0220",0,1952-01-01,1952-12-31
"MEM0418",0,1952-01-01,1952-12-31
"MEM0565",0,1952-01-01,1952-12-31
"MEM0525",0.00206349206349206,1952-01-01,1952-12-31
"MEM0431",0,1952-01-01,1952-12-31
"MEM0068",1.13012614625518,1953-01-01,1953-12-31
"MEM0111",0,1953-01-01,1953-12-31
"MEM0229",0,1953-01-01,1953-12-31
"MEM0008",0.0159781377803752,1953-01-01,1953-12-31
"MEM0012",0,1953-01-01,1953-12-31
"MEM0019",0.0429294137585603,1953-01-01,1953-12-31
"MEM0026",0,1953-01-01,1953-12-31
"MEM0027",0,1953-01-01,1953-12-31
"MEM0042",0,1953-01-01,1953-12-31
"MEM0048",0,1953-01-01,1953-12-31
"MEM0053",0.0464526533286699,1953-01-01,1953-12-31
"MEM0073",0.0251951808178178,1953-01-01,1953-12-31
"MEM0076",0,1953-01-01,1953-12-31
"MEM0082",0,1953-01-01,1953-12-31
"MEM0085",0,1953-01-01,1953-12-31
"MEM0102",0,1953-01-01,1953-12-31
"MEM0101",0,1953-01-01,1953-12-31
"MEM0114",0.083074635912135,1953-01-01,1953-12-31
"MEM0140",0,1953-01-01,1953-12-31
"MEM0188",0.069893663678896,1953-01-01,1953-12-31
"MEM0225",0,1953-01-01,1953-12-31
"MEM0226",0,1953-01-01,1953-12-31
"MEM0049",0,1953-01-01,1953-12-31
"MEM0110",0,1953-01-01,1953-12-31
"MEM0112",0,1953-01-01,1953-12-31
"MEM0168",0,1953-01-01,1953-12-31
"MEM0220",0.104166666666667,1953-01-01,1953-12-31
"MEM0083",0,1953-01-01,1953-12-31
"MEM0158",0.00347222222222222,1953-01-01,1953-12-31
"MEM0094",0,1953-01-01,1953-12-31
"MEM0044",0,1953-01-01,1953-12-31
"MEM0125",0,1953-01-01,1953-12-31
"MEM0187",0,1953-01-01,1953-12-31
"MEM0190",0,1953-01-01,1953-12-31
"MEM0192",0,1953-01-01,1953-12-31
"MEM0210",0.0316692594856683,1953-01-01,1953-12-31
"MEM0206",0,1953-01-01,1953-12-31
"MEM0163",0,1953-01-01,1953-12-31
"MEM0146",8.50340136054422e-05,1953-01-01,1953-12-31
"MEM0504",0,1953-01-01,1953-12-31
"MEM0543",0.083074635912135,1953-01-01,1953-12-31
"MEM0469",0.0464526533286699,1953-01-01,1953-12-31
"MEM0369",0,1953-01-01,1953-12-31
"MEM0391",0.00921818954349879,1953-01-01,1953-12-31
"MEM0471",0,1953-01-01,1953-12-31
"MEM0261",0,1953-01-01,1953-12-31
"MEM0505",0.0979905624004279,1953-01-01,1953-12-31
"MEM0450",0,1953-01-01,1953-12-31
"MEM0451",0,1953-01-01,1953-12-31
"MEM0373",0,1953-01-01,1953-12-31
"MEM0476",0.0251951808178178,1953-01-01,1953-12-31
"MEM0334",0.737825988259891,1953-01-01,1953-12-31
"MEM0477",0.083074635912135,1953-01-01,1953-12-31
"MEM0453",0,1953-01-01,1953-12-31
"MEM0541",0.0315042092231032,1953-01-01,1953-12-31
"MEM0239",0,1953-01-01,1953-12-31
"MEM0511",0,1953-01-01,1953-12-31
"MEM0375",0,1953-01-01,1953-12-31
"MEM0301",0,1953-01-01,1953-12-31
"MEM0303",0,1953-01-01,1953-12-31
"MEM0377",0,1953-01-01,1953-12-31
"MEM0401",0,1953-01-01,1953-12-31
"MEM0304",0,1953-01-01,1953-12-31
"MEM0351",0,1953-01-01,1953-12-31
"MEM0403",0,1953-01-01,1953-12-31
"MEM0479",0.0156247715092913,1953-01-01,1953-12-31
"MEM0360",0,1953-01-01,1953-12-31
"MEM0554",0.1134203893833,1953-01-01,1953-12-31
"MEM0279",0,1953-01-01,1953-12-31
"MEM0247",0,1953-01-01,1953-12-31
"MEM0523",0,1953-01-01,1953-12-31
"MEM0407",0,1953-01-01,1953-12-31
"MEM0481",0,1953-01-01,1953-12-31
"MEM0281",0,1953-01-01,1953-12-31
"MEM0482",0.0464526533286699,1953-01-01,1953-12-31
"MEM0364",0,1953-01-01,1953-12-31
"MEM0446",0,1953-01-01,1953-12-31
"MEM0526",1.30672010750403,1953-01-01,1953-12-31
"MEM0413",0.0900225121174672,1953-01-01,1953-12-31
"MEM0528",0.108326463685465,1953-01-01,1953-12-31
"MEM0483",0.0251951808178178,1953-01-01,1953-12-31
"MEM0560",0.0623926347686537,1953-01-01,1953-12-31
"MEM0561",0,1953-01-01,1953-12-31
"MEM0529",0.0115740740740741,1953-01-01,1953-12-31
"MEM0485",0.083074635912135,1953-01-01,1953-12-31
"MEM0318",0.0115607336124414,1953-01-01,1953-12-31
"MEM0468",0.422360097020238,1953-01-01,1953-12-31
"MEM0487",0.0464526533286699,1953-01-01,1953-12-31
"MEM0257",0,1953-01-01,1953-12-31
"MEM0388",0,1953-01-01,1953-12-31
"MEM0353",0,1953-01-01,1953-12-31
"MEM0521",0.0863796807241017,1953-01-01,1953-12-31
"MEM0236",0,1953-01-01,1953-12-31
"MEM0322",0,1953-01-01,1953-12-31
"MEM0372",0,1953-01-01,1953-12-31
"MEM0358",0,1953-01-01,1953-12-31
"MEM0510",0,1953-01-01,1953-12-31
"MEM0240",0.00230169832910123,1953-01-01,1953-12-31
"MEM0242",0,1953-01-01,1953-12-31
"MEM0363",0,1953-01-01,1953-12-31
"MEM0309",0.00194589295820196,1953-01-01,1953-12-31
"MEM0313",0.0298844735821755,1953-01-01,1953-12-31
"MEM0254",0.0373074416243386,1953-01-01,1953-12-31
"MEM0416",0,1953-01-01,1953-12-31
"MEM0545",0.0156247715092913,1953-01-01,1953-12-31
"MEM0508",0.119654134699501,1953-01-01,1953-12-31
"MEM0291",0.0373074416243386,1953-01-01,1953-12-31
"MEM0359",0,1953-01-01,1953-12-31
"MEM0336",0,1953-01-01,1953-12-31
"MEM0426",0,1953-01-01,1953-12-31
"MEM0312",0,1953-01-01,1953-12-31
"MEM0286",0,1953-01-01,1953-12-31
"MEM0255",0,1953-01-01,1953-12-31
"MEM0434",0,1953-01-01,1953-12-31
"MEM0537",0.00230169832910123,1953-01-01,1953-12-31
"MEM0305",0,1953-01-01,1953-12-31
"MEM0474",0.0115740740740741,1953-01-01,1953-12-31
"MEM0378",0,1953-01-01,1953-12-31
"MEM0251",0.0373074416243386,1953-01-01,1953-12-31
"MEM0400",0.829753335618425,1953-01-01,1953-12-31
"MEM0248",0,1953-01-01,1953-12-31
"MEM0340",0,1953-01-01,1953-12-31
"MEM0417",0.00921818954349879,1953-01-01,1953-12-31
"MEM0327",0,1953-01-01,1953-12-31
"MEM0462",0,1953-01-01,1953-12-31
"MEM0549",0,1953-01-01,1953-12-31
"MEM0559",0,1953-01-01,1953-12-31
"MEM0311",0,1953-01-01,1953-12-31
"MEM0348",0,1953-01-01,1953-12-31
"MEM0517",0,1953-01-01,1953-12-31
"MEM0183",0,1953-01-01,1953-12-31
"MEM0423",0,1953-01-01,1953-12-31
"MEM0516",0,1953-01-01,1953-12-31
"MEM0525",0.0001998001998002,1953-01-01,1953-12-31
"MEM0567",0,1953-01-01,1953-12-31
"MEM0465",0,1953-01-01,1953-12-31
"MEM0546",0,1953-01-01,1953-12-31
"MEM0432",0,1953-01-01,1953-12-31
"MEM0562",0.0497685185185185,1953-01-01,1953-12-31
"MEM0393",0,1953-01-01,1953-12-31
"MEM0138",0,1953-01-01,1953-12-31
"MEM0565",0,1953-01-01,1953-12-31
"MEM0431",0,1953-01-01,1953-12-31
"MEM0068",2.36294244970717,1954-01-01,1954-12-31
"MEM0111",0,1954-01-01,1954-12-31
"MEM0229",0,1954-01-01,1954-12-31
"MEM0008",0.0408913416354377,1954-01-01,1954-12-31
"MEM0012",0,1954-01-01,1954-12-31
"MEM0019",0.563575809638498,1954-01-01,1954-12-31
"MEM0026",0,1954-01-01,1954-12-31
"MEM0027",0,1954-01-01,1954-12-31
"MEM0042",0,1954-01-01,1954-12-31
"MEM0048",0,1954-01-01,1954-12-31
"MEM0053",0.119045969918956,1954-01-01,1954-12-31
"MEM0073",0.114514152644137,1954-01-01,1954-12-31
"MEM0076",0,1954-01-01,1954-12-31
"MEM0082",0,1954-01-01,1954-12-31
"MEM0085",0,1954-01-01,1954-12-31
"MEM0096",0,1954-01-01,1954-12-31
"MEM0102",0,1954-01-01,1954-12-31
"MEM0101",0,1954-01-01,1954-12-31
"MEM0114",0.119045969918956,1954-01-01,1954-12-31
"MEM0130",0,1954-01-01,1954-12-31
"MEM0151",0,1954-01-01,1954-12-31
"MEM0180",0,1954-01-01,1954-12-31
"MEM0218",0,1954-01-01,1954-12-31
"MEM0225",0,1954-01-01,1954-12-31
"MEM0167",0,1954-01-01,1954-12-31
"MEM0049",0,1954-01-01,1954-12-31
"MEM0112",0,1954-01-01,1954-12-31
"MEM0140",0,1954-01-01,1954-12-31
"MEM0168",0,1954-01-01,1954-12-31
"MEM0188",0,1954-01-01,1954-12-31
"MEM0226",0,1954-01-01,1954-12-31
"MEM0004",0,1954-01-01,1954-12-31
"MEM0016",0,1954-01-01,1954-12-31
"MEM0083",0,1954-01-01,1954-12-31
"MEM0094",0,1954-01-01,1954-12-31
"MEM0199",0,1954-01-01,1954-12-31
"MEM0044",0.0975878798489092,1954-01-01,1954-12-31
"MEM0125",0,1954-01-01,1954-12-31
"MEM0158",0,1954-01-01,1954-12-31
"MEM0190",0,1954-01-01,1954-12-31
"MEM0210",0.0640567904240368,1954-01-01,1954-12-31
"MEM0163",0,1954-01-01,1954-12-31
"MEM0220",0,1954-01-01,1954-12-31
"MEM0146",0.000148544266191325,1954-01-01,1954-12-31
"MEM0297",0,1954-01-01,1954-12-31
"MEM0504",0,1954-01-01,1954-12-31
"MEM0543",0.119045969918956,1954-01-01,1954-12-31
"MEM0469",0.119045969918956,1954-01-01,1954-12-31
"MEM0369",0,1954-01-01,1954-12-31
"MEM0391",0.0262144848080843,1954-01-01,1954-12-31
"MEM0471",0.00752363501026603,1954-01-01,1954-12-31
"MEM0261",0,1954-01-01,1954-12-31
"MEM0505",0.191406317499729,1954-01-01,1954-12-31
"MEM0393",0,1954-01-01,1954-12-31
"MEM0450",0,1954-01-01,1954-12-31
"MEM0472",0,1954-01-01,1954-12-31
"MEM0451",0,1954-01-01,1954-12-31
"MEM0373",0,1954-01-01,1954-12-31
"MEM0476",0.114514152644137,1954-01-01,1954-12-31
"MEM0300",0,1954-01-01,1954-12-31
"MEM0441",0,1954-01-01,1954-12-31
"MEM0477",0.311909472853146,1954-01-01,1954-12-31
"MEM0453",0,1954-01-01,1954-12-31
"MEM0541",0.0387693794028816,1954-01-01,1954-12-31
"MEM0239",0,1954-01-01,1954-12-31
"MEM0511",0,1954-01-01,1954-12-31
"MEM0375",0,1954-01-01,1954-12-31
"MEM0301",2.27705755029287,1954-01-01,1954-12-31
"MEM0303",0,1954-01-01,1954-12-31
"MEM0377",0,1954-01-01,1954-12-31
"MEM0401",0.310614548849842,1954-01-01,1954-12-31
"MEM0304",0,1954-01-01,1954-12-31
"MEM0351",2.18448433919022,1954-01-01,1954-12-31
"MEM0403",0,1954-01-01,1954-12-31
"MEM0479",0.191406317499729,1954-01-01,1954-12-31
"MEM0360",0,1954-01-01,1954-12-31
"MEM0279",0,1954-01-01,1954-12-31
"MEM0407",0,1954-01-01,1954-12-31
"MEM0426",0.903122259004611,1954-01-01,1954-12-31
"MEM0481",0,1954-01-01,1954-12-31
"MEM0281",0,1954-01-01,1954-12-31
"MEM0482",0.119045969918956,1954-01-01,1954-12-31
"MEM0364",0,1954-01-01,1954-12-31
"MEM0251",1.55905162874814,1954-01-01,1954-12-31
"MEM0526",2.78943775845012,1954-01-01,1954-12-31
"MEM0413",0.212818251267449,1954-01-01,1954-12-31
"MEM0483",0.114514152644137,1954-01-01,1954-12-31
"MEM0560",0.183080563165564,1954-01-01,1954-12-31
"MEM0561",0.0975878798489092,1954-01-01,1954-12-31
"MEM0529",0.037037037037037,1954-01-01,1954-12-31
"MEM0485",0.311909472853146,1954-01-01,1954-12-31
"MEM0318",0.036282439610613,1954-01-01,1954-12-31
"MEM0468",1.66317105938838,1954-01-01,1954-12-31
"MEM0256",0,1954-01-01,1954-12-31
"MEM0487",0.119045969918956,1954-01-01,1954-12-31
"MEM0257",0,1954-01-01,1954-12-31
"MEM0388",0,1954-01-01,1954-12-31
"MEM0367",0,1954-01-01,1954-12-31
"MEM0353",0,1954-01-01,1954-12-31
"MEM0236",0,1954-01-01,1954-12-31
"MEM0334",0.114514152644137,1954-01-01,1954-12-31
"MEM0322",0,1954-01-01,1954-12-31
"MEM0372",0,1954-01-01,1954-12-31
"MEM0358",0,1954-01-01,1954-12-31
"MEM0510",0,1954-01-01,1954-12-31
"MEM0240",0.0199538355287018,1954-01-01,1954-12-31
"MEM0242",0,1954-01-01,1954-12-31
"MEM0554",0.0782605772944006,1954-01-01,1954-12-31
"MEM0309",0.00957463327518464,1954-01-01,1954-12-31
"MEM0313",0.0544118290107595,1954-01-01,1954-12-31
"MEM0254",2.64465262505374,1954-01-01,1954-12-31
"MEM0528",0,1954-01-01,1954-12-31
"MEM0416",0,1954-01-01,1954-12-31
"MEM0545",0,1954-01-01,1954-12-31
"MEM0508",0.169736314927483,1954-01-01,1954-12-31
"MEM0291",0.160351631929172,1954-01-01,1954-12-31
"MEM0359",0,1954-01-01,1954-12-31
"MEM0336",0,1954-01-01,1954-12-31
"MEM0312",0,1954-01-01,1954-12-31
"MEM0286",0,1954-01-01,1954-12-31
"MEM0255",0,1954-01-01,1954-12-31
"MEM0434",0,1954-01-01,1954-12-31
"MEM0378",0,1954-01-01,1954-12-31
"MEM0534",0,1954-01-01,1954-12-31
"MEM0305",0,1954-01-01,1954-12-31
"MEM0537",0,1954-01-01,1954-12-31
"MEM0474",0.037037037037037,1954-01-01,1954-12-31
"MEM0521",0.261336329588993,1954-01-01,1954-12-31
"MEM0400",1.04325609031492,1954-01-01,1954-12-31
"MEM0248",0,1954-01-01,1954-12-31
"MEM0340",0,1954-01-01,1954-12-31
"MEM0417",0.0262144848080843,1954-01-01,1954-12-31
"MEM0327",0,1954-01-01,1954-12-31
"MEM0462",0,1954-01-01,1954-12-31
"MEM0549",0,1954-01-01,1954-12-31
"MEM0559",0,1954-01-01,1954-12-31
"MEM0311",0,1954-01-01,1954-12-31
"MEM0348",0,1954-01-01,1954-12-31
"MEM0268",0,1954-01-01,1954-12-31
"MEM0517",0,1954-01-01,1954-12-31
"MEM0183",0,1954-01-01,1954-12-31
"MEM0423",0,1954-01-01,1954-12-31
"MEM0516",0,1954-01-01,1954-12-31
"MEM0525",0.00021043771043771,1954-01-01,1954-12-31
"MEM0567",0,1954-01-01,1954-12-31
"MEM0523",0,1954-01-01,1954-12-31
"MEM0546",0,1954-01-01,1954-12-31
"MEM0465",0,1954-01-01,1954-12-31
"MEM0432",0,1954-01-01,1954-12-31
"MEM0138",0,1954-01-01,1954-12-31
"MEM0562",0.0493827160493827,1954-01-01,1954-12-31
"MEM0565",0,1954-01-01,1954-12-31
"MEM0363",0,1954-01-01,1954-12-31
"MEM0068",0.889838383838375,1955-01-01,1955-12-31
"MEM0111",0,1955-01-01,1955-12-31
"MEM0229",0.0695813879932435,1955-01-01,1955-12-31
"MEM0008",0.00539101355110127,1955-01-01,1955-12-31
"MEM0009",0,1955-01-01,1955-12-31
"MEM0012",0,1955-01-01,1955-12-31
"MEM0019",0.227146901518613,1955-01-01,1955-12-31
"MEM0026",0,1955-01-01,1955-12-31
"MEM0027",0,1955-01-01,1955-12-31
"MEM0042",0.0695813879932435,1955-01-01,1955-12-31
"MEM0048",0,1955-01-01,1955-12-31
"MEM0053",0.170055989826591,1955-01-01,1955-12-31
"MEM0073",0.0580551684086901,1955-01-01,1955-12-31
"MEM0076",0.0953816404788628,1955-01-01,1955-12-31
"MEM0082",0.0495663714203057,1955-01-01,1955-12-31
"MEM0085",0,1955-01-01,1955-12-31
"MEM0089",0,1955-01-01,1955-12-31
"MEM0096",0,1955-01-01,1955-12-31
"MEM0102",0,1955-01-01,1955-12-31
"MEM0101",0,1955-01-01,1955-12-31
"MEM0114",0.314791118895054,1955-01-01,1955-12-31
"MEM0130",0,1955-01-01,1955-12-31
"MEM0151",0,1955-01-01,1955-12-31
"MEM0180",0,1955-01-01,1955-12-31
"MEM0183",0,1955-01-01,1955-12-31
"MEM0218",0,1955-01-01,1955-12-31
"MEM0225",0,1955-01-01,1955-12-31
"MEM0167",0,1955-01-01,1955-12-31
"MEM0004",0.0322978454933087,1955-01-01,1955-12-31
"MEM0049",0,1955-01-01,1955-12-31
"MEM0110",0,1955-01-01,1955-12-31
"MEM0112",0,1955-01-01,1955-12-31
"MEM0168",0,1955-01-01,1955-12-31
"MEM0016",0,1955-01-01,1955-12-31
"MEM0083",0,1955-01-01,1955-12-31
"MEM0094",0,1955-01-01,1955-12-31
"MEM0199",0,1955-01-01,1955-12-31
"MEM0125",0,1955-01-01,1955-12-31
"MEM0135",0,1955-01-01,1955-12-31
"MEM0158",0,1955-01-01,1955-12-31
"MEM0190",0,1955-01-01,1955-12-31
"MEM0210",0.0476842027315995,1955-01-01,1955-12-31
"MEM0163",0,1955-01-01,1955-12-31
"MEM0220",0,1955-01-01,1955-12-31
"MEM0146",0,1955-01-01,1955-12-31
"MEM0297",0.0495663714203057,1955-01-01,1955-12-31
"MEM0504",0,1955-01-01,1955-12-31
"MEM0543",0.159023020615629,1955-01-01,1955-12-31
"MEM0469",0.0495663714203057,1955-01-01,1955-12-31
"MEM0369",0,1955-01-01,1955-12-31
"MEM0391",0.0265665928878414,1955-01-01,1955-12-31
"MEM0261",0,1955-01-01,1955-12-31
"MEM0505",0.0768807038700718,1955-01-01,1955-12-31
"MEM0393",0,1955-01-01,1955-12-31
"MEM0472",0,1955-01-01,1955-12-31
"MEM0451",0,1955-01-01,1955-12-31
"MEM0373",0,1955-01-01,1955-12-31
"MEM0476",0.0993418909454129,1955-01-01,1955-12-31
"MEM0300",0,1955-01-01,1955-12-31
"MEM0441",0,1955-01-01,1955-12-31
"MEM0477",0.190714815539748,1955-01-01,1955-12-31
"MEM0238",0,1955-01-01,1955-12-31
"MEM0453",0,1955-01-01,1955-12-31
"MEM0541",0.000338915470494418,1955-01-01,1955-12-31
"MEM0239",0,1955-01-01,1955-12-31
"MEM0511",0,1955-01-01,1955-12-31
"MEM0375",0,1955-01-01,1955-12-31
"MEM0301",1.85875420875427,1955-01-01,1955-12-31
"MEM0401",0.00336535899708083,1955-01-01,1955-12-31
"MEM0304",0,1955-01-01,1955-12-31
"MEM0351",1.92868686868687,1955-01-01,1955-12-31
"MEM0479",0.0768807038700718,1955-01-01,1955-12-31
"MEM0360",0,1955-01-01,1955-12-31
"MEM0279",0,1955-01-01,1955-12-31
"MEM0407",0,1955-01-01,1955-12-31
"MEM0426",0.0929068847818849,1955-01-01,1955-12-31
"MEM0481",0,1955-01-01,1955-12-31
"MEM0348",0,1955-01-01,1955-12-31
"MEM0281",0,1955-01-01,1955-12-31
"MEM0482",0.0495663714203057,1955-01-01,1955-12-31
"MEM0364",0,1955-01-01,1955-12-31
"MEM0251",1.78110182670579,1955-01-01,1955-12-31
"MEM0410",0,1955-01-01,1955-12-31
"MEM0413",0.0134193666621795,1955-01-01,1955-12-31
"MEM0315",0,1955-01-01,1955-12-31
"MEM0483",0.0580551684086901,1955-01-01,1955-12-31
"MEM0560",0.0506593714927048,1955-01-01,1955-12-31
"MEM0462",0.0165289256198347,1955-01-01,1955-12-31
"MEM0529",0.0165289256198347,1955-01-01,1955-12-31
"MEM0485",0.190714815539748,1955-01-01,1955-12-31
"MEM0318",0.00361861763376915,1955-01-01,1955-12-31
"MEM0468",0.182679355699687,1955-01-01,1955-12-31
"MEM0256",0,1955-01-01,1955-12-31
"MEM0487",0.0495663714203057,1955-01-01,1955-12-31
"MEM0257",0,1955-01-01,1955-12-31
"MEM0367",0,1955-01-01,1955-12-31
"MEM0353",0,1955-01-01,1955-12-31
"MEM0236",0,1955-01-01,1955-12-31
"MEM0334",0.218552207801483,1955-01-01,1955-12-31
"MEM0322",0,1955-01-01,1955-12-31
"MEM0372",0,1955-01-01,1955-12-31
"MEM0358",0,1955-01-01,1955-12-31
"MEM0242",0,1955-01-01,1955-12-31
"MEM0554",0.190140361444746,1955-01-01,1955-12-31
"MEM0309",0.00750987204134779,1955-01-01,1955-12-31
"MEM0313",0.0186634082826766,1955-01-01,1955-12-31
"MEM0516",0,1955-01-01,1955-12-31
"MEM0528",0.119718013468013,1955-01-01,1955-12-31
"MEM0416",0.54220707070707,1955-01-01,1955-12-31
"MEM0471",0.0061888332590087,1955-01-01,1955-12-31
"MEM0508",1.06455121990516,1955-01-01,1955-12-31
"MEM0291",0.118176696611811,1955-01-01,1955-12-31
"MEM0359",0,1955-01-01,1955-12-31
"MEM0336",0,1955-01-01,1955-12-31
"MEM0240",0,1955-01-01,1955-12-31
"MEM0312",0.0061888332590087,1955-01-01,1955-12-31
"MEM0286",0,1955-01-01,1955-12-31
"MEM0254",2.03052749719423,1955-01-01,1955-12-31
"MEM0255",0,1955-01-01,1955-12-31
"MEM0434",0,1955-01-01,1955-12-31
"MEM0546",0,1955-01-01,1955-12-31
"MEM0378",0,1955-01-01,1955-12-31
"MEM0534",0.0216107966107966,1955-01-01,1955-12-31
"MEM0305",0,1955-01-01,1955-12-31
"MEM0526",0.449314628667235,1955-01-01,1955-12-31
"MEM0537",0,1955-01-01,1955-12-31
"MEM0474",0.0165289256198347,1955-01-01,1955-12-31
"MEM0258",0,1955-01-01,1955-12-31
"MEM0400",0.014868887700211,1955-01-01,1955-12-31
"MEM0248",0,1955-01-01,1955-12-31
"MEM0340",0,1955-01-01,1955-12-31
"MEM0417",0.0265665928878414,1955-01-01,1955-12-31
"MEM0521",0.0495663714203057,1955-01-01,1955-12-31
"MEM0327",0,1955-01-01,1955-12-31
"MEM0545",0,1955-01-01,1955-12-31
"MEM0549",0,1955-01-01,1955-12-31
"MEM0559",0,1955-01-01,1955-12-31
"MEM0311",0,1955-01-01,1955-12-31
"MEM0548",0,1955-01-01,1955-12-31
"MEM0501",0,1955-01-01,1955-12-31
"MEM0268",0,1955-01-01,1955-12-31
"MEM0517",0.212268582994137,1955-01-01,1955-12-31
"MEM0314",0,1955-01-01,1955-12-31
"MEM0423",0,1955-01-01,1955-12-31
"MEM0572",0,1955-01-01,1955-12-31
"MEM0525",0.000244872972145699,1955-01-01,1955-12-31
"MEM0567",0,1955-01-01,1955-12-31
"MEM0523",0,1955-01-01,1955-12-31
"MEM0465",0,1955-01-01,1955-12-31
"MEM0165",0,1955-01-01,1955-12-31
"MEM0432",0,1955-01-01,1955-12-31
"MEM0138",0,1955-01-01,1955-12-31
"MEM0562",0.0413223140495868,1955-01-01,1955-12-31
"MEM0565",0,1955-01-01,1955-12-31
"MEM0363",0,1955-01-01,1955-12-31
"MEM0068",0.0326607956777173,1956-01-01,1956-12-31
"MEM0111",0.010176404230048,1956-01-01,1956-12-31
"MEM0153",0,1956-01-01,1956-12-31
"MEM0229",0.226664115193565,1956-01-01,1956-12-31
"MEM0008",0.138995960015295,1956-01-01,1956-12-31
"MEM0009",0,1956-01-01,1956-12-31
"MEM0012",0,1956-01-01,1956-12-31
"MEM0019",0.412500002048009,1956-01-01,1956-12-31
"MEM0026",0,1956-01-01,1956-12-31
"MEM0027",0,1956-01-01,1956-12-31
"MEM0042",0.202661794834482,1956-01-01,1956-12-31
"MEM0048",0,1956-01-01,1956-12-31
"MEM0062",0,1956-01-01,1956-12-31
"MEM0073",0.0527645314797785,1956-01-01,1956-12-31
"MEM0082",0.256134554985965,1956-01-01,1956-12-31
"MEM0085",0,1956-01-01,1956-12-31
"MEM0089",0,1956-01-01,1956-12-31
"MEM0096",0,1956-01-01,1956-12-31
"MEM0102",0,1956-01-01,1956-12-31
"MEM0101",0.122533297521936,1956-01-01,1956-12-31
"MEM0114",0.184996886038789,1956-01-01,1956-12-31
"MEM0130",0.0486954637854341,1956-01-01,1956-12-31
"MEM0141",0,1956-01-01,1956-12-31
"MEM0148",0,1956-01-01,1956-12-31
"MEM0149",0,1956-01-01,1956-12-31
"MEM0151",0,1956-01-01,1956-12-31
"MEM0180",0,1956-01-01,1956-12-31
"MEM0191",0,1956-01-01,1956-12-31
"MEM0218",0,1956-01-01,1956-12-31
"MEM0225",0,1956-01-01,1956-12-31
"MEM0228",0,1956-01-01,1956-12-31
"MEM0167",0,1956-01-01,1956-12-31
"MEM0004",0.0715371363946748,1956-01-01,1956-12-31
"MEM0049",0,1956-01-01,1956-12-31
"MEM0053",0.0520247389142609,1956-01-01,1956-12-31
"MEM0168",0.0683859264747112,1956-01-01,1956-12-31
"MEM0226",0,1956-01-01,1956-12-31
"MEM0016",0,1956-01-01,1956-12-31
"MEM0076",0,1956-01-01,1956-12-31
"MEM0083",0.12465037693746,1956-01-01,1956-12-31
"MEM0140",0.00108745435186915,1956-01-01,1956-12-31
"MEM0165",0,1956-01-01,1956-12-31
"MEM0094",0,1956-01-01,1956-12-31
"MEM0117",0,1956-01-01,1956-12-31
"MEM0135",0,1956-01-01,1956-12-31
"MEM0158",0,1956-01-01,1956-12-31
"MEM0187",0.00895971457833302,1956-01-01,1956-12-31
"MEM0190",0.0164177269466308,1956-01-01,1956-12-31
"MEM0210",0.0891499959120532,1956-01-01,1956-12-31
"MEM0199",0,1956-01-01,1956-12-31
"MEM0163",0,1956-01-01,1956-12-31
"MEM0206",0,1956-01-01,1956-12-31
"MEM0220",0.226784454877226,1956-01-01,1956-12-31
"MEM0146",0.000320924261874198,1956-01-01,1956-12-31
"MEM0179",0.259611091582589,1956-01-01,1956-12-31
"MEM0260",0,1956-01-01,1956-12-31
"MEM0297",0.0683859264747112,1956-01-01,1956-12-31
"MEM0504",0,1956-01-01,1956-12-31
"MEM0469",0.132757483464943,1956-01-01,1956-12-31
"MEM0369",0,1956-01-01,1956-12-31
"MEM0391",0.0230336937032603,1956-01-01,1956-12-31
"MEM0261",0,1956-01-01,1956-12-31
"MEM0505",0.0816660483542655,1956-01-01,1956-12-31
"MEM0393",0,1956-01-01,1956-12-31
"MEM0472",0,1956-01-01,1956-12-31
"MEM0451",0,1956-01-01,1956-12-31
"MEM0373",0,1956-01-01,1956-12-31
"MEM0476",0.0754319835991604,1956-01-01,1956-12-31
"MEM0300",0,1956-01-01,1956-12-31
"MEM0441",0,1956-01-01,1956-12-31
"MEM0477",0.199765622374056,1956-01-01,1956-12-31
"MEM0238",0,1956-01-01,1956-12-31
"MEM0419",0,1956-01-01,1956-12-31
"MEM0239",0,1956-01-01,1956-12-31
"MEM0511",0,1956-01-01,1956-12-31
"MEM0375",0,1956-01-01,1956-12-31
"MEM0301",0.00328947368421053,1956-01-01,1956-12-31
"MEM0401",0.170992729122713,1956-01-01,1956-12-31
"MEM0351",0.525138452578792,1956-01-01,1956-12-31
"MEM0479",0.0816660483542655,1956-01-01,1956-12-31
"MEM0360",0,1956-01-01,1956-12-31
"MEM0362",0,1956-01-01,1956-12-31
"MEM0268",0,1956-01-01,1956-12-31
"MEM0279",0,1956-01-01,1956-12-31
"MEM0407",0,1956-01-01,1956-12-31
"MEM0426",0.0865577470450841,1956-01-01,1956-12-31
"MEM0311",0.000293114238117954,1956-01-01,1956-12-31
"MEM0481",0,1956-01-01,1956-12-31
"MEM0348",0.0114005583199645,1956-01-01,1956-12-31
"MEM0281",0,1956-01-01,1956-12-31
"MEM0482",0.0683859264747112,1956-01-01,1956-12-31
"MEM0364",0,1956-01-01,1956-12-31
"MEM0251",1.2347446326119,1956-01-01,1956-12-31
"MEM0410",0,1956-01-01,1956-12-31
"MEM0315",0,1956-01-01,1956-12-31
"MEM0483",0.199765622374056,1956-01-01,1956-12-31
"MEM0462",1.16834833364259,1956-01-01,1956-12-31
"MEM0529",0.0118343195266272,1956-01-01,1956-12-31
"MEM0485",0.199765622374056,1956-01-01,1956-12-31
"MEM0318",0,1956-01-01,1956-12-31
"MEM0468",0.108071391828887,1956-01-01,1956-12-31
"MEM0256",0,1956-01-01,1956-12-31
"MEM0487",0.0683859264747112,1956-01-01,1956-12-31
"MEM0257",0.0399715990343575,1956-01-01,1956-12-31
"MEM0367",0,1956-01-01,1956-12-31
"MEM0353",0,1956-01-01,1956-12-31
"MEM0543",0.622626745800383,1956-01-01,1956-12-31
"MEM0438",0,1956-01-01,1956-12-31
"MEM0236",0,1956-01-01,1956-12-31
"MEM0262",0,1956-01-01,1956-12-31
"MEM0322",0,1956-01-01,1956-12-31
"MEM0372",0,1956-01-01,1956-12-31
"MEM0358",0.00149919950755787,1956-01-01,1956-12-31
"MEM0554",0.275677651409045,1956-01-01,1956-12-31
"MEM0309",0.00970853835931359,1956-01-01,1956-12-31
"MEM0313",0.0073171562189866,1956-01-01,1956-12-31
"MEM0449",0,1956-01-01,1956-12-31
"MEM0516",0,1956-01-01,1956-12-31
"MEM0471",0.0048965417893145,1956-01-01,1956-12-31
"MEM0508",1.01842678626603,1956-01-01,1956-12-31
"MEM0334",0.0230336937032603,1956-01-01,1956-12-31
"MEM0359",0,1956-01-01,1956-12-31
"MEM0336",0,1956-01-01,1956-12-31
"MEM0240",0,1956-01-01,1956-12-31
"MEM0378",1.91153326543225,1956-01-01,1956-12-31
"MEM0312",0.012968593592119,1956-01-01,1956-12-31
"MEM0286",0.0413994628563426,1956-01-01,1956-12-31
"MEM0254",0.0904611235693785,1956-01-01,1956-12-31
"MEM0415",0,1956-01-01,1956-12-31
"MEM0255",0,1956-01-01,1956-12-31
"MEM0416",0.234276165904503,1956-01-01,1956-12-31
"MEM0434",0,1956-01-01,1956-12-31
"MEM0546",0.379043686590068,1956-01-01,1956-12-31
"MEM0291",0.10567231572167,1956-01-01,1956-12-31
"MEM0534",0.0114005583199645,1956-01-01,1956-12-31
"MEM0305",0,1956-01-01,1956-12-31
"MEM0314",0.0133957921333088,1956-01-01,1956-12-31
"MEM0526",0.204242464650033,1956-01-01,1956-12-31
"MEM0537",0,1956-01-01,1956-12-31
"MEM0258",0,1956-01-01,1956-12-31
"MEM0400",0.278569718481253,1956-01-01,1956-12-31
"MEM0304",0,1956-01-01,1956-12-31
"MEM0248",0,1956-01-01,1956-12-31
"MEM0340",0,1956-01-01,1956-12-31
"MEM0417",0.0230336937032603,1956-01-01,1956-12-31
"MEM0521",0.0683859264747112,1956-01-01,1956-12-31
"MEM0474",0,1956-01-01,1956-12-31
"MEM0327",0,1956-01-01,1956-12-31
"MEM0545",0.379043686590068,1956-01-01,1956-12-31
"MEM0549",0,1956-01-01,1956-12-31
"MEM0559",0,1956-01-01,1956-12-31
"MEM0548",0,1956-01-01,1956-12-31
"MEM0242",0,1956-01-01,1956-12-31
"MEM0501",0,1956-01-01,1956-12-31
"MEM0517",0.0356314153796049,1956-01-01,1956-12-31
"MEM0565",0,1956-01-01,1956-12-31
"MEM0572",0,1956-01-01,1956-12-31
"MEM0525",0.000229891327105193,1956-01-01,1956-12-31
"MEM0567",0,1956-01-01,1956-12-31
"MEM0523",0,1956-01-01,1956-12-31
"MEM0561",0,1956-01-01,1956-12-31
"MEM0465",0,1956-01-01,1956-12-31
"MEM0307",0,1956-01-01,1956-12-31
"MEM0432",0,1956-01-01,1956-12-31
"MEM0235",0,1956-01-01,1956-12-31
"MEM0423",0,1956-01-01,1956-12-31
"MEM0562",0.000739644970414201,1956-01-01,1956-12-31
"MEM0538",0,1956-01-01,1956-12-31
"MEM0453",0,1956-01-01,1956-12-31
"MEM0528",0,1956-01-01,1956-12-31
"MEM0560",0,1956-01-01,1956-12-31
"MEM0363",0,1956-01-01,1956-12-31
"MEM0068",0.378335263420789,1957-01-01,1957-12-31
"MEM0111",0.0277083333333333,1957-01-01,1957-12-31
"MEM0153",0,1957-01-01,1957-12-31
"MEM0008",0.0262494128818734,1957-01-01,1957-12-31
"MEM0009",0.928036468464635,1957-01-01,1957-12-31
"MEM0012",0,1957-01-01,1957-12-31
"MEM0026",0,1957-01-01,1957-12-31
"MEM0027",0,1957-01-01,1957-12-31
"MEM0062",0,1957-01-01,1957-12-31
"MEM0073",0,1957-01-01,1957-12-31
"MEM0089",0,1957-01-01,1957-12-31
"MEM0096",0,1957-01-01,1957-12-31
"MEM0102",0,1957-01-01,1957-12-31
"MEM0114",0.748577325155271,1957-01-01,1957-12-31
"MEM0117",0,1957-01-01,1957-12-31
"MEM0141",0,1957-01-01,1957-12-31
"MEM0148",0,1957-01-01,1957-12-31
"MEM0149",0,1957-01-01,1957-12-31
"MEM0151",0,1957-01-01,1957-12-31
"MEM0154",0,1957-01-01,1957-12-31
"MEM0180",0,1957-01-01,1957-12-31
"MEM0191",0,1957-01-01,1957-12-31
"MEM0201",0,1957-01-01,1957-12-31
"MEM0218",0,1957-01-01,1957-12-31
"MEM0225",0,1957-01-01,1957-12-31
"MEM0167",0,1957-01-01,1957-12-31
"MEM0004",0.03000571997447,1957-01-01,1957-12-31
"MEM0019",0.252705381272278,1957-01-01,1957-12-31
"MEM0042",0.286423725636737,1957-01-01,1957-12-31
"MEM0049",0,1957-01-01,1957-12-31
"MEM0053",0.0578969696969697,1957-01-01,1957-12-31
"MEM0082",0.157396324253093,1957-01-01,1957-12-31
"MEM0101",0,1957-01-01,1957-12-31
"MEM0129",0,1957-01-01,1957-12-31
"MEM0130",0,1957-01-01,1957-12-31
"MEM0168",0.173119517338085,1957-01-01,1957-12-31
"MEM0229",0.476750763515238,1957-01-01,1957-12-31
"MEM0016",0,1957-01-01,1957-12-31
"MEM0076",0,1957-01-01,1957-12-31
"MEM0083",0.501729797979799,1957-01-01,1957-12-31
"MEM0165",0,1957-01-01,1957-12-31
"MEM0220",0.672913393191171,1957-01-01,1957-12-31
"MEM0231",0,1957-01-01,1957-12-31
"MEM0135",0,1957-01-01,1957-12-31
"MEM0140",0,1957-01-01,1957-12-31
"MEM0158",0,1957-01-01,1957-12-31
"MEM0187",0.161380471380471,1957-01-01,1957-12-31
"MEM0190",0,1957-01-01,1957-12-31
"MEM0210",0.0747772727272728,1957-01-01,1957-12-31
"MEM0226",0,1957-01-01,1957-12-31
"MEM0199",0,1957-01-01,1957-12-31
"MEM0125",0,1957-01-01,1957-12-31
"MEM0163",0,1957-01-01,1957-12-31
"MEM0206",0.161380471380471,1957-01-01,1957-12-31
"MEM0146",0.000133333333333333,1957-01-01,1957-12-31
"MEM0214",0,1957-01-01,1957-12-31
"MEM0179",0.672913393191171,1957-01-01,1957-12-31
"MEM0260",0,1957-01-01,1957-12-31
"MEM0297",0.173119517338085,1957-01-01,1957-12-31
"MEM0504",0,1957-01-01,1957-12-31
"MEM0369",0,1957-01-01,1957-12-31
"MEM0391",0.0262494128818734,1957-01-01,1957-12-31
"MEM0544",0,1957-01-01,1957-12-31
"MEM0261",0,1957-01-01,1957-12-31
"MEM0505",0.0656242424242424,1957-01-01,1957-12-31
"MEM0320",0,1957-01-01,1957-12-31
"MEM0472",0,1957-01-01,1957-12-31
"MEM0476",0,1957-01-01,1957-12-31
"MEM0300",0,1957-01-01,1957-12-31
"MEM0441",0,1957-01-01,1957-12-31
"MEM0477",0.619071891352961,1957-01-01,1957-12-31
"MEM0238",0,1957-01-01,1957-12-31
"MEM0478",0,1957-01-01,1957-12-31
"MEM0419",0,1957-01-01,1957-12-31
"MEM0239",0,1957-01-01,1957-12-31
"MEM0511",0,1957-01-01,1957-12-31
"MEM0375",0,1957-01-01,1957-12-31
"MEM0301",0.0025,1957-01-01,1957-12-31
"MEM0401",0.064072121680562,1957-01-01,1957-12-31
"MEM0351",1.8589457070707,1957-01-01,1957-12-31
"MEM0327",0,1957-01-01,1957-12-31
"MEM0533",0,1957-01-01,1957-12-31
"MEM0268",0,1957-01-01,1957-12-31
"MEM0381",5.84795321637427e-05,1957-01-01,1957-12-31
"MEM0407",0,1957-01-01,1957-12-31
"MEM0426",0.137711715367965,1957-01-01,1957-12-31
"MEM0481",0,1957-01-01,1957-12-31
"MEM0348",0,1957-01-01,1957-12-31
"MEM0281",0,1957-01-01,1957-12-31
"MEM0428",0.292947470559253,1957-01-01,1957-12-31
"MEM0482",0.173119517338085,1957-01-01,1957-12-31
"MEM0364",0,1957-01-01,1957-12-31
"MEM0251",1.22397290345969,1957-01-01,1957-12-31
"MEM0410",0,1957-01-01,1957-12-31
"MEM0517",1.19517261190895,1957-01-01,1957-12-31
"MEM0315",0,1957-01-01,1957-12-31
"MEM0483",0.173119517338085,1957-01-01,1957-12-31
"MEM0462",2.39314136812302,1957-01-01,1957-12-31
"MEM0529",0.0714376600590891,1957-01-01,1957-12-31
"MEM0485",0.531843400515092,1957-01-01,1957-12-31
"MEM0318",0.0107022607022607,1957-01-01,1957-12-31
"MEM0256",0,1957-01-01,1957-12-31
"MEM0487",0.173119517338085,1957-01-01,1957-12-31
"MEM0367",0,1957-01-01,1957-12-31
"MEM0353",0,1957-01-01,1957-12-31
"MEM0543",1.11116746406309,1957-01-01,1957-12-31
"MEM0469",0.0578969696969697,1957-01-01,1957-12-31
"MEM0397",0,1957-01-01,1957-12-31
"MEM0438",0,1957-01-01,1957-12-31
"MEM0236",0,1957-01-01,1957-12-31
"MEM0262",0,1957-01-01,1957-12-31
"MEM0372",0,1957-01-01,1957-12-31
"MEM0358",0.000416666666666667,1957-01-01,1957-12-31
"MEM0309",0.0546576674298432,1957-01-01,1957-12-31
"MEM0313",0.0100001299778996,1957-01-01,1957-12-31
"MEM0449",0,1957-01-01,1957-12-31
"MEM0538",0,1957-01-01,1957-12-31
"MEM0257",0,1957-01-01,1957-12-31
"MEM0471",2.25691919191918,1957-01-01,1957-12-31
"MEM0508",2.07039898989899,1957-01-01,1957-12-31
"MEM0334",0.0262494128818734,1957-01-01,1957-12-31
"MEM0322",0,1957-01-01,1957-12-31
"MEM0359",0,1957-01-01,1957-12-31
"MEM0336",0,1957-01-01,1957-12-31
"MEM0240",0,1957-01-01,1957-12-31
"MEM0378",2.6371811868687,1957-01-01,1957-12-31
"MEM0312",0.0595359262718555,1957-01-01,1957-12-31
"MEM0286",0.188076599326599,1957-01-01,1957-12-31
"MEM0254",0.12543244949495,1957-01-01,1957-12-31
"MEM0413",0,1957-01-01,1957-12-31
"MEM0415",0,1957-01-01,1957-12-31
"MEM0546",0.771502997685602,1957-01-01,1957-12-31
"MEM0357",0,1957-01-01,1957-12-31
"MEM0291",0,1957-01-01,1957-12-31
"MEM0534",0.0205068918350168,1957-01-01,1957-12-31
"MEM0305",0,1957-01-01,1957-12-31
"MEM0362",0.0925730580399542,1957-01-01,1957-12-31
"MEM0249",0,1957-01-01,1957-12-31
"MEM0525",0.00104340785023522,1957-01-01,1957-12-31
"MEM0314",0,1957-01-01,1957-12-31
"MEM0526",0,1957-01-01,1957-12-31
"MEM0537",0,1957-01-01,1957-12-31
"MEM0510",0,1957-01-01,1957-12-31
"MEM0242",0,1957-01-01,1957-12-31
"MEM0258",0.672913393191171,1957-01-01,1957-12-31
"MEM0400",0.114423356288213,1957-01-01,1957-12-31
"MEM0304",0,1957-01-01,1957-12-31
"MEM0417",0.0297904981962205,1957-01-01,1957-12-31
"MEM0521",0.173119517338085,1957-01-01,1957-12-31
"MEM0474",0,1957-01-01,1957-12-31
"MEM0545",0.799161078493683,1957-01-01,1957-12-31
"MEM0506",0,1957-01-01,1957-12-31
"MEM0549",1.1284595959596,1957-01-01,1957-12-31
"MEM0479",0,1957-01-01,1957-12-31
"MEM0405",0,1957-01-01,1957-12-31
"MEM0484",0.0294530423280423,1957-01-01,1957-12-31
"MEM0416",0.128766651477178,1957-01-01,1957-12-31
"MEM0565",0,1957-01-01,1957-12-31
"MEM0554",0.173357575757576,1957-01-01,1957-12-31
"MEM0567",0,1957-01-01,1957-12-31
"MEM0465",0,1957-01-01,1957-12-31
"MEM0468",0,1957-01-01,1957-12-31
"MEM0307",0,1957-01-01,1957-12-31
"MEM0432",0,1957-01-01,1957-12-31
"MEM0559",0,1957-01-01,1957-12-31
"MEM0235",0,1957-01-01,1957-12-31
"MEM0561",0,1957-01-01,1957-12-31
"MEM0435",0,1957-01-01,1957-12-31
"MEM0423",0,1957-01-01,1957-12-31
"MEM0562",0,1957-01-01,1957-12-31
"MEM0523",0,1957-01-01,1957-12-31
"MEM0528",0,1957-01-01,1957-12-31
"MEM0311",0,1957-01-01,1957-12-31
"MEM0535",0,1957-01-01,1957-12-31
"MEM0564",0,1957-01-01,1957-12-31
"MEM0363",0,1957-01-01,1957-12-31
"MEM0560",0,1957-01-01,1957-12-31
"MEM0068",0.0218680607174009,1958-01-01,1958-12-31
"MEM0111",1.66165264490387,1958-01-01,1958-12-31
"MEM0153",0,1958-01-01,1958-12-31
"MEM0008",0.0231013376632568,1958-01-01,1958-12-31
"MEM0009",0.692576998060384,1958-01-01,1958-12-31
"MEM0012",0,1958-01-01,1958-12-31
"MEM0026",0,1958-01-01,1958-12-31
"MEM0027",0,1958-01-01,1958-12-31
"MEM0029",0,1958-01-01,1958-12-31
"MEM0062",0,1958-01-01,1958-12-31
"MEM0073",0,1958-01-01,1958-12-31
"MEM0075",0,1958-01-01,1958-12-31
"MEM0089",0.176596636198802,1958-01-01,1958-12-31
"MEM0096",0,1958-01-01,1958-12-31
"MEM0102",0,1958-01-01,1958-12-31
"MEM0117",0,1958-01-01,1958-12-31
"MEM0132",0,1958-01-01,1958-12-31
"MEM0141",0,1958-01-01,1958-12-31
"MEM0148",0,1958-01-01,1958-12-31
"MEM0149",0,1958-01-01,1958-12-31
"MEM0151",0,1958-01-01,1958-12-31
"MEM0154",0,1958-01-01,1958-12-31
"MEM0180",0,1958-01-01,1958-12-31
"MEM0182",0,1958-01-01,1958-12-31
"MEM0191",0,1958-01-01,1958-12-31
"MEM0201",0,1958-01-01,1958-12-31
"MEM0218",0,1958-01-01,1958-12-31
"MEM0225",0,1958-01-01,1958-12-31
"MEM0004",0.019909740616989,1958-01-01,1958-12-31
"MEM0042",0.150796208753803,1958-01-01,1958-12-31
"MEM0049",0,1958-01-01,1958-12-31
"MEM0053",0.049410223605961,1958-01-01,1958-12-31
"MEM0066",0,1958-01-01,1958-12-31
"MEM0082",0.093513508132908,1958-01-01,1958-12-31
"MEM0101",0,1958-01-01,1958-12-31
"MEM0114",0.528057074466697,1958-01-01,1958-12-31
"MEM0129",0,1958-01-01,1958-12-31
"MEM0130",0,1958-01-01,1958-12-31
"MEM0133",0,1958-01-01,1958-12-31
"MEM0168",0.276263739752452,1958-01-01,1958-12-31
"MEM0016",0,1958-01-01,1958-12-31
"MEM0076",0,1958-01-01,1958-12-31
"MEM0083",0.508500125741505,1958-01-01,1958-12-31
"MEM0165",0,1958-01-01,1958-12-31
"MEM0220",0.1695375286391,1958-01-01,1958-12-31
"MEM0231",0,1958-01-01,1958-12-31
"MEM0229",1.9228149097869,1958-01-01,1958-12-31
"MEM0135",0,1958-01-01,1958-12-31
"MEM0158",0,1958-01-01,1958-12-31
"MEM0187",0.135072502129152,1958-01-01,1958-12-31
"MEM0190",0,1958-01-01,1958-12-31
"MEM0210",0.0697024707954255,1958-01-01,1958-12-31
"MEM0048",0,1958-01-01,1958-12-31
"MEM0138",0,1958-01-01,1958-12-31
"MEM0226",0,1958-01-01,1958-12-31
"MEM0199",0,1958-01-01,1958-12-31
"MEM0019",0,1958-01-01,1958-12-31
"MEM0163",0,1958-01-01,1958-12-31
"MEM0206",0.135072502129152,1958-01-01,1958-12-31
"MEM0125",0,1958-01-01,1958-12-31
"MEM0146",0.00018385732671447,1958-01-01,1958-12-31
"MEM0214",0,1958-01-01,1958-12-31
"MEM0179",0.1695375286391,1958-01-01,1958-12-31
"MEM0260",0,1958-01-01,1958-12-31
"MEM0297",0.276263739752452,1958-01-01,1958-12-31
"MEM0369",0,1958-01-01,1958-12-31
"MEM0391",0.0231013376632568,1958-01-01,1958-12-31
"MEM0544",0,1958-01-01,1958-12-31
"MEM0545",0.674436478638563,1958-01-01,1958-12-31
"MEM0261",0,1958-01-01,1958-12-31
"MEM0505",0.0377326530274595,1958-01-01,1958-12-31
"MEM0320",0,1958-01-01,1958-12-31
"MEM0472",0,1958-01-01,1958-12-31
"MEM0476",0,1958-01-01,1958-12-31
"MEM0322",0.102035575794131,1958-01-01,1958-12-31
"MEM0300",0,1958-01-01,1958-12-31
"MEM0441",0,1958-01-01,1958-12-31
"MEM0238",0,1958-01-01,1958-12-31
"MEM0442",0,1958-01-01,1958-12-31
"MEM0478",0,1958-01-01,1958-12-31
"MEM0419",3.65737692926633e-05,1958-01-01,1958-12-31
"MEM0239",0,1958-01-01,1958-12-31
"MEM0301",0,1958-01-01,1958-12-31
"MEM0401",0.0248607059446561,1958-01-01,1958-12-31
"MEM0327",0.053175789371647,1958-01-01,1958-12-31
"MEM0533",0,1958-01-01,1958-12-31
"MEM0534",0.976320624390179,1958-01-01,1958-12-31
"MEM0268",0,1958-01-01,1958-12-31
"MEM0381",0,1958-01-01,1958-12-31
"MEM0426",0.152274414182008,1958-01-01,1958-12-31
"MEM0481",0,1958-01-01,1958-12-31
"MEM0348",0,1958-01-01,1958-12-31
"MEM0409",0,1958-01-01,1958-12-31
"MEM0281",0,1958-01-01,1958-12-31
"MEM0428",0.166596376644949,1958-01-01,1958-12-31
"MEM0515",0,1958-01-01,1958-12-31
"MEM0482",0.276263739752452,1958-01-01,1958-12-31
"MEM0364",0,1958-01-01,1958-12-31
"MEM0251",0.52553854429153,1958-01-01,1958-12-31
"MEM0410",0,1958-01-01,1958-12-31
"MEM0517",1.69852156752677,1958-01-01,1958-12-31
"MEM0315",0,1958-01-01,1958-12-31
"MEM0462",0.858678709014778,1958-01-01,1958-12-31
"MEM0529",0.0702024080267905,1958-01-01,1958-12-31
"MEM0485",0.276263739752452,1958-01-01,1958-12-31
"MEM0318",0,1958-01-01,1958-12-31
"MEM0256",0,1958-01-01,1958-12-31
"MEM0487",0.276263739752452,1958-01-01,1958-12-31
"MEM0367",0,1958-01-01,1958-12-31
"MEM0353",0,1958-01-01,1958-12-31
"MEM0543",0.417998758374493,1958-01-01,1958-12-31
"MEM0469",0.049410223605961,1958-01-01,1958-12-31
"MEM0396",0,1958-01-01,1958-12-31
"MEM0397",0,1958-01-01,1958-12-31
"MEM0438",0,1958-01-01,1958-12-31
"MEM0236",0,1958-01-01,1958-12-31
"MEM0262",0,1958-01-01,1958-12-31
"MEM0399",0,1958-01-01,1958-12-31
"MEM0372",0,1958-01-01,1958-12-31
"MEM0358",0.00244200531792392,1958-01-01,1958-12-31
"MEM0309",0.928883966401897,1958-01-01,1958-12-31
"MEM0313",0.337439788722141,1958-01-01,1958-12-31
"MEM0449",0,1958-01-01,1958-12-31
"MEM0538",0,1958-01-01,1958-12-31
"MEM0257",0,1958-01-01,1958-12-31
"MEM0471",0.144599716118767,1958-01-01,1958-12-31
"MEM0508",1.27071407018232,1958-01-01,1958-12-31
"MEM0510",0.358738702129507,1958-01-01,1958-12-31
"MEM0359",0,1958-01-01,1958-12-31
"MEM0336",0,1958-01-01,1958-12-31
"MEM0378",2.69228986199431,1958-01-01,1958-12-31
"MEM0312",0.0470849418638524,1958-01-01,1958-12-31
"MEM0286",1.01511133465157,1958-01-01,1958-12-31
"MEM0254",0,1958-01-01,1958-12-31
"MEM0413",0,1958-01-01,1958-12-31
"MEM0415",0,1958-01-01,1958-12-31
"MEM0334",0.0231013376632568,1958-01-01,1958-12-31
"MEM0357",0,1958-01-01,1958-12-31
"MEM0291",0,1958-01-01,1958-12-31
"MEM0240",0,1958-01-01,1958-12-31
"MEM0362",0.208836591478074,1958-01-01,1958-12-31
"MEM0249",0,1958-01-01,1958-12-31
"MEM0525",0.0388540134286947,1958-01-01,1958-12-31
"MEM0314",0,1958-01-01,1958-12-31
"MEM0526",0,1958-01-01,1958-12-31
"MEM0537",0,1958-01-01,1958-12-31
"MEM0546",0.219671685423162,1958-01-01,1958-12-31
"MEM0242",0,1958-01-01,1958-12-31
"MEM0258",0.1695375286391,1958-01-01,1958-12-31
"MEM0400",0.169199728293356,1958-01-01,1958-12-31
"MEM0304",0,1958-01-01,1958-12-31
"MEM0417",0.0271061064463507,1958-01-01,1958-12-31
"MEM0521",0.276263739752452,1958-01-01,1958-12-31
"MEM0474",0,1958-01-01,1958-12-31
"MEM0506",0,1958-01-01,1958-12-31
"MEM0477",0.230972028430413,1958-01-01,1958-12-31
"MEM0479",0,1958-01-01,1958-12-31
"MEM0405",0,1958-01-01,1958-12-31
"MEM0484",0.101378030372515,1958-01-01,1958-12-31
"MEM0351",0,1958-01-01,1958-12-31
"MEM0307",1.18064616673636,1958-01-01,1958-12-31
"MEM0501",0,1958-01-01,1958-12-31
"MEM0416",0.0128966568791607,1958-01-01,1958-12-31
"MEM0167",0,1958-01-01,1958-12-31
"MEM0565",0,1958-01-01,1958-12-31
"MEM0554",0.147771027501096,1958-01-01,1958-12-31
"MEM0567",0,1958-01-01,1958-12-31
"MEM0465",0,1958-01-01,1958-12-31
"MEM0468",0,1958-01-01,1958-12-31
"MEM0407",0,1958-01-01,1958-12-31
"MEM0235",0,1958-01-01,1958-12-31
"MEM0435",0,1958-01-01,1958-12-31
"MEM0559",0,1958-01-01,1958-12-31
"MEM0375",0,1958-01-01,1958-12-31
"MEM0423",0,1958-01-01,1958-12-31
"MEM0562",0,1958-01-01,1958-12-31
"MEM0549",0,1958-01-01,1958-12-31
"MEM0527",0,1958-01-01,1958-12-31
"MEM0528",0,1958-01-01,1958-12-31
"MEM0311",0,1958-01-01,1958-12-31
"MEM0535",0,1958-01-01,1958-12-31
"MEM0564",0,1958-01-01,1958-12-31
"MEM0363",0,1958-01-01,1958-12-31
"MEM0021",0,1959-01-01,1959-12-31
"MEM0056",0,1959-01-01,1959-12-31
"MEM0068",0.0124323479794494,1959-01-01,1959-12-31
"MEM0111",1.88289072039073,1959-01-01,1959-12-31
"MEM0153",0,1959-01-01,1959-12-31
"MEM0008",0.0233479558535186,1959-01-01,1959-12-31
"MEM0009",0.404595171106424,1959-01-01,1959-12-31
"MEM0012",0.0176465201465201,1959-01-01,1959-12-31
"MEM0026",0,1959-01-01,1959-12-31
"MEM0027",0,1959-01-01,1959-12-31
"MEM0029",0,1959-01-01,1959-12-31
"MEM0062",0,1959-01-01,1959-12-31
"MEM0073",0.0106217856217856,1959-01-01,1959-12-31
"MEM0075",0,1959-01-01,1959-12-31
"MEM0089",0.0325782458282458,1959-01-01,1959-12-31
"MEM0096",0,1959-01-01,1959-12-31
"MEM0100",0,1959-01-01,1959-12-31
"MEM0102",0,1959-01-01,1959-12-31
"MEM0106",0,1959-01-01,1959-12-31
"MEM0117",0,1959-01-01,1959-12-31
"MEM0132",0,1959-01-01,1959-12-31
"MEM0141",0,1959-01-01,1959-12-31
"MEM0142",0,1959-01-01,1959-12-31
"MEM0148",0,1959-01-01,1959-12-31
"MEM0149",0,1959-01-01,1959-12-31
"MEM0154",0,1959-01-01,1959-12-31
"MEM0182",0,1959-01-01,1959-12-31
"MEM0191",0,1959-01-01,1959-12-31
"MEM0201",0,1959-01-01,1959-12-31
"MEM0218",0,1959-01-01,1959-12-31
"MEM0225",0,1959-01-01,1959-12-31
"MEM0232",0,1959-01-01,1959-12-31
"MEM0004",0.017349156405933,1959-01-01,1959-12-31
"MEM0042",0.79212454212455,1959-01-01,1959-12-31
"MEM0045",0,1959-01-01,1959-12-31
"MEM0048",0.259771037786081,1959-01-01,1959-12-31
"MEM0049",0,1959-01-01,1959-12-31
"MEM0053",0.0448647506339813,1959-01-01,1959-12-31
"MEM0066",0,1959-01-01,1959-12-31
"MEM0082",0.111289437845934,1959-01-01,1959-12-31
"MEM0101",0,1959-01-01,1959-12-31
"MEM0114",1.13975049376152,1959-01-01,1959-12-31
"MEM0129",0,1959-01-01,1959-12-31
"MEM0130",0,1959-01-01,1959-12-31
"MEM0168",0.145977822284961,1959-01-01,1959-12-31
"MEM0016",0,1959-01-01,1959-12-31
"MEM0076",0,1959-01-01,1959-12-31
"MEM0083",0.64909951159951,1959-01-01,1959-12-31
"MEM0133",0,1959-01-01,1959-12-31
"MEM0165",0,1959-01-01,1959-12-31
"MEM0220",0.130173956701734,1959-01-01,1959-12-31
"MEM0231",0,1959-01-01,1959-12-31
"MEM0229",2.18716318858731,1959-01-01,1959-12-31
"MEM0135",0,1959-01-01,1959-12-31
"MEM0158",0,1959-01-01,1959-12-31
"MEM0187",0.144032356532356,1959-01-01,1959-12-31
"MEM0190",0,1959-01-01,1959-12-31
"MEM0210",0.074798176995979,1959-01-01,1959-12-31
"MEM0138",0,1959-01-01,1959-12-31
"MEM0226",0,1959-01-01,1959-12-31
"MEM0199",0,1959-01-01,1959-12-31
"MEM0019",0,1959-01-01,1959-12-31
"MEM0163",0,1959-01-01,1959-12-31
"MEM0206",0.144032356532356,1959-01-01,1959-12-31
"MEM0125",0,1959-01-01,1959-12-31
"MEM0146",0.000152625152625153,1959-01-01,1959-12-31
"MEM0214",0,1959-01-01,1959-12-31
"MEM0179",0.130173956701734,1959-01-01,1959-12-31
"MEM0260",0,1959-01-01,1959-12-31
"MEM0369",0,1959-01-01,1959-12-31
"MEM0391",0.0233479558535186,1959-01-01,1959-12-31
"MEM0544",0,1959-01-01,1959-12-31
"MEM0545",0.487416224542814,1959-01-01,1959-12-31
"MEM0261",0,1959-01-01,1959-12-31
"MEM0505",0.1067421699067,1959-01-01,1959-12-31
"MEM0320",0,1959-01-01,1959-12-31
"MEM0235",0.0993448858833472,1959-01-01,1959-12-31
"MEM0472",0,1959-01-01,1959-12-31
"MEM0476",0,1959-01-01,1959-12-31
"MEM0322",0.0516224675343609,1959-01-01,1959-12-31
"MEM0300",0.150346852210917,1959-01-01,1959-12-31
"MEM0399",0,1959-01-01,1959-12-31
"MEM0441",0,1959-01-01,1959-12-31
"MEM0238",0,1959-01-01,1959-12-31
"MEM0442",0,1959-01-01,1959-12-31
"MEM0548",0.317245203649122,1959-01-01,1959-12-31
"MEM0478",0,1959-01-01,1959-12-31
"MEM0419",0,1959-01-01,1959-12-31
"MEM0239",0,1959-01-01,1959-12-31
"MEM0533",0,1959-01-01,1959-12-31
"MEM0534",0,1959-01-01,1959-12-31
"MEM0268",0,1959-01-01,1959-12-31
"MEM0247",0,1959-01-01,1959-12-31
"MEM0381",0,1959-01-01,1959-12-31
"MEM0426",0.159922490997082,1959-01-01,1959-12-31
"MEM0311",0.787657712657711,1959-01-01,1959-12-31
"MEM0481",0,1959-01-01,1959-12-31
"MEM0348",0.802271867181425,1959-01-01,1959-12-31
"MEM0409",0,1959-01-01,1959-12-31
"MEM0281",0,1959-01-01,1959-12-31
"MEM0428",0.0806096635658038,1959-01-01,1959-12-31
"MEM0515",0,1959-01-01,1959-12-31
"MEM0482",0.145977822284961,1959-01-01,1959-12-31
"MEM0364",0,1959-01-01,1959-12-31
"MEM0251",0.721685185746927,1959-01-01,1959-12-31
"MEM0410",0,1959-01-01,1959-12-31
"MEM0517",0.499578982202776,1959-01-01,1959-12-31
"MEM0501",0,1959-01-01,1959-12-31
"MEM0315",0,1959-01-01,1959-12-31
"MEM0316",0,1959-01-01,1959-12-31
"MEM0462",1.24033541120843,1959-01-01,1959-12-31
"MEM0485",0.27658283400322,1959-01-01,1959-12-31
"MEM0318",0,1959-01-01,1959-12-31
"MEM0256",0.100615736115736,1959-01-01,1959-12-31
"MEM0487",0.145977822284961,1959-01-01,1959-12-31
"MEM0467",0,1959-01-01,1959-12-31
"MEM0367",0,1959-01-01,1959-12-31
"MEM0353",0,1959-01-01,1959-12-31
"MEM0297",0.145977822284961,1959-01-01,1959-12-31
"MEM0543",1.28337817382483,1959-01-01,1959-12-31
"MEM0469",0.846604677373919,1959-01-01,1959-12-31
"MEM0394",0,1959-01-01,1959-12-31
"MEM0396",0,1959-01-01,1959-12-31
"MEM0397",0.017349156405933,1959-01-01,1959-12-31
"MEM0438",0,1959-01-01,1959-12-31
"MEM0236",0,1959-01-01,1959-12-31
"MEM0262",0,1959-01-01,1959-12-31
"MEM0372",0,1959-01-01,1959-12-31
"MEM0358",0.00636752136752137,1959-01-01,1959-12-31
"MEM0304",1.8215404965405,1959-01-01,1959-12-31
"MEM0309",2.12399762267763,1959-01-01,1959-12-31
"MEM0313",0.2248838728936,1959-01-01,1959-12-31
"MEM0529",0,1959-01-01,1959-12-31
"MEM0538",0,1959-01-01,1959-12-31
"MEM0257",0,1959-01-01,1959-12-31
"MEM0508",0.79212454212455,1959-01-01,1959-12-31
"MEM0510",2.4241086691087,1959-01-01,1959-12-31
"MEM0359",0,1959-01-01,1959-12-31
"MEM0336",0,1959-01-01,1959-12-31
"MEM0378",3.29421245421243,1959-01-01,1959-12-31
"MEM0327",0.0224867848201181,1959-01-01,1959-12-31
"MEM0269",0,1959-01-01,1959-12-31
"MEM0312",0.0597804886828125,1959-01-01,1959-12-31
"MEM0286",0.948799348799348,1959-01-01,1959-12-31
"MEM0254",0,1959-01-01,1959-12-31
"MEM0413",0,1959-01-01,1959-12-31
"MEM0415",0,1959-01-01,1959-12-31
"MEM0416",0.0206487639639814,1959-01-01,1959-12-31
"MEM0471",0.145977822284961,1959-01-01,1959-12-31
"MEM0334",0.0233479558535186,1959-01-01,1959-12-31
"MEM0357",0,1959-01-01,1959-12-31
"MEM0291",0,1959-01-01,1959-12-31
"MEM0240",0,1959-01-01,1959-12-31
"MEM0362",0.802271867181425,1959-01-01,1959-12-31
"MEM0249",0,1959-01-01,1959-12-31
"MEM0525",0.0325140780764816,1959-01-01,1959-12-31
"MEM0314",0,1959-01-01,1959-12-31
"MEM0526",0,1959-01-01,1959-12-31
"MEM0537",0.145977822284961,1959-01-01,1959-12-31
"MEM0546",0.192047282493926,1959-01-01,1959-12-31
"MEM0242",0,1959-01-01,1959-12-31
"MEM0258",0.130173956701734,1959-01-01,1959-12-31
"MEM0417",0.0233479558535186,1959-01-01,1959-12-31
"MEM0521",0.145977822284961,1959-01-01,1959-12-31
"MEM0474",0,1959-01-01,1959-12-31
"MEM0506",0,1959-01-01,1959-12-31
"MEM0477",0.303872553993771,1959-01-01,1959-12-31
"MEM0479",0,1959-01-01,1959-12-31
"MEM0405",0,1959-01-01,1959-12-31
"MEM0484",0.0526060973379814,1959-01-01,1959-12-31
"MEM0351",0,1959-01-01,1959-12-31
"MEM0307",1.43861365780016,1959-01-01,1959-12-31
"MEM0435",0,1959-01-01,1959-12-31
"MEM0567",0,1959-01-01,1959-12-31
"MEM0167",0,1959-01-01,1959-12-31
"MEM0565",0,1959-01-01,1959-12-31
"MEM0554",0.148635765943458,1959-01-01,1959-12-31
"MEM0465",0,1959-01-01,1959-12-31
"MEM0468",0,1959-01-01,1959-12-31
"MEM0549",0,1959-01-01,1959-12-31
"MEM0407",0,1959-01-01,1959-12-31
"MEM0527",0,1959-01-01,1959-12-31
"MEM0401",0,1959-01-01,1959-12-31
"MEM0454",0,1959-01-01,1959-12-31
"MEM0559",0,1959-01-01,1959-12-31
"MEM0423",0,1959-01-01,1959-12-31
"MEM0375",0,1959-01-01,1959-12-31
"MEM0562",0,1959-01-01,1959-12-31
"MEM0528",0,1959-01-01,1959-12-31
"MEM0449",0,1959-01-01,1959-12-31
"MEM0363",0,1959-01-01,1959-12-31
"MEM0535",0,1959-01-01,1959-12-31
"MEM0564",0,1959-01-01,1959-12-31
"MEM0021",0,1960-01-01,1960-12-31
"MEM0056",0,1960-01-01,1960-12-31
"MEM0068",0.0908937465914948,1960-01-01,1960-12-31
"MEM0081",0,1960-01-01,1960-12-31
"MEM0153",0,1960-01-01,1960-12-31
"MEM0008",0.0417365637294689,1960-01-01,1960-12-31
"MEM0009",0.614631826331878,1960-01-01,1960-12-31
"MEM0012",0.0757453095611783,1960-01-01,1960-12-31
"MEM0026",0,1960-01-01,1960-12-31
"MEM0027",0,1960-01-01,1960-12-31
"MEM0029",0,1960-01-01,1960-12-31
"MEM0062",0,1960-01-01,1960-12-31
"MEM0073",0.0163138827434702,1960-01-01,1960-12-31
"MEM0075",0,1960-01-01,1960-12-31
"MEM0089",0.151797303002422,1960-01-01,1960-12-31
"MEM0100",0,1960-01-01,1960-12-31
"MEM0102",0,1960-01-01,1960-12-31
"MEM0106",0,1960-01-01,1960-12-31
"MEM0117",0,1960-01-01,1960-12-31
"MEM0118",0,1960-01-01,1960-12-31
"MEM0127",0,1960-01-01,1960-12-31
"MEM0132",0,1960-01-01,1960-12-31
"MEM0141",0,1960-01-01,1960-12-31
"MEM0142",0,1960-01-01,1960-12-31
"MEM0148",0,1960-01-01,1960-12-31
"MEM0149",0,1960-01-01,1960-12-31
"MEM0154",0,1960-01-01,1960-12-31
"MEM0162",0,1960-01-01,1960-12-31
"MEM0182",0,1960-01-01,1960-12-31
"MEM0191",0,1960-01-01,1960-12-31
"MEM0201",0,1960-01-01,1960-12-31
"MEM0218",0,1960-01-01,1960-12-31
"MEM0225",0,1960-01-01,1960-12-31
"MEM0232",0,1960-01-01,1960-12-31
"MEM0111",0,1960-01-01,1960-12-31
"MEM0042",0.980439170373382,1960-01-01,1960-12-31
"MEM0045",0,1960-01-01,1960-12-31
"MEM0048",0.326292070620581,1960-01-01,1960-12-31
"MEM0049",0,1960-01-01,1960-12-31
"MEM0053",0.0577564406511774,1960-01-01,1960-12-31
"MEM0066",0,1960-01-01,1960-12-31
"MEM0082",3.3824423234451,1960-01-01,1960-12-31
"MEM0096",0,1960-01-01,1960-12-31
"MEM0101",0,1960-01-01,1960-12-31
"MEM0114",1.49377154110213,1960-01-01,1960-12-31
"MEM0116",0,1960-01-01,1960-12-31
"MEM0129",0,1960-01-01,1960-12-31
"MEM0130",0,1960-01-01,1960-12-31
"MEM0168",0.215638667286375,1960-01-01,1960-12-31
"MEM0080",0,1960-01-01,1960-12-31
"MEM0004",0,1960-01-01,1960-12-31
"MEM0016",0,1960-01-01,1960-12-31
"MEM0076",0,1960-01-01,1960-12-31
"MEM0083",0,1960-01-01,1960-12-31
"MEM0109",0,1960-01-01,1960-12-31
"MEM0165",0,1960-01-01,1960-12-31
"MEM0231",0,1960-01-01,1960-12-31
"MEM0135",0,1960-01-01,1960-12-31
"MEM0158",0,1960-01-01,1960-12-31
"MEM0187",0.20004939149676,1960-01-01,1960-12-31
"MEM0190",0,1960-01-01,1960-12-31
"MEM0210",0.0630195985459143,1960-01-01,1960-12-31
"MEM0220",0.159814850946325,1960-01-01,1960-12-31
"MEM0229",2.80657340844194,1960-01-01,1960-12-31
"MEM0138",0,1960-01-01,1960-12-31
"MEM0199",0,1960-01-01,1960-12-31
"MEM0019",0,1960-01-01,1960-12-31
"MEM0163",0,1960-01-01,1960-12-31
"MEM0206",0.20004939149676,1960-01-01,1960-12-31
"MEM0125",0,1960-01-01,1960-12-31
"MEM0146",0,1960-01-01,1960-12-31
"MEM0214",0,1960-01-01,1960-12-31
"MEM0179",0.159814850946325,1960-01-01,1960-12-31
"MEM0260",0,1960-01-01,1960-12-31
"MEM0369",0,1960-01-01,1960-12-31
"MEM0391",0.0417365637294689,1960-01-01,1960-12-31
"MEM0544",0,1960-01-01,1960-12-31
"MEM0545",0.592730862182702,1960-01-01,1960-12-31
"MEM0261",0,1960-01-01,1960-12-31
"MEM0505",0.30668325983801,1960-01-01,1960-12-31
"MEM0320",0,1960-01-01,1960-12-31
"MEM0235",0.394932883378818,1960-01-01,1960-12-31
"MEM0472",0,1960-01-01,1960-12-31
"MEM0396",0.44373328753028,1960-01-01,1960-12-31
"MEM0476",0,1960-01-01,1960-12-31
"MEM0322",0.105052849025441,1960-01-01,1960-12-31
"MEM0399",0.680338807202924,1960-01-01,1960-12-31
"MEM0238",0.0530113150305808,1960-01-01,1960-12-31
"MEM0442",0,1960-01-01,1960-12-31
"MEM0548",0.516354822981925,1960-01-01,1960-12-31
"MEM0478",0,1960-01-01,1960-12-31
"MEM0419",0,1960-01-01,1960-12-31
"MEM0239",0,1960-01-01,1960-12-31
"MEM0533",0,1960-01-01,1960-12-31
"MEM0534",0,1960-01-01,1960-12-31
"MEM0268",1.97817063958366,1960-01-01,1960-12-31
"MEM0247",0,1960-01-01,1960-12-31
"MEM0381",0,1960-01-01,1960-12-31
"MEM0426",0.302185892897829,1960-01-01,1960-12-31
"MEM0311",0.795230688704856,1960-01-01,1960-12-31
"MEM0481",0,1960-01-01,1960-12-31
"MEM0348",0.731903580767253,1960-01-01,1960-12-31
"MEM0409",0,1960-01-01,1960-12-31
"MEM0281",0,1960-01-01,1960-12-31
"MEM0428",0.210740847083656,1960-01-01,1960-12-31
"MEM0515",0,1960-01-01,1960-12-31
"MEM0482",0.215638667286375,1960-01-01,1960-12-31
"MEM0364",0,1960-01-01,1960-12-31
"MEM0251",1.69262648613019,1960-01-01,1960-12-31
"MEM0410",0,1960-01-01,1960-12-31
"MEM0517",0.57864987471983,1960-01-01,1960-12-31
"MEM0501",0,1960-01-01,1960-12-31
"MEM0315",0.190516094976635,1960-01-01,1960-12-31
"MEM0316",0.092405093328964,1960-01-01,1960-12-31
"MEM0519",0,1960-01-01,1960-12-31
"MEM0484",0.119135763455961,1960-01-01,1960-12-31
"MEM0462",1.45870396194367,1960-01-01,1960-12-31
"MEM0318",0,1960-01-01,1960-12-31
"MEM0487",0.215638667286375,1960-01-01,1960-12-31
"MEM0467",0,1960-01-01,1960-12-31
"MEM0367",0,1960-01-01,1960-12-31
"MEM0353",0,1960-01-01,1960-12-31
"MEM0297",0.215638667286375,1960-01-01,1960-12-31
"MEM0543",1.52323801007723,1960-01-01,1960-12-31
"MEM0469",1.04872192681403,1960-01-01,1960-12-31
"MEM0394",0,1960-01-01,1960-12-31
"MEM0397",0.629113314686624,1960-01-01,1960-12-31
"MEM0438",0,1960-01-01,1960-12-31
"MEM0236",0,1960-01-01,1960-12-31
"MEM0262",0,1960-01-01,1960-12-31
"MEM0300",0,1960-01-01,1960-12-31
"MEM0441",0,1960-01-01,1960-12-31
"MEM0372",0,1960-01-01,1960-12-31
"MEM0358",0.0316637234049761,1960-01-01,1960-12-31
"MEM0304",0,1960-01-01,1960-12-31
"MEM0554",0.0630195985459143,1960-01-01,1960-12-31
"MEM0363",0,1960-01-01,1960-12-31
"MEM0423",0.298337976134028,1960-01-01,1960-12-31
"MEM0309",2.75010173626809,1960-01-01,1960-12-31
"MEM0445",0,1960-01-01,1960-12-31
"MEM0313",0.190516094976635,1960-01-01,1960-12-31
"MEM0529",0,1960-01-01,1960-12-31
"MEM0485",0.30668325983801,1960-01-01,1960-12-31
"MEM0508",0.980439170373382,1960-01-01,1960-12-31
"MEM0541",0,1960-01-01,1960-12-31
"MEM0510",3.13298663324976,1960-01-01,1960-12-31
"MEM0359",0,1960-01-01,1960-12-31
"MEM0303",0,1960-01-01,1960-12-31
"MEM0336",0,1960-01-01,1960-12-31
"MEM0378",4.25737350132089,1960-01-01,1960-12-31
"MEM0327",0.0550736504576544,1960-01-01,1960-12-31
"MEM0269",0,1960-01-01,1960-12-31
"MEM0312",0.450479357579739,1960-01-01,1960-12-31
"MEM0254",0,1960-01-01,1960-12-31
"MEM0415",0,1960-01-01,1960-12-31
"MEM0416",0.141146914906313,1960-01-01,1960-12-31
"MEM0256",0,1960-01-01,1960-12-31
"MEM0257",0.443733287530279,1960-01-01,1960-12-31
"MEM0471",0.215638667286375,1960-01-01,1960-12-31
"MEM0298",0,1960-01-01,1960-12-31
"MEM0334",0.0417365637294689,1960-01-01,1960-12-31
"MEM0357",0,1960-01-01,1960-12-31
"MEM0291",0,1960-01-01,1960-12-31
"MEM0240",0,1960-01-01,1960-12-31
"MEM0362",0.731903580767253,1960-01-01,1960-12-31
"MEM0249",0,1960-01-01,1960-12-31
"MEM0286",0.591644383373706,1960-01-01,1960-12-31
"MEM0525",0.123071861417726,1960-01-01,1960-12-31
"MEM0314",0,1960-01-01,1960-12-31
"MEM0526",0,1960-01-01,1960-12-31
"MEM0413",0,1960-01-01,1960-12-31
"MEM0537",0.215638667286375,1960-01-01,1960-12-31
"MEM0546",0.242269739174747,1960-01-01,1960-12-31
"MEM0242",0,1960-01-01,1960-12-31
"MEM0305",0,1960-01-01,1960-12-31
"MEM0258",0.159814850946325,1960-01-01,1960-12-31
"MEM0436",0,1960-01-01,1960-12-31
"MEM0417",0.0417365637294689,1960-01-01,1960-12-31
"MEM0521",0.215638667286375,1960-01-01,1960-12-31
"MEM0474",0,1960-01-01,1960-12-31
"MEM0506",0,1960-01-01,1960-12-31
"MEM0477",0.666817234258092,1960-01-01,1960-12-31
"MEM0479",0,1960-01-01,1960-12-31
"MEM0405",0,1960-01-01,1960-12-31
"MEM0475",0.172925378057664,1960-01-01,1960-12-31
"MEM0351",0,1960-01-01,1960-12-31
"MEM0307",2.08647046258585,1960-01-01,1960-12-31
"MEM0435",0,1960-01-01,1960-12-31
"MEM0567",0,1960-01-01,1960-12-31
"MEM0565",0,1960-01-01,1960-12-31
"MEM0559",0.731903580767253,1960-01-01,1960-12-31
"MEM0400",0,1960-01-01,1960-12-31
"MEM0465",0,1960-01-01,1960-12-31
"MEM0468",0,1960-01-01,1960-12-31
"MEM0549",0,1960-01-01,1960-12-31
"MEM0407",0,1960-01-01,1960-12-31
"MEM0527",0,1960-01-01,1960-12-31
"MEM0572",0,1960-01-01,1960-12-31
"MEM0454",0,1960-01-01,1960-12-31
"MEM0401",0,1960-01-01,1960-12-31
"MEM0535",0,1960-01-01,1960-12-31
"MEM0167",0,1960-01-01,1960-12-31
"MEM0562",0,1960-01-01,1960-12-31
"MEM0449",0.563015957511703,1960-01-01,1960-12-31
"MEM0403",0,1960-01-01,1960-12-31
"MEM0528",0,1960-01-01,1960-12-31
"MEM0571",0,1960-01-01,1960-12-31
"MEM0342",0,1960-01-01,1960-12-31
"MEM0523",0,1960-01-01,1960-12-31
"MEM0564",0,1960-01-01,1960-12-31
"MEM0021",0,1961-01-01,1961-12-31
"MEM0056",0,1961-01-01,1961-12-31
"MEM0081",0,1961-01-01,1961-12-31
"MEM0008",0.0227729409125236,1961-01-01,1961-12-31
"MEM0009",0,1961-01-01,1961-12-31
"MEM0012",0.0270399287039091,1961-01-01,1961-12-31
"MEM0026",0,1961-01-01,1961-12-31
"MEM0027",0,1961-01-01,1961-12-31
"MEM0029",0,1961-01-01,1961-12-31
"MEM0062",0,1961-01-01,1961-12-31
"MEM0073",0.846837466647156,1961-01-01,1961-12-31
"MEM0075",0.136041641964208,1961-01-01,1961-12-31
"MEM0100",0,1961-01-01,1961-12-31
"MEM0102",0,1961-01-01,1961-12-31
"MEM0106",0,1961-01-01,1961-12-31
"MEM0113",0,1961-01-01,1961-12-31
"MEM0117",0,1961-01-01,1961-12-31
"MEM0118",0,1961-01-01,1961-12-31
"MEM0127",0,1961-01-01,1961-12-31
"MEM0132",0,1961-01-01,1961-12-31
"MEM0142",0,1961-01-01,1961-12-31
"MEM0148",0,1961-01-01,1961-12-31
"MEM0149",0,1961-01-01,1961-12-31
"MEM0154",0,1961-01-01,1961-12-31
"MEM0162",0,1961-01-01,1961-12-31
"MEM0182",0,1961-01-01,1961-12-31
"MEM0191",0,1961-01-01,1961-12-31
"MEM0201",0,1961-01-01,1961-12-31
"MEM0218",0,1961-01-01,1961-12-31
"MEM0225",0,1961-01-01,1961-12-31
"MEM0232",0,1961-01-01,1961-12-31
"MEM0068",0,1961-01-01,1961-12-31
"MEM0111",0,1961-01-01,1961-12-31
"MEM0039",0,1961-01-01,1961-12-31
"MEM0042",0.794035424536391,1961-01-01,1961-12-31
"MEM0045",0,1961-01-01,1961-12-31
"MEM0048",2.4968585479519,1961-01-01,1961-12-31
"MEM0049",0,1961-01-01,1961-12-31
"MEM0053",0.0332206144489882,1961-01-01,1961-12-31
"MEM0066",0,1961-01-01,1961-12-31
"MEM0082",1.31441478330937,1961-01-01,1961-12-31
"MEM0089",0,1961-01-01,1961-12-31
"MEM0101",0,1961-01-01,1961-12-31
"MEM0114",1.38762106457011,1961-01-01,1961-12-31
"MEM0116",0,1961-01-01,1961-12-31
"MEM0129",0,1961-01-01,1961-12-31
"MEM0130",0,1961-01-01,1961-12-31
"MEM0143",0,1961-01-01,1961-12-31
"MEM0168",0.096477671552441,1961-01-01,1961-12-31
"MEM0080",0,1961-01-01,1961-12-31
"MEM0004",0,1961-01-01,1961-12-31
"MEM0016",0,1961-01-01,1961-12-31
"MEM0076",0,1961-01-01,1961-12-31
"MEM0083",0,1961-01-01,1961-12-31
"MEM0096",0,1961-01-01,1961-12-31
"MEM0104",0,1961-01-01,1961-12-31
"MEM0109",0,1961-01-01,1961-12-31
"MEM0110",0,1961-01-01,1961-12-31
"MEM0165",0,1961-01-01,1961-12-31
"MEM0231",0,1961-01-01,1961-12-31
"MEM0175",0,1961-01-01,1961-12-31
"MEM0003",0,1961-01-01,1961-12-31
"MEM0135",1.31441478330937,1961-01-01,1961-12-31
"MEM0158",0,1961-01-01,1961-12-31
"MEM0187",0.568814906253666,1961-01-01,1961-12-31
"MEM0190",0,1961-01-01,1961-12-31
"MEM0210",0.0434107834017701,1961-01-01,1961-12-31
"MEM0220",0.0703183488551483,1961-01-01,1961-12-31
"MEM0229",0.223686178503444,1961-01-01,1961-12-31
"MEM0138",0.04,1961-01-01,1961-12-31
"MEM0199",0,1961-01-01,1961-12-31
"MEM0019",0,1961-01-01,1961-12-31
"MEM0163",0,1961-01-01,1961-12-31
"MEM0206",0.0128672910014822,1961-01-01,1961-12-31
"MEM0125",0,1961-01-01,1961-12-31
"MEM0146",2.78520499108734e-05,1961-01-01,1961-12-31
"MEM0214",0,1961-01-01,1961-12-31
"MEM0179",0.0703183488551483,1961-01-01,1961-12-31
"MEM0260",0,1961-01-01,1961-12-31
"MEM0390",0,1961-01-01,1961-12-31
"MEM0369",0,1961-01-01,1961-12-31
"MEM0391",0.0227729409125236,1961-01-01,1961-12-31
"MEM0544",0.0155918986605355,1961-01-01,1961-12-31
"MEM0470",0,1961-01-01,1961-12-31
"MEM0545",0.410396927994823,1961-01-01,1961-12-31
"MEM0505",0.0536125560653659,1961-01-01,1961-12-31
"MEM0320",0,1961-01-01,1961-12-31
"MEM0370",0,1961-01-01,1961-12-31
"MEM0235",0.152220297779344,1961-01-01,1961-12-31
"MEM0507",0,1961-01-01,1961-12-31
"MEM0396",0,1961-01-01,1961-12-31
"MEM0476",0,1961-01-01,1961-12-31
"MEM0322",0.0405121464119275,1961-01-01,1961-12-31
"MEM0399",0.86604602005079,1961-01-01,1961-12-31
"MEM0547",0,1961-01-01,1961-12-31
"MEM0442",0,1961-01-01,1961-12-31
"MEM0548",0.0703211011670644,1961-01-01,1961-12-31
"MEM0478",0.0284898970410675,1961-01-01,1961-12-31
"MEM0419",0,1961-01-01,1961-12-31
"MEM0239",0,1961-01-01,1961-12-31
"MEM0533",0,1961-01-01,1961-12-31
"MEM0534",0,1961-01-01,1961-12-31
"MEM0268",0.0985206114531376,1961-01-01,1961-12-31
"MEM0404",0,1961-01-01,1961-12-31
"MEM0405",0.528662355625015,1961-01-01,1961-12-31
"MEM0247",0,1961-01-01,1961-12-31
"MEM0381",0,1961-01-01,1961-12-31
"MEM0407",1.82019989814109,1961-01-01,1961-12-31
"MEM0426",0.0478535069330762,1961-01-01,1961-12-31
"MEM0311",0.206512189985371,1961-01-01,1961-12-31
"MEM0481",0,1961-01-01,1961-12-31
"MEM0409",0,1961-01-01,1961-12-31
"MEM0281",0,1961-01-01,1961-12-31
"MEM0428",0.0580264853966084,1961-01-01,1961-12-31
"MEM0515",0,1961-01-01,1961-12-31
"MEM0482",0.096477671552441,1961-01-01,1961-12-31
"MEM0364",0,1961-01-01,1961-12-31
"MEM0251",0.685974763850223,1961-01-01,1961-12-31
"MEM0410",0,1961-01-01,1961-12-31
"MEM0274",0,1961-01-01,1961-12-31
"MEM0314",0.320585474986062,1961-01-01,1961-12-31
"MEM0449",0,1961-01-01,1961-12-31
"MEM0517",0.20680199989094,1961-01-01,1961-12-31
"MEM0501",0,1961-01-01,1961-12-31
"MEM0316",0.0010543857694593,1961-01-01,1961-12-31
"MEM0559",0.232299588695742,1961-01-01,1961-12-31
"MEM0519",0,1961-01-01,1961-12-31
"MEM0484",0,1961-01-01,1961-12-31
"MEM0462",1.54874338518668,1961-01-01,1961-12-31
"MEM0318",0.096477671552441,1961-01-01,1961-12-31
"MEM0487",0.096477671552441,1961-01-01,1961-12-31
"MEM0467",0,1961-01-01,1961-12-31
"MEM0367",0,1961-01-01,1961-12-31
"MEM0353",0,1961-01-01,1961-12-31
"MEM0297",0.096477671552441,1961-01-01,1961-12-31
"MEM0543",1.25936770835496,1961-01-01,1961-12-31
"MEM0469",0.836079568397141,1961-01-01,1961-12-31
"MEM0472",0,1961-01-01,1961-12-31
"MEM0508",0.794035424536391,1961-01-01,1961-12-31
"MEM0397",0.734115507662683,1961-01-01,1961-12-31
"MEM0438",0,1961-01-01,1961-12-31
"MEM0236",0,1961-01-01,1961-12-31
"MEM0262",0,1961-01-01,1961-12-31
"MEM0300",0,1961-01-01,1961-12-31
"MEM0441",0,1961-01-01,1961-12-31
"MEM0372",0,1961-01-01,1961-12-31
"MEM0238",0.000980864159389246,1961-01-01,1961-12-31
"MEM0358",0.00168707040261747,1961-01-01,1961-12-31
"MEM0304",0,1961-01-01,1961-12-31
"MEM0479",0.129945330813507,1961-01-01,1961-12-31
"MEM0554",0.153094419080153,1961-01-01,1961-12-31
"MEM0555",0,1961-01-01,1961-12-31
"MEM0269",0,1961-01-01,1961-12-31
"MEM0363",0,1961-01-01,1961-12-31
"MEM0423",0.0913366482956818,1961-01-01,1961-12-31
"MEM0309",0.621982743697538,1961-01-01,1961-12-31
"MEM0348",0.24298137850811,1961-01-01,1961-12-31
"MEM0445",0,1961-01-01,1961-12-31
"MEM0313",0.21602041414367,1961-01-01,1961-12-31
"MEM0315",0.333275449354296,1961-01-01,1961-12-31
"MEM0529",0,1961-01-01,1961-12-31
"MEM0485",0.0536125560653659,1961-01-01,1961-12-31
"MEM0256",0.168141097272366,1961-01-01,1961-12-31
"MEM0394",0,1961-01-01,1961-12-31
"MEM0510",0.493321305795039,1961-01-01,1961-12-31
"MEM0359",0,1961-01-01,1961-12-31
"MEM0303",0,1961-01-01,1961-12-31
"MEM0336",0,1961-01-01,1961-12-31
"MEM0378",1.82019989814109,1961-01-01,1961-12-31
"MEM0327",0.00525973273305803,1961-01-01,1961-12-31
"MEM0312",0.069544939423255,1961-01-01,1961-12-31
"MEM0254",0,1961-01-01,1961-12-31
"MEM0415",0.320585474986062,1961-01-01,1961-12-31
"MEM0416",0.00790144313799551,1961-01-01,1961-12-31
"MEM0257",0.0567411055331225,1961-01-01,1961-12-31
"MEM0471",0.096477671552441,1961-01-01,1961-12-31
"MEM0298",0,1961-01-01,1961-12-31
"MEM0334",0.0227729409125236,1961-01-01,1961-12-31
"MEM0357",0,1961-01-01,1961-12-31
"MEM0291",0,1961-01-01,1961-12-31
"MEM0240",0,1961-01-01,1961-12-31
"MEM0403",0.0232558531433964,1961-01-01,1961-12-31
"MEM0362",0.168845561540455,1961-01-01,1961-12-31
"MEM0557",0,1961-01-01,1961-12-31
"MEM0249",0,1961-01-01,1961-12-31
"MEM0286",0.257501144629792,1961-01-01,1961-12-31
"MEM0525",0.0240869545319281,1961-01-01,1961-12-31
"MEM0413",0,1961-01-01,1961-12-31
"MEM0537",0.096477671552441,1961-01-01,1961-12-31
"MEM0546",0.197183174732164,1961-01-01,1961-12-31
"MEM0541",0,1961-01-01,1961-12-31
"MEM0242",0,1961-01-01,1961-12-31
"MEM0305",0,1961-01-01,1961-12-31
"MEM0526",0,1961-01-01,1961-12-31
"MEM0258",0.0703183488551483,1961-01-01,1961-12-31
"MEM0436",0,1961-01-01,1961-12-31
"MEM0453",0,1961-01-01,1961-12-31
"MEM0360",0,1961-01-01,1961-12-31
"MEM0417",0.0227729409125236,1961-01-01,1961-12-31
"MEM0521",0.096477671552441,1961-01-01,1961-12-31
"MEM0252",0,1961-01-01,1961-12-31
"MEM0506",0,1961-01-01,1961-12-31
"MEM0474",0,1961-01-01,1961-12-31
"MEM0477",1.04489972152175,1961-01-01,1961-12-31
"MEM0549",0,1961-01-01,1961-12-31
"MEM0475",0.0173809701235322,1961-01-01,1961-12-31
"MEM0351",0.0752647583097411,1961-01-01,1961-12-31
"MEM0307",0.817906443739479,1961-01-01,1961-12-31
"MEM0435",0,1961-01-01,1961-12-31
"MEM0567",0,1961-01-01,1961-12-31
"MEM0400",0,1961-01-01,1961-12-31
"MEM0465",0,1961-01-01,1961-12-31
"MEM0468",0,1961-01-01,1961-12-31
"MEM0561",0,1961-01-01,1961-12-31
"MEM0570",0,1961-01-01,1961-12-31
"MEM0527",0,1961-01-01,1961-12-31
"MEM0572",0.00525973273305803,1961-01-01,1961-12-31
"MEM0565",0,1961-01-01,1961-12-31
"MEM0454",0,1961-01-01,1961-12-31
"MEM0401",0,1961-01-01,1961-12-31
"MEM0535",0,1961-01-01,1961-12-31
"MEM0444",0,1961-01-01,1961-12-31
"MEM0167",0,1961-01-01,1961-12-31
"MEM0215",0,1961-01-01,1961-12-31
"MEM0562",0,1961-01-01,1961-12-31
"MEM0241",0,1961-01-01,1961-12-31
"MEM0431",0,1961-01-01,1961-12-31
"MEM0528",0,1961-01-01,1961-12-31
"MEM0571",0,1961-01-01,1961-12-31
"MEM0342",0,1961-01-01,1961-12-31
"MEM0523",0,1961-01-01,1961-12-31
"MEM0564",0,1961-01-01,1961-12-31
"MEM0021",0,1962-01-01,1962-12-31
"MEM0056",0,1962-01-01,1962-12-31
"MEM0081",0,1962-01-01,1962-12-31
"MEM0008",0.069607449162821,1962-01-01,1962-12-31
"MEM0009",0,1962-01-01,1962-12-31
"MEM0012",0.0839609974544931,1962-01-01,1962-12-31
"MEM0026",0,1962-01-01,1962-12-31
"MEM0027",0,1962-01-01,1962-12-31
"MEM0029",0,1962-01-01,1962-12-31
"MEM0046",0,1962-01-01,1962-12-31
"MEM0062",0,1962-01-01,1962-12-31
"MEM0100",0,1962-01-01,1962-12-31
"MEM0102",0,1962-01-01,1962-12-31
"MEM0106",0,1962-01-01,1962-12-31
"MEM0113",0,1962-01-01,1962-12-31
"MEM0118",0,1962-01-01,1962-12-31
"MEM0132",0,1962-01-01,1962-12-31
"MEM0142",0,1962-01-01,1962-12-31
"MEM0162",0,1962-01-01,1962-12-31
"MEM0182",0,1962-01-01,1962-12-31
"MEM0201",0,1962-01-01,1962-12-31
"MEM0217",0,1962-01-01,1962-12-31
"MEM0218",0,1962-01-01,1962-12-31
"MEM0223",0.998170191445686,1962-01-01,1962-12-31
"MEM0225",0,1962-01-01,1962-12-31
"MEM0227",0,1962-01-01,1962-12-31
"MEM0232",0,1962-01-01,1962-12-31
"MEM0068",0,1962-01-01,1962-12-31
"MEM0111",0,1962-01-01,1962-12-31
"MEM0039",0,1962-01-01,1962-12-31
"MEM0045",0,1962-01-01,1962-12-31
"MEM0048",0.65454175333788,1962-01-01,1962-12-31
"MEM0049",0,1962-01-01,1962-12-31
"MEM0053",0.0456528055129059,1962-01-01,1962-12-31
"MEM0066",0.15848835072973,1962-01-01,1962-12-31
"MEM0073",0,1962-01-01,1962-12-31
"MEM0075",0,1962-01-01,1962-12-31
"MEM0082",0.0652686241510014,1962-01-01,1962-12-31
"MEM0098",0.480930167731586,1962-01-01,1962-12-31
"MEM0101",0,1962-01-01,1962-12-31
"MEM0114",1.84138570428527,1962-01-01,1962-12-31
"MEM0116",0,1962-01-01,1962-12-31
"MEM0121",0,1962-01-01,1962-12-31
"MEM0130",0.230227358848048,1962-01-01,1962-12-31
"MEM0143",0.0963663174643816,1962-01-01,1962-12-31
"MEM0168",0.225860318100171,1962-01-01,1962-12-31
"MEM0080",0,1962-01-01,1962-12-31
"MEM0004",0,1962-01-01,1962-12-31
"MEM0016",0,1962-01-01,1962-12-31
"MEM0042",0,1962-01-01,1962-12-31
"MEM0076",0,1962-01-01,1962-12-31
"MEM0083",0,1962-01-01,1962-12-31
"MEM0089",0.103172185917015,1962-01-01,1962-12-31
"MEM0096",0,1962-01-01,1962-12-31
"MEM0104",0,1962-01-01,1962-12-31
"MEM0109",0,1962-01-01,1962-12-31
"MEM0141",0,1962-01-01,1962-12-31
"MEM0165",0,1962-01-01,1962-12-31
"MEM0231",0,1962-01-01,1962-12-31
"MEM0175",0,1962-01-01,1962-12-31
"MEM0003",0,1962-01-01,1962-12-31
"MEM0110",0,1962-01-01,1962-12-31
"MEM0158",0,1962-01-01,1962-12-31
"MEM0187",0.288958022379988,1962-01-01,1962-12-31
"MEM0190",0,1962-01-01,1962-12-31
"MEM0210",0,1962-01-01,1962-12-31
"MEM0220",0.0483360480828905,1962-01-01,1962-12-31
"MEM0229",2.69852031968948,1962-01-01,1962-12-31
"MEM0135",0.0652686241510014,1962-01-01,1962-12-31
"MEM0138",0.04,1962-01-01,1962-12-31
"MEM0199",0,1962-01-01,1962-12-31
"MEM0019",0,1962-01-01,1962-12-31
"MEM0163",0,1962-01-01,1962-12-31
"MEM0206",0.0368006481388472,1962-01-01,1962-12-31
"MEM0125",0,1962-01-01,1962-12-31
"MEM0146",0,1962-01-01,1962-12-31
"MEM0214",0,1962-01-01,1962-12-31
"MEM0179",0.0483360480828905,1962-01-01,1962-12-31
"MEM0390",0,1962-01-01,1962-12-31
"MEM0369",0,1962-01-01,1962-12-31
"MEM0391",0.069607449162821,1962-01-01,1962-12-31
"MEM0470",0,1962-01-01,1962-12-31
"MEM0545",0.59082115376426,1962-01-01,1962-12-31
"MEM0505",0.119691636325634,1962-01-01,1962-12-31
"MEM0320",0,1962-01-01,1962-12-31
"MEM0370",0,1962-01-01,1962-12-31
"MEM0507",0.0255761770296653,1962-01-01,1962-12-31
"MEM0396",0,1962-01-01,1962-12-31
"MEM0476",0,1962-01-01,1962-12-31
"MEM0322",0.357197680291431,1962-01-01,1962-12-31
"MEM0399",0.694927863947222,1962-01-01,1962-12-31
"MEM0547",0.103172185917015,1962-01-01,1962-12-31
"MEM0442",0,1962-01-01,1962-12-31
"MEM0548",0.647089231375455,1962-01-01,1962-12-31
"MEM0478",0.882921105263894,1962-01-01,1962-12-31
"MEM0239",0,1962-01-01,1962-12-31
"MEM0533",0,1962-01-01,1962-12-31
"MEM0534",0.000581279406044606,1962-01-01,1962-12-31
"MEM0404",0,1962-01-01,1962-12-31
"MEM0405",0.473919795342941,1962-01-01,1962-12-31
"MEM0406",0,1962-01-01,1962-12-31
"MEM0247",0,1962-01-01,1962-12-31
"MEM0381",0.101485184513089,1962-01-01,1962-12-31
"MEM0407",1.47628904226268,1962-01-01,1962-12-31
"MEM0481",0,1962-01-01,1962-12-31
"MEM0409",0,1962-01-01,1962-12-31
"MEM0281",0,1962-01-01,1962-12-31
"MEM0428",0.362632149738214,1962-01-01,1962-12-31
"MEM0515",0,1962-01-01,1962-12-31
"MEM0482",0.225860318100171,1962-01-01,1962-12-31
"MEM0364",0,1962-01-01,1962-12-31
"MEM0251",3.2652525967038,1962-01-01,1962-12-31
"MEM0410",0,1962-01-01,1962-12-31
"MEM0274",0,1962-01-01,1962-12-31
"MEM0314",0.170607987593081,1962-01-01,1962-12-31
"MEM0449",0,1962-01-01,1962-12-31
"MEM0517",0.357197680291431,1962-01-01,1962-12-31
"MEM0501",0,1962-01-01,1962-12-31
"MEM0316",0.00653797495292714,1962-01-01,1962-12-31
"MEM0559",0.433944965290588,1962-01-01,1962-12-31
"MEM0519",0,1962-01-01,1962-12-31
"MEM0484",0.301218010836562,1962-01-01,1962-12-31
"MEM0462",0.623396651214697,1962-01-01,1962-12-31
"MEM0318",0.225860318100171,1962-01-01,1962-12-31
"MEM0486",0,1962-01-01,1962-12-31
"MEM0468",0.102335022790518,1962-01-01,1962-12-31
"MEM0487",0.225860318100171,1962-01-01,1962-12-31
"MEM0467",0,1962-01-01,1962-12-31
"MEM0367",0,1962-01-01,1962-12-31
"MEM0353",0,1962-01-01,1962-12-31
"MEM0297",0.225860318100171,1962-01-01,1962-12-31
"MEM0543",1.61854679933039,1962-01-01,1962-12-31
"MEM0469",1.15035028078246,1962-01-01,1962-12-31
"MEM0544",0.247777612371209,1962-01-01,1962-12-31
"MEM0235",0.0641953942700199,1962-01-01,1962-12-31
"MEM0472",0,1962-01-01,1962-12-31
"MEM0451",0,1962-01-01,1962-12-31
"MEM0508",1.09366806350485,1962-01-01,1962-12-31
"MEM0397",0.0198951313757752,1962-01-01,1962-12-31
"MEM0438",0,1962-01-01,1962-12-31
"MEM0236",0,1962-01-01,1962-12-31
"MEM0300",0,1962-01-01,1962-12-31
"MEM0441",0,1962-01-01,1962-12-31
"MEM0372",0,1962-01-01,1962-12-31
"MEM0238",0.00517826493992823,1962-01-01,1962-12-31
"MEM0358",0.018752993279932,1962-01-01,1962-12-31
"MEM0304",0,1962-01-01,1962-12-31
"MEM0403",1.51956948859914,1962-01-01,1962-12-31
"MEM0479",0.196225955972707,1962-01-01,1962-12-31
"MEM0305",0.403339154246423,1962-01-01,1962-12-31
"MEM0268",0,1962-01-01,1962-12-31
"MEM0555",0,1962-01-01,1962-12-31
"MEM0269",0,1962-01-01,1962-12-31
"MEM0363",0,1962-01-01,1962-12-31
"MEM0423",0.230227358848048,1962-01-01,1962-12-31
"MEM0523",0,1962-01-01,1962-12-31
"MEM0309",2.93850901655405,1962-01-01,1962-12-31
"MEM0311",2.3544562807038,1962-01-01,1962-12-31
"MEM0348",0.52455764083773,1962-01-01,1962-12-31
"MEM0514",0,1962-01-01,1962-12-31
"MEM0445",0,1962-01-01,1962-12-31
"MEM0313",0.0720663185931189,1962-01-01,1962-12-31
"MEM0315",0.0986888809702042,1962-01-01,1962-12-31
"MEM0529",0,1962-01-01,1962-12-31
"MEM0485",0.119691636325634,1962-01-01,1962-12-31
"MEM0256",0.623877803883867,1962-01-01,1962-12-31
"MEM0394",0,1962-01-01,1962-12-31
"MEM0510",1.09523135231331,1962-01-01,1962-12-31
"MEM0359",0,1962-01-01,1962-12-31
"MEM0301",0,1962-01-01,1962-12-31
"MEM0303",0,1962-01-01,1962-12-31
"MEM0336",0,1962-01-01,1962-12-31
"MEM0378",1.47628904226268,1962-01-01,1962-12-31
"MEM0327",0.0200459608938711,1962-01-01,1962-12-31
"MEM0554",0.225860318100171,1962-01-01,1962-12-31
"MEM0557",0.301218010836562,1962-01-01,1962-12-31
"MEM0312",0.52455764083773,1962-01-01,1962-12-31
"MEM0254",0,1962-01-01,1962-12-31
"MEM0416",0.0098375622940605,1962-01-01,1962-12-31
"MEM0257",0.311361833199972,1962-01-01,1962-12-31
"MEM0298",0,1962-01-01,1962-12-31
"MEM0334",0.069607449162821,1962-01-01,1962-12-31
"MEM0357",0,1962-01-01,1962-12-31
"MEM0291",0,1962-01-01,1962-12-31
"MEM0240",0,1962-01-01,1962-12-31
"MEM0243",0,1962-01-01,1962-12-31
"MEM0362",0.301218010836562,1962-01-01,1962-12-31
"MEM0249",0,1962-01-01,1962-12-31
"MEM0286",0,1962-01-01,1962-12-31
"MEM0525",0.139992678330107,1962-01-01,1962-12-31
"MEM0413",0,1962-01-01,1962-12-31
"MEM0415",0,1962-01-01,1962-12-31
"MEM0537",0.225860318100171,1962-01-01,1962-12-31
"MEM0471",0.225860318100171,1962-01-01,1962-12-31
"MEM0541",0,1962-01-01,1962-12-31
"MEM0242",0,1962-01-01,1962-12-31
"MEM0426",0,1962-01-01,1962-12-31
"MEM0436",0,1962-01-01,1962-12-31
"MEM0546",0.252267128682715,1962-01-01,1962-12-31
"MEM0453",0,1962-01-01,1962-12-31
"MEM0360",0,1962-01-01,1962-12-31
"MEM0526",0.00286684554369315,1962-01-01,1962-12-31
"MEM0258",0,1962-01-01,1962-12-31
"MEM0417",0.069607449162821,1962-01-01,1962-12-31
"MEM0521",0.225860318100171,1962-01-01,1962-12-31
"MEM0252",0,1962-01-01,1962-12-31
"MEM0506",0,1962-01-01,1962-12-31
"MEM0474",0,1962-01-01,1962-12-31
"MEM0477",1.12764048401054,1962-01-01,1962-12-31
"MEM0549",0,1962-01-01,1962-12-31
"MEM0475",0.0491016210463689,1962-01-01,1962-12-31
"MEM0351",0.102335022790518,1962-01-01,1962-12-31
"MEM0504",0,1962-01-01,1962-12-31
"MEM0307",0.484499287241057,1962-01-01,1962-12-31
"MEM0435",0,1962-01-01,1962-12-31
"MEM0567",0,1962-01-01,1962-12-31
"MEM0400",0,1962-01-01,1962-12-31
"MEM0465",0,1962-01-01,1962-12-31
"MEM0527",0,1962-01-01,1962-12-31
"MEM0572",0.0200459608938711,1962-01-01,1962-12-31
"MEM0565",0,1962-01-01,1962-12-31
"MEM0496",0,1962-01-01,1962-12-31
"MEM0431",0.981023450293227,1962-01-01,1962-12-31
"MEM0454",0,1962-01-01,1962-12-31
"MEM0570",0,1962-01-01,1962-12-31
"MEM0561",0,1962-01-01,1962-12-31
"MEM0215",0,1962-01-01,1962-12-31
"MEM0401",0,1962-01-01,1962-12-31
"MEM0129",0,1962-01-01,1962-12-31
"MEM0535",0.382418311808621,1962-01-01,1962-12-31
"MEM0444",0.0691615107581494,1962-01-01,1962-12-31
"MEM0167",0,1962-01-01,1962-12-31
"MEM0562",0,1962-01-01,1962-12-31
"MEM0241",0,1962-01-01,1962-12-31
"MEM0528",0,1962-01-01,1962-12-31
"MEM0383",0,1962-01-01,1962-12-31
"MEM0342",0,1962-01-01,1962-12-31
"MEM0571",0,1962-01-01,1962-12-31
"MEM0564",0,1962-01-01,1962-12-31
"MEM0021",0,1963-01-01,1963-12-31
"MEM0056",0,1963-01-01,1963-12-31
"MEM0081",0.920025450159696,1963-01-01,1963-12-31
"MEM0008",0.198123637660642,1963-01-01,1963-12-31
"MEM0009",0,1963-01-01,1963-12-31
"MEM0012",0.0699829471588249,1963-01-01,1963-12-31
"MEM0026",0,1963-01-01,1963-12-31
"MEM0027",0,1963-01-01,1963-12-31
"MEM0029",0,1963-01-01,1963-12-31
"MEM0046",0,1963-01-01,1963-12-31
"MEM0055",0,1963-01-01,1963-12-31
"MEM0062",0,1963-01-01,1963-12-31
"MEM0100",1.28083609455391,1963-01-01,1963-12-31
"MEM0106",0,1963-01-01,1963-12-31
"MEM0113",0,1963-01-01,1963-12-31
"MEM0121",0.273022586170122,1963-01-01,1963-12-31
"MEM0118",0,1963-01-01,1963-12-31
"MEM0127",0,1963-01-01,1963-12-31
"MEM0142",0.0223244291800551,1963-01-01,1963-12-31
"MEM0162",0,1963-01-01,1963-12-31
"MEM0172",0,1963-01-01,1963-12-31
"MEM0195",0,1963-01-01,1963-12-31
"MEM0217",0,1963-01-01,1963-12-31
"MEM0223",1.06291242661181,1963-01-01,1963-12-31
"MEM0225",0,1963-01-01,1963-12-31
"MEM0227",0,1963-01-01,1963-12-31
"MEM0232",0,1963-01-01,1963-12-31
"MEM0111",0,1963-01-01,1963-12-31
"MEM0184",0,1963-01-01,1963-12-31
"MEM0039",0,1963-01-01,1963-12-31
"MEM0045",0,1963-01-01,1963-12-31
"MEM0048",0.502549175816824,1963-01-01,1963-12-31
"MEM0049",0,1963-01-01,1963-12-31
"MEM0053",0.0468219928881723,1963-01-01,1963-12-31
"MEM0066",0.163946062219732,1963-01-01,1963-12-31
"MEM0073",0,1963-01-01,1963-12-31
"MEM0075",0.000578826440438317,1963-01-01,1963-12-31
"MEM0082",2.09496774035656,1963-01-01,1963-12-31
"MEM0098",0.148364873257055,1963-01-01,1963-12-31
"MEM0101",0,1963-01-01,1963-12-31
"MEM0114",1.64316891255388,1963-01-01,1963-12-31
"MEM0116",0,1963-01-01,1963-12-31
"MEM0168",0.312999160475833,1963-01-01,1963-12-31
"MEM0080",0,1963-01-01,1963-12-31
"MEM0004",0,1963-01-01,1963-12-31
"MEM0016",0,1963-01-01,1963-12-31
"MEM0042",0,1963-01-01,1963-12-31
"MEM0076",0,1963-01-01,1963-12-31
"MEM0083",0,1963-01-01,1963-12-31
"MEM0096",0,1963-01-01,1963-12-31
"MEM0104",0,1963-01-01,1963-12-31
"MEM0109",0,1963-01-01,1963-12-31
"MEM0141",0,1963-01-01,1963-12-31
"MEM0165",0,1963-01-01,1963-12-31
"MEM0231",0,1963-01-01,1963-12-31
"MEM0175",0,1963-01-01,1963-12-31
"MEM0003",0,1963-01-01,1963-12-31
"MEM0089",0.142051215306529,1963-01-01,1963-12-31
"MEM0110",0,1963-01-01,1963-12-31
"MEM0119",0,1963-01-01,1963-12-31
"MEM0158",0,1963-01-01,1963-12-31
"MEM0187",0.319623368872749,1963-01-01,1963-12-31
"MEM0190",0,1963-01-01,1963-12-31
"MEM0210",0,1963-01-01,1963-12-31
"MEM0220",0.0225763512944536,1963-01-01,1963-12-31
"MEM0229",2.90021737224019,1963-01-01,1963-12-31
"MEM0135",2.09496774035656,1963-01-01,1963-12-31
"MEM0138",0.0833333333333333,1963-01-01,1963-12-31
"MEM0143",0.0115125425916,1963-01-01,1963-12-31
"MEM0199",0,1963-01-01,1963-12-31
"MEM0019",0,1963-01-01,1963-12-31
"MEM0130",0,1963-01-01,1963-12-31
"MEM0163",0,1963-01-01,1963-12-31
"MEM0206",0.0179828103631955,1963-01-01,1963-12-31
"MEM0125",0,1963-01-01,1963-12-31
"MEM0146",0,1963-01-01,1963-12-31
"MEM0226",0,1963-01-01,1963-12-31
"MEM0214",0,1963-01-01,1963-12-31
"MEM0179",0.0225763512944536,1963-01-01,1963-12-31
"MEM0390",0,1963-01-01,1963-12-31
"MEM0369",0,1963-01-01,1963-12-31
"MEM0391",0.198123637660642,1963-01-01,1963-12-31
"MEM0470",0,1963-01-01,1963-12-31
"MEM0545",0.605938360078961,1963-01-01,1963-12-31
"MEM0505",0.22984820193266,1963-01-01,1963-12-31
"MEM0320",0,1963-01-01,1963-12-31
"MEM0506",0.414346793288727,1963-01-01,1963-12-31
"MEM0370",0,1963-01-01,1963-12-31
"MEM0396",0,1963-01-01,1963-12-31
"MEM0476",0,1963-01-01,1963-12-31
"MEM0322",0.390480076493825,1963-01-01,1963-12-31
"MEM0399",1.02737837138636,1963-01-01,1963-12-31
"MEM0547",0.232696678100474,1963-01-01,1963-12-31
"MEM0442",0,1963-01-01,1963-12-31
"MEM0548",0.434172624604052,1963-01-01,1963-12-31
"MEM0291",0,1963-01-01,1963-12-31
"MEM0510",0.125150673180519,1963-01-01,1963-12-31
"MEM0239",0,1963-01-01,1963-12-31
"MEM0243",0.00457900865742943,1963-01-01,1963-12-31
"MEM0454",4.86741465939503,1963-01-01,1963-12-31
"MEM0305",0.817593669339569,1963-01-01,1963-12-31
"MEM0404",0,1963-01-01,1963-12-31
"MEM0555",0.560040796806587,1963-01-01,1963-12-31
"MEM0269",0.506180598423585,1963-01-01,1963-12-31
"MEM0405",0.569404772655843,1963-01-01,1963-12-31
"MEM0406",0,1963-01-01,1963-12-31
"MEM0247",0.0941127357763445,1963-01-01,1963-12-31
"MEM0407",2.09913440702321,1963-01-01,1963-12-31
"MEM0481",0,1963-01-01,1963-12-31
"MEM0409",0,1963-01-01,1963-12-31
"MEM0281",0,1963-01-01,1963-12-31
"MEM0428",0.399794865789147,1963-01-01,1963-12-31
"MEM0347",0,1963-01-01,1963-12-31
"MEM0515",0,1963-01-01,1963-12-31
"MEM0482",0.312999160475833,1963-01-01,1963-12-31
"MEM0364",0,1963-01-01,1963-12-31
"MEM0251",3.65262381726147,1963-01-01,1963-12-31
"MEM0410",0,1963-01-01,1963-12-31
"MEM0287",0,1963-01-01,1963-12-31
"MEM0274",0,1963-01-01,1963-12-31
"MEM0314",0.31789366707949,1963-01-01,1963-12-31
"MEM0449",0,1963-01-01,1963-12-31
"MEM0501",0,1963-01-01,1963-12-31
"MEM0331",0,1963-01-01,1963-12-31
"MEM0316",1.18288119189498,1963-01-01,1963-12-31
"MEM0559",0.242546043737859,1963-01-01,1963-12-31
"MEM0519",0.0223244291800551,1963-01-01,1963-12-31
"MEM0484",0.125150673180519,1963-01-01,1963-12-31
"MEM0462",0.391666917182905,1963-01-01,1963-12-31
"MEM0318",0.312999160475833,1963-01-01,1963-12-31
"MEM0486",0,1963-01-01,1963-12-31
"MEM0468",0.0941127357763445,1963-01-01,1963-12-31
"MEM0487",0.462163048137168,1963-01-01,1963-12-31
"MEM0467",0,1963-01-01,1963-12-31
"MEM0367",0,1963-01-01,1963-12-31
"MEM0570",0,1963-01-01,1963-12-31
"MEM0353",0,1963-01-01,1963-12-31
"MEM0297",0.312999160475833,1963-01-01,1963-12-31
"MEM0543",0.244133542220523,1963-01-01,1963-12-31
"MEM0469",0.0696151720682272,1963-01-01,1963-12-31
"MEM0544",0.183344600444026,1963-01-01,1963-12-31
"MEM0235",0.0560286524808393,1963-01-01,1963-12-31
"MEM0507",0,1963-01-01,1963-12-31
"MEM0472",0,1963-01-01,1963-12-31
"MEM0451",0,1963-01-01,1963-12-31
"MEM0508",0.0223244291800551,1963-01-01,1963-12-31
"MEM0438",0,1963-01-01,1963-12-31
"MEM0236",0,1963-01-01,1963-12-31
"MEM0300",0,1963-01-01,1963-12-31
"MEM0441",0,1963-01-01,1963-12-31
"MEM0372",0,1963-01-01,1963-12-31
"MEM0238",0.231077501108814,1963-01-01,1963-12-31
"MEM0358",0.0117261535409037,1963-01-01,1963-12-31
"MEM0304",0,1963-01-01,1963-12-31
"MEM0403",2.09913440702321,1963-01-01,1963-12-31
"MEM0479",0.166479920845901,1963-01-01,1963-12-31
"MEM0534",0,1963-01-01,1963-12-31
"MEM0363",0,1963-01-01,1963-12-31
"MEM0523",0.109167618876819,1963-01-01,1963-12-31
"MEM0309",0.583103451654196,1963-01-01,1963-12-31
"MEM0311",0.170938201815982,1963-01-01,1963-12-31
"MEM0348",0.0262565194974198,1963-01-01,1963-12-31
"MEM0514",0,1963-01-01,1963-12-31
"MEM0445",0,1963-01-01,1963-12-31
"MEM0313",0.019368336531079,1963-01-01,1963-12-31
"MEM0446",0,1963-01-01,1963-12-31
"MEM0517",0,1963-01-01,1963-12-31
"MEM0315",0.0433187223654913,1963-01-01,1963-12-31
"MEM0529",0,1963-01-01,1963-12-31
"MEM0485",0.100714187912658,1963-01-01,1963-12-31
"MEM0256",0.672743592620882,1963-01-01,1963-12-31
"MEM0394",0,1963-01-01,1963-12-31
"MEM0397",0,1963-01-01,1963-12-31
"MEM0359",0,1963-01-01,1963-12-31
"MEM0301",0,1963-01-01,1963-12-31
"MEM0303",0,1963-01-01,1963-12-31
"MEM0336",0,1963-01-01,1963-12-31
"MEM0378",0,1963-01-01,1963-12-31
"MEM0327",0.0161703846050286,1963-01-01,1963-12-31
"MEM0554",0.514637369025093,1963-01-01,1963-12-31
"MEM0268",0,1963-01-01,1963-12-31
"MEM0557",0.125150673180519,1963-01-01,1963-12-31
"MEM0312",1.09902667172494,1963-01-01,1963-12-31
"MEM0254",0,1963-01-01,1963-12-31
"MEM0416",0.00571851274847566,1963-01-01,1963-12-31
"MEM0257",0.0696806766044674,1963-01-01,1963-12-31
"MEM0334",1.26256045655484,1963-01-01,1963-12-31
"MEM0240",0,1963-01-01,1963-12-31
"MEM0362",0.125150673180519,1963-01-01,1963-12-31
"MEM0249",0,1963-01-01,1963-12-31
"MEM0286",0,1963-01-01,1963-12-31
"MEM0415",0,1963-01-01,1963-12-31
"MEM0537",0.312999160475833,1963-01-01,1963-12-31
"MEM0471",0.312999160475833,1963-01-01,1963-12-31
"MEM0298",0,1963-01-01,1963-12-31
"MEM0541",0,1963-01-01,1963-12-31
"MEM0242",0,1963-01-01,1963-12-31
"MEM0426",0,1963-01-01,1963-12-31
"MEM0413",0,1963-01-01,1963-12-31
"MEM0436",0,1963-01-01,1963-12-31
"MEM0546",0.214150866815149,1963-01-01,1963-12-31
"MEM0453",0,1963-01-01,1963-12-31
"MEM0360",0,1963-01-01,1963-12-31
"MEM0526",0.108528129389727,1963-01-01,1963-12-31
"MEM0258",0,1963-01-01,1963-12-31
"MEM0417",0.198123637660642,1963-01-01,1963-12-31
"MEM0521",0.312999160475833,1963-01-01,1963-12-31
"MEM0252",0,1963-01-01,1963-12-31
"MEM0474",0,1963-01-01,1963-12-31
"MEM0477",1.54798679085443,1963-01-01,1963-12-31
"MEM0549",0,1963-01-01,1963-12-31
"MEM0340",0,1963-01-01,1963-12-31
"MEM0475",0.111599240224794,1963-01-01,1963-12-31
"MEM0351",0.0941127357763445,1963-01-01,1963-12-31
"MEM0504",0,1963-01-01,1963-12-31
"MEM0567",0,1963-01-01,1963-12-31
"MEM0535",0,1963-01-01,1963-12-31
"MEM0525",0.00221877742402479,1963-01-01,1963-12-31
"MEM0400",0,1963-01-01,1963-12-31
"MEM0241",0.0555555555555556,1963-01-01,1963-12-31
"MEM0307",0,1963-01-01,1963-12-31
"MEM0423",0,1963-01-01,1963-12-31
"MEM0527",0,1963-01-01,1963-12-31
"MEM0129",0,1963-01-01,1963-12-31
"MEM0572",0.0700551321345035,1963-01-01,1963-12-31
"MEM0191",0,1963-01-01,1963-12-31
"MEM0431",1.06860348556085,1963-01-01,1963-12-31
"MEM0565",0,1963-01-01,1963-12-31
"MEM0561",0.000294825910215624,1963-01-01,1963-12-31
"MEM0215",0,1963-01-01,1963-12-31
"MEM0401",0,1963-01-01,1963-12-31
"MEM0496",0,1963-01-01,1963-12-31
"MEM0167",0,1963-01-01,1963-12-31
"MEM0562",0,1963-01-01,1963-12-31
"MEM0528",0,1963-01-01,1963-12-31
"MEM0444",0,1963-01-01,1963-12-31
"MEM0478",0,1963-01-01,1963-12-31
"MEM0571",0,1963-01-01,1963-12-31
"MEM0342",0,1963-01-01,1963-12-31
"MEM0021",0,1964-01-01,1964-12-31
"MEM0056",0,1964-01-01,1964-12-31
"MEM0081",0.881403307005379,1964-01-01,1964-12-31
"MEM0136",0,1964-01-01,1964-12-31
"MEM0008",0.146755884476073,1964-01-01,1964-12-31
"MEM0009",0,1964-01-01,1964-12-31
"MEM0012",0.150697533791165,1964-01-01,1964-12-31
"MEM0026",0,1964-01-01,1964-12-31
"MEM0027",0,1964-01-01,1964-12-31
"MEM0029",0,1964-01-01,1964-12-31
"MEM0046",0,1964-01-01,1964-12-31
"MEM0062",0.0252980799863619,1964-01-01,1964-12-31
"MEM0113",0,1964-01-01,1964-12-31
"MEM0121",0,1964-01-01,1964-12-31
"MEM0118",0,1964-01-01,1964-12-31
"MEM0127",0,1964-01-01,1964-12-31
"MEM0129",0,1964-01-01,1964-12-31
"MEM0142",0.567998265494396,1964-01-01,1964-12-31
"MEM0162",0.00885249629669273,1964-01-01,1964-12-31
"MEM0172",1.1455700462003,1964-01-01,1964-12-31
"MEM0185",0.108000573387047,1964-01-01,1964-12-31
"MEM0195",0,1964-01-01,1964-12-31
"MEM0204",0,1964-01-01,1964-12-31
"MEM0217",0,1964-01-01,1964-12-31
"MEM0223",0.988012598435159,1964-01-01,1964-12-31
"MEM0225",0,1964-01-01,1964-12-31
"MEM0227",0,1964-01-01,1964-12-31
"MEM0232",0,1964-01-01,1964-12-31
"MEM0111",0,1964-01-01,1964-12-31
"MEM0184",0,1964-01-01,1964-12-31
"MEM0039",0,1964-01-01,1964-12-31
"MEM0045",0,1964-01-01,1964-12-31
"MEM0048",0.614744390632077,1964-01-01,1964-12-31
"MEM0049",0,1964-01-01,1964-12-31
"MEM0053",0.036502987795497,1964-01-01,1964-12-31
"MEM0055",0.0153591561601241,1964-01-01,1964-12-31
"MEM0066",0.167062298404211,1964-01-01,1964-12-31
"MEM0073",0,1964-01-01,1964-12-31
"MEM0075",0.000589654082301141,1964-01-01,1964-12-31
"MEM0082",2.16598972922503,1964-01-01,1964-12-31
"MEM0098",0,1964-01-01,1964-12-31
"MEM0100",0,1964-01-01,1964-12-31
"MEM0101",0,1964-01-01,1964-12-31
"MEM0114",0.190797829174982,1964-01-01,1964-12-31
"MEM0116",0,1964-01-01,1964-12-31
"MEM0168",0.676449183529513,1964-01-01,1964-12-31
"MEM0080",0,1964-01-01,1964-12-31
"MEM0004",0,1964-01-01,1964-12-31
"MEM0016",0,1964-01-01,1964-12-31
"MEM0042",0,1964-01-01,1964-12-31
"MEM0076",0,1964-01-01,1964-12-31
"MEM0083",0,1964-01-01,1964-12-31
"MEM0096",0,1964-01-01,1964-12-31
"MEM0104",0,1964-01-01,1964-12-31
"MEM0109",0,1964-01-01,1964-12-31
"MEM0141",0,1964-01-01,1964-12-31
"MEM0165",0,1964-01-01,1964-12-31
"MEM0231",0,1964-01-01,1964-12-31
"MEM0175",0,1964-01-01,1964-12-31
"MEM0003",0,1964-01-01,1964-12-31
"MEM0089",0.00682825783980945,1964-01-01,1964-12-31
"MEM0110",0,1964-01-01,1964-12-31
"MEM0119",0,1964-01-01,1964-12-31
"MEM0158",0,1964-01-01,1964-12-31
"MEM0187",0.459576637541974,1964-01-01,1964-12-31
"MEM0190",0,1964-01-01,1964-12-31
"MEM0210",0,1964-01-01,1964-12-31
"MEM0220",0.0252980799863619,1964-01-01,1964-12-31
"MEM0229",2.77841088641901,1964-01-01,1964-12-31
"MEM0135",2.16598972922503,1964-01-01,1964-12-31
"MEM0138",1.19038961038962,1964-01-01,1964-12-31
"MEM0147",0,1964-01-01,1964-12-31
"MEM0143",0.0252928753193243,1964-01-01,1964-12-31
"MEM0199",0,1964-01-01,1964-12-31
"MEM0019",0,1964-01-01,1964-12-31
"MEM0130",0,1964-01-01,1964-12-31
"MEM0163",0,1964-01-01,1964-12-31
"MEM0206",0.0275111946022252,1964-01-01,1964-12-31
"MEM0125",0,1964-01-01,1964-12-31
"MEM0146",0,1964-01-01,1964-12-31
"MEM0226",0,1964-01-01,1964-12-31
"MEM0214",0,1964-01-01,1964-12-31
"MEM0179",0.0252980799863619,1964-01-01,1964-12-31
"MEM0390",0,1964-01-01,1964-12-31
"MEM0369",0,1964-01-01,1964-12-31
"MEM0391",0.146755884476073,1964-01-01,1964-12-31
"MEM0470",0,1964-01-01,1964-12-31
"MEM0505",0.764652788409954,1964-01-01,1964-12-31
"MEM0320",0,1964-01-01,1964-12-31
"MEM0506",0.43089161284347,1964-01-01,1964-12-31
"MEM0370",0,1964-01-01,1964-12-31
"MEM0396",0,1964-01-01,1964-12-31
"MEM0373",0,1964-01-01,1964-12-31
"MEM0399",1.16836266357074,1964-01-01,1964-12-31
"MEM0547",0.461744031950438,1964-01-01,1964-12-31
"MEM0548",0.483227625833167,1964-01-01,1964-12-31
"MEM0291",0,1964-01-01,1964-12-31
"MEM0510",0.0153591561601241,1964-01-01,1964-12-31
"MEM0239",0,1964-01-01,1964-12-31
"MEM0243",0.00283914070678777,1964-01-01,1964-12-31
"MEM0305",0.83207454731183,1964-01-01,1964-12-31
"MEM0404",0,1964-01-01,1964-12-31
"MEM0555",0.714599722524803,1964-01-01,1964-12-31
"MEM0269",0.186822001527877,1964-01-01,1964-12-31
"MEM0405",0.169511999013061,1964-01-01,1964-12-31
"MEM0406",0,1964-01-01,1964-12-31
"MEM0247",0,1964-01-01,1964-12-31
"MEM0380",0,1964-01-01,1964-12-31
"MEM0407",2.16946195144726,1964-01-01,1964-12-31
"MEM0481",0,1964-01-01,1964-12-31
"MEM0557",0.614607421654518,1964-01-01,1964-12-31
"MEM0281",0,1964-01-01,1964-12-31
"MEM0347",0,1964-01-01,1964-12-31
"MEM0482",0.676449183529513,1964-01-01,1964-12-31
"MEM0251",4.21620213426271,1964-01-01,1964-12-31
"MEM0410",0,1964-01-01,1964-12-31
"MEM0287",0,1964-01-01,1964-12-31
"MEM0274",0,1964-01-01,1964-12-31
"MEM0314",0.0362648610039097,1964-01-01,1964-12-31
"MEM0449",0,1964-01-01,1964-12-31
"MEM0331",0,1964-01-01,1964-12-31
"MEM0316",1.04012215323341,1964-01-01,1964-12-31
"MEM0559",0.528667124914945,1964-01-01,1964-12-31
"MEM0519",0.567998265494396,1964-01-01,1964-12-31
"MEM0484",0.0153591561601241,1964-01-01,1964-12-31
"MEM0462",0.884848263139734,1964-01-01,1964-12-31
"MEM0318",0.676449183529513,1964-01-01,1964-12-31
"MEM0486",0,1964-01-01,1964-12-31
"MEM0468",0.0834226422576608,1964-01-01,1964-12-31
"MEM0467",0,1964-01-01,1964-12-31
"MEM0367",0,1964-01-01,1964-12-31
"MEM0570",0,1964-01-01,1964-12-31
"MEM0353",0,1964-01-01,1964-12-31
"MEM0297",0.676449183529513,1964-01-01,1964-12-31
"MEM0543",1.10581364553116,1964-01-01,1964-12-31
"MEM0469",0.61491791995656,1964-01-01,1964-12-31
"MEM0544",0.242081433124215,1964-01-01,1964-12-31
"MEM0235",0.452247772293854,1964-01-01,1964-12-31
"MEM0507",0,1964-01-01,1964-12-31
"MEM0472",0,1964-01-01,1964-12-31
"MEM0451",4.62901387827851,1964-01-01,1964-12-31
"MEM0438",0,1964-01-01,1964-12-31
"MEM0236",0.108926280010546,1964-01-01,1964-12-31
"MEM0300",0,1964-01-01,1964-12-31
"MEM0441",0,1964-01-01,1964-12-31
"MEM0372",0,1964-01-01,1964-12-31
"MEM0238",0.169018815453387,1964-01-01,1964-12-31
"MEM0358",0.0552162117174655,1964-01-01,1964-12-31
"MEM0304",0,1964-01-01,1964-12-31
"MEM0403",2.16946195144726,1964-01-01,1964-12-31
"MEM0479",0.984958693259708,1964-01-01,1964-12-31
"MEM0361",0,1964-01-01,1964-12-31
"MEM0454",0,1964-01-01,1964-12-31
"MEM0534",0,1964-01-01,1964-12-31
"MEM0363",0,1964-01-01,1964-12-31
"MEM0523",0.311676194506531,1964-01-01,1964-12-31
"MEM0381",0,1964-01-01,1964-12-31
"MEM0309",0.267211622442309,1964-01-01,1964-12-31
"MEM0311",0,1964-01-01,1964-12-31
"MEM0348",0.0189825452750545,1964-01-01,1964-12-31
"MEM0514",0,1964-01-01,1964-12-31
"MEM0445",0,1964-01-01,1964-12-31
"MEM0313",0.0532198088670689,1964-01-01,1964-12-31
"MEM0446",0,1964-01-01,1964-12-31
"MEM0517",0.0567070691248321,1964-01-01,1964-12-31
"MEM0315",0.0687655947799855,1964-01-01,1964-12-31
"MEM0483",0,1964-01-01,1964-12-31
"MEM0529",0,1964-01-01,1964-12-31
"MEM0485",0.5020971743409,1964-01-01,1964-12-31
"MEM0435",0.249426958011393,1964-01-01,1964-12-31
"MEM0256",0.535488025094739,1964-01-01,1964-12-31
"MEM0487",0.116274879553023,1964-01-01,1964-12-31
"MEM0394",0,1964-01-01,1964-12-31
"MEM0508",0,1964-01-01,1964-12-31
"MEM0397",0,1964-01-01,1964-12-31
"MEM0475",0.554341971207733,1964-01-01,1964-12-31
"MEM0478",0,1964-01-01,1964-12-31
"MEM0359",0,1964-01-01,1964-12-31
"MEM0301",0,1964-01-01,1964-12-31
"MEM0303",0,1964-01-01,1964-12-31
"MEM0336",0,1964-01-01,1964-12-31
"MEM0378",0,1964-01-01,1964-12-31
"MEM0327",0.066006275099558,1964-01-01,1964-12-31
"MEM0268",0,1964-01-01,1964-12-31
"MEM0312",0.2722960579083,1964-01-01,1964-12-31
"MEM0254",0,1964-01-01,1964-12-31
"MEM0416",0.542316282934548,1964-01-01,1964-12-31
"MEM0334",0.269925461488696,1964-01-01,1964-12-31
"MEM0322",0,1964-01-01,1964-12-31
"MEM0357",0,1964-01-01,1964-12-31
"MEM0240",0,1964-01-01,1964-12-31
"MEM0554",0.11394114734575,1964-01-01,1964-12-31
"MEM0362",0.0153591561601241,1964-01-01,1964-12-31
"MEM0249",0,1964-01-01,1964-12-31
"MEM0286",0,1964-01-01,1964-12-31
"MEM0415",0,1964-01-01,1964-12-31
"MEM0434",0,1964-01-01,1964-12-31
"MEM0537",0,1964-01-01,1964-12-31
"MEM0471",0.0189825452750545,1964-01-01,1964-12-31
"MEM0545",0.25391601486803,1964-01-01,1964-12-31
"MEM0298",0,1964-01-01,1964-12-31
"MEM0541",0,1964-01-01,1964-12-31
"MEM0242",0,1964-01-01,1964-12-31
"MEM0426",0.0153591561601241,1964-01-01,1964-12-31
"MEM0413",0,1964-01-01,1964-12-31
"MEM0257",0.161928594025747,1964-01-01,1964-12-31
"MEM0436",0,1964-01-01,1964-12-31
"MEM0546",0.25391601486803,1964-01-01,1964-12-31
"MEM0360",0,1964-01-01,1964-12-31
"MEM0526",0.116274879553023,1964-01-01,1964-12-31
"MEM0258",0,1964-01-01,1964-12-31
"MEM0417",0.146755884476073,1964-01-01,1964-12-31
"MEM0521",0.841062356733345,1964-01-01,1964-12-31
"MEM0252",0,1964-01-01,1964-12-31
"MEM0474",0,1964-01-01,1964-12-31
"MEM0477",0.190797829174982,1964-01-01,1964-12-31
"MEM0549",0,1964-01-01,1964-12-31
"MEM0340",0,1964-01-01,1964-12-31
"MEM0241",4.15798573975045,1964-01-01,1964-12-31
"MEM0351",0.0834226422576608,1964-01-01,1964-12-31
"MEM0504",0,1964-01-01,1964-12-31
"MEM0364",0,1964-01-01,1964-12-31
"MEM0567",0,1964-01-01,1964-12-31
"MEM0535",0,1964-01-01,1964-12-31
"MEM0572",1.41291700300864,1964-01-01,1964-12-31
"MEM0525",0.00310957836482979,1964-01-01,1964-12-31
"MEM0400",0.00366882017034456,1964-01-01,1964-12-31
"MEM0307",0,1964-01-01,1964-12-31
"MEM0191",0,1964-01-01,1964-12-31
"MEM0431",1.05865800865801,1964-01-01,1964-12-31
"MEM0565",0,1964-01-01,1964-12-31
"MEM0453",0,1964-01-01,1964-12-31
"MEM0561",0.00056694394929689,1964-01-01,1964-12-31
"MEM0215",0,1964-01-01,1964-12-31
"MEM0401",0,1964-01-01,1964-12-31
"MEM0423",0,1964-01-01,1964-12-31
"MEM0496",0,1964-01-01,1964-12-31
"MEM0167",0,1964-01-01,1964-12-31
"MEM0562",0,1964-01-01,1964-12-31
"MEM0527",0,1964-01-01,1964-12-31
"MEM0501",0.272062314989724,1964-01-01,1964-12-31
"MEM0444",0,1964-01-01,1964-12-31
"MEM0528",0,1964-01-01,1964-12-31
"MEM0383",0,1964-01-01,1964-12-31
"MEM0571",0,1964-01-01,1964-12-31
"MEM0342",0,1964-01-01,1964-12-31
"MEM0564",0,1964-01-01,1964-12-31
"MEM0021",0,1965-01-01,1965-12-31
"MEM0056",0,1965-01-01,1965-12-31
"MEM0136",0.52127124276025,1965-01-01,1965-12-31
"MEM0211",0,1965-01-01,1965-12-31
"MEM0219",0,1965-01-01,1965-12-31
"MEM0008",0.0124874628108417,1965-01-01,1965-12-31
"MEM0009",0,1965-01-01,1965-12-31
"MEM0012",0.571289732690861,1965-01-01,1965-12-31
"MEM0027",0,1965-01-01,1965-12-31
"MEM0029",0,1965-01-01,1965-12-31
"MEM0046",0,1965-01-01,1965-12-31
"MEM0059",0,1965-01-01,1965-12-31
"MEM0062",0.068000598414794,1965-01-01,1965-12-31
"MEM0109",0.0742186431591315,1965-01-01,1965-12-31
"MEM0113",0.023240625389078,1965-01-01,1965-12-31
"MEM0115",0,1965-01-01,1965-12-31
"MEM0121",0,1965-01-01,1965-12-31
"MEM0119",0.40097466429756,1965-01-01,1965-12-31
"MEM0129",0,1965-01-01,1965-12-31
"MEM0172",0.13130104314453,1965-01-01,1965-12-31
"MEM0185",0.0704372508901472,1965-01-01,1965-12-31
"MEM0195",0,1965-01-01,1965-12-31
"MEM0204",0,1965-01-01,1965-12-31
"MEM0217",0,1965-01-01,1965-12-31
"MEM0223",3.23172841008245,1965-01-01,1965-12-31
"MEM0225",0,1965-01-01,1965-12-31
"MEM0227",0,1965-01-01,1965-12-31
"MEM0232",0,1965-01-01,1965-12-31
"MEM0111",0,1965-01-01,1965-12-31
"MEM0184",0,1965-01-01,1965-12-31
"MEM0022",0,1965-01-01,1965-12-31
"MEM0034",0,1965-01-01,1965-12-31
"MEM0039",0,1965-01-01,1965-12-31
"MEM0045",0,1965-01-01,1965-12-31
"MEM0048",0.504019607209416,1965-01-01,1965-12-31
"MEM0049",0,1965-01-01,1965-12-31
"MEM0053",0.64409412972371,1965-01-01,1965-12-31
"MEM0055",0.41114092621216,1965-01-01,1965-12-31
"MEM0066",0.0102112849423497,1965-01-01,1965-12-31
"MEM0073",0.0133879828313662,1965-01-01,1965-12-31
"MEM0075",0.000456734510043334,1965-01-01,1965-12-31
"MEM0082",0.308753018472854,1965-01-01,1965-12-31
"MEM0098",0,1965-01-01,1965-12-31
"MEM0100",0,1965-01-01,1965-12-31
"MEM0101",0,1965-01-01,1965-12-31
"MEM0116",0,1965-01-01,1965-12-31
"MEM0118",0,1965-01-01,1965-12-31
"MEM0127",0,1965-01-01,1965-12-31
"MEM0142",0.629890290148791,1965-01-01,1965-12-31
"MEM0162",0,1965-01-01,1965-12-31
"MEM0168",0.680853205633208,1965-01-01,1965-12-31
"MEM0004",0,1965-01-01,1965-12-31
"MEM0016",0,1965-01-01,1965-12-31
"MEM0042",0,1965-01-01,1965-12-31
"MEM0076",0,1965-01-01,1965-12-31
"MEM0083",0,1965-01-01,1965-12-31
"MEM0096",0,1965-01-01,1965-12-31
"MEM0104",0,1965-01-01,1965-12-31
"MEM0141",0,1965-01-01,1965-12-31
"MEM0165",0.000784313725490196,1965-01-01,1965-12-31
"MEM0231",0,1965-01-01,1965-12-31
"MEM0175",0.000453528044935814,1965-01-01,1965-12-31
"MEM0003",0.13130104314453,1965-01-01,1965-12-31
"MEM0089",0.0128574765109964,1965-01-01,1965-12-31
"MEM0110",0,1965-01-01,1965-12-31
"MEM0158",0,1965-01-01,1965-12-31
"MEM0187",0.851542627888542,1965-01-01,1965-12-31
"MEM0190",0,1965-01-01,1965-12-31
"MEM0210",0,1965-01-01,1965-12-31
"MEM0220",0.068000598414794,1965-01-01,1965-12-31
"MEM0229",3.09066569028964,1965-01-01,1965-12-31
"MEM0135",0.308753018472854,1965-01-01,1965-12-31
"MEM0138",0,1965-01-01,1965-12-31
"MEM0147",1.83821460402346,1965-01-01,1965-12-31
"MEM0143",0.0133879828313662,1965-01-01,1965-12-31
"MEM0199",0,1965-01-01,1965-12-31
"MEM0019",0,1965-01-01,1965-12-31
"MEM0130",0,1965-01-01,1965-12-31
"MEM0163",0,1965-01-01,1965-12-31
"MEM0206",0.0583974959968673,1965-01-01,1965-12-31
"MEM0215",0.000453528044935814,1965-01-01,1965-12-31
"MEM0125",0,1965-01-01,1965-12-31
"MEM0146",0,1965-01-01,1965-12-31
"MEM0214",0,1965-01-01,1965-12-31
"MEM0179",0.068000598414794,1965-01-01,1965-12-31
"MEM0390",0.964421302830571,1965-01-01,1965-12-31
"MEM0369",0,1965-01-01,1965-12-31
"MEM0391",0.0124874628108417,1965-01-01,1965-12-31
"MEM0470",0,1965-01-01,1965-12-31
"MEM0505",0.58662870444645,1965-01-01,1965-12-31
"MEM0320",0,1965-01-01,1965-12-31
"MEM0506",0.141032004746538,1965-01-01,1965-12-31
"MEM0370",0,1965-01-01,1965-12-31
"MEM0396",0,1965-01-01,1965-12-31
"MEM0397",0.255152913389223,1965-01-01,1965-12-31
"MEM0373",0,1965-01-01,1965-12-31
"MEM0509",0,1965-01-01,1965-12-31
"MEM0547",0.144498265606945,1965-01-01,1965-12-31
"MEM0291",0,1965-01-01,1965-12-31
"MEM0510",0,1965-01-01,1965-12-31
"MEM0239",0.160308271139014,1965-01-01,1965-12-31
"MEM0243",0.161457072383898,1965-01-01,1965-12-31
"MEM0305",0.530600384807336,1965-01-01,1965-12-31
"MEM0404",0,1965-01-01,1965-12-31
"MEM0555",1.40257801270704,1965-01-01,1965-12-31
"MEM0269",0.210067163228927,1965-01-01,1965-12-31
"MEM0405",0.193147438772832,1965-01-01,1965-12-31
"MEM0406",0,1965-01-01,1965-12-31
"MEM0247",0,1965-01-01,1965-12-31
"MEM0380",0,1965-01-01,1965-12-31
"MEM0407",1.42284228980492,1965-01-01,1965-12-31
"MEM0459",0,1965-01-01,1965-12-31
"MEM0481",0.913176869898677,1965-01-01,1965-12-31
"MEM0513",0,1965-01-01,1965-12-31
"MEM0557",1.68359126628767,1965-01-01,1965-12-31
"MEM0281",0,1965-01-01,1965-12-31
"MEM0347",0,1965-01-01,1965-12-31
"MEM0383",4.20134326457859,1965-01-01,1965-12-31
"MEM0482",0.680853205633208,1965-01-01,1965-12-31
"MEM0364",0,1965-01-01,1965-12-31
"MEM0286",0.114199265954693,1965-01-01,1965-12-31
"MEM0251",2.05049178784289,1965-01-01,1965-12-31
"MEM0410",0,1965-01-01,1965-12-31
"MEM0287",0,1965-01-01,1965-12-31
"MEM0274",0,1965-01-01,1965-12-31
"MEM0314",0.107015489529758,1965-01-01,1965-12-31
"MEM0365",0,1965-01-01,1965-12-31
"MEM0449",0,1965-01-01,1965-12-31
"MEM0317",0,1965-01-01,1965-12-31
"MEM0331",0,1965-01-01,1965-12-31
"MEM0559",0.923421457411713,1965-01-01,1965-12-31
"MEM0519",0.629890290148791,1965-01-01,1965-12-31
"MEM0462",1.56476373422753,1965-01-01,1965-12-31
"MEM0318",0.680853205633208,1965-01-01,1965-12-31
"MEM0486",0,1965-01-01,1965-12-31
"MEM0468",3.67152724726256,1965-01-01,1965-12-31
"MEM0350",0,1965-01-01,1965-12-31
"MEM0467",3.62270976572449,1965-01-01,1965-12-31
"MEM0367",0,1965-01-01,1965-12-31
"MEM0567",0,1965-01-01,1965-12-31
"MEM0570",0,1965-01-01,1965-12-31
"MEM0353",0,1965-01-01,1965-12-31
"MEM0436",0.0936044460302886,1965-01-01,1965-12-31
"MEM0297",0.680853205633208,1965-01-01,1965-12-31
"MEM0544",0.183653194912386,1965-01-01,1965-12-31
"MEM0235",0.129446523198292,1965-01-01,1965-12-31
"MEM0507",0.0293514601163192,1965-01-01,1965-12-31
"MEM0472",0,1965-01-01,1965-12-31
"MEM0451",0.987835816144643,1965-01-01,1965-12-31
"MEM0438",0,1965-01-01,1965-12-31
"MEM0236",0,1965-01-01,1965-12-31
"MEM0299",0,1965-01-01,1965-12-31
"MEM0399",1.30657791447621,1965-01-01,1965-12-31
"MEM0441",0,1965-01-01,1965-12-31
"MEM0372",0,1965-01-01,1965-12-31
"MEM0238",0.0297731254331763,1965-01-01,1965-12-31
"MEM0358",0.14404106171857,1965-01-01,1965-12-31
"MEM0548",0.129446523198292,1965-01-01,1965-12-31
"MEM0377",0,1965-01-01,1965-12-31
"MEM0304",0,1965-01-01,1965-12-31
"MEM0479",0.318342344386366,1965-01-01,1965-12-31
"MEM0361",0,1965-01-01,1965-12-31
"MEM0454",0,1965-01-01,1965-12-31
"MEM0534",0.0205948199244046,1965-01-01,1965-12-31
"MEM0363",0,1965-01-01,1965-12-31
"MEM0279",0,1965-01-01,1965-12-31
"MEM0523",0.703506500670491,1965-01-01,1965-12-31
"MEM0381",0,1965-01-01,1965-12-31
"MEM0426",2.93669955853726,1965-01-01,1965-12-31
"MEM0309",0.256774393502574,1965-01-01,1965-12-31
"MEM0311",0,1965-01-01,1965-12-31
"MEM0348",0.017088279747616,1965-01-01,1965-12-31
"MEM0514",0.418779842515254,1965-01-01,1965-12-31
"MEM0445",0,1965-01-01,1965-12-31
"MEM0313",0.0196942976661335,1965-01-01,1965-12-31
"MEM0446",0,1965-01-01,1965-12-31
"MEM0517",0.0205948199244046,1965-01-01,1965-12-31
"MEM0501",0.129282169877909,1965-01-01,1965-12-31
"MEM0315",0.052799039715257,1965-01-01,1965-12-31
"MEM0316",0.178220532470443,1965-01-01,1965-12-31
"MEM0483",0,1965-01-01,1965-12-31
"MEM0529",0,1965-01-01,1965-12-31
"MEM0485",0.438760200112885,1965-01-01,1965-12-31
"MEM0435",0.187347639652458,1965-01-01,1965-12-31
"MEM0256",0.303398366028643,1965-01-01,1965-12-31
"MEM0487",0.170458756022119,1965-01-01,1965-12-31
"MEM0469",1.31398441987249,1965-01-01,1965-12-31
"MEM0394",0.303398366028643,1965-01-01,1965-12-31
"MEM0508",0,1965-01-01,1965-12-31
"MEM0475",0.651184129586519,1965-01-01,1965-12-31
"MEM0300",0,1965-01-01,1965-12-31
"MEM0478",0,1965-01-01,1965-12-31
"MEM0359",0,1965-01-01,1965-12-31
"MEM0301",0,1965-01-01,1965-12-31
"MEM0303",0,1965-01-01,1965-12-31
"MEM0336",0,1965-01-01,1965-12-31
"MEM0378",0,1965-01-01,1965-12-31
"MEM0268",0,1965-01-01,1965-12-31
"MEM0248",0,1965-01-01,1965-12-31
"MEM0273",0,1965-01-01,1965-12-31
"MEM0312",0.145177338839998,1965-01-01,1965-12-31
"MEM0254",0,1965-01-01,1965-12-31
"MEM0528",0,1965-01-01,1965-12-31
"MEM0484",0.41114092621216,1965-01-01,1965-12-31
"MEM0416",0.31658267007968,1965-01-01,1965-12-31
"MEM0543",0.367929102026172,1965-01-01,1965-12-31
"MEM0334",0.137657151723396,1965-01-01,1965-12-31
"MEM0322",0,1965-01-01,1965-12-31
"MEM0357",0,1965-01-01,1965-12-31
"MEM0375",0,1965-01-01,1965-12-31
"MEM0240",0,1965-01-01,1965-12-31
"MEM0403",0,1965-01-01,1965-12-31
"MEM0327",0,1965-01-01,1965-12-31
"MEM0554",0.0240849447788613,1965-01-01,1965-12-31
"MEM0362",0.41114092621216,1965-01-01,1965-12-31
"MEM0249",0,1965-01-01,1965-12-31
"MEM0415",0,1965-01-01,1965-12-31
"MEM0434",0,1965-01-01,1965-12-31
"MEM0537",0,1965-01-01,1965-12-31
"MEM0257",0.720564768336582,1965-01-01,1965-12-31
"MEM0504",0,1965-01-01,1965-12-31
"MEM0392",0,1965-01-01,1965-12-31
"MEM0545",0.367929102026172,1965-01-01,1965-12-31
"MEM0298",0.0333884581033831,1965-01-01,1965-12-31
"MEM0541",0,1965-01-01,1965-12-31
"MEM0242",0,1965-01-01,1965-12-31
"MEM0413",0,1965-01-01,1965-12-31
"MEM0471",0.017088279747616,1965-01-01,1965-12-31
"MEM0546",0.367929102026172,1965-01-01,1965-12-31
"MEM0360",0,1965-01-01,1965-12-31
"MEM0526",0.191053575946524,1965-01-01,1965-12-31
"MEM0258",0,1965-01-01,1965-12-31
"MEM0417",0.0124874628108417,1965-01-01,1965-12-31
"MEM0521",1.14623426557191,1965-01-01,1965-12-31
"MEM0252",0,1965-01-01,1965-12-31
"MEM0474",0,1965-01-01,1965-12-31
"MEM0549",0,1965-01-01,1965-12-31
"MEM0340",0,1965-01-01,1965-12-31
"MEM0477",0,1965-01-01,1965-12-31
"MEM0241",0.00122549019607843,1965-01-01,1965-12-31
"MEM0351",0.071990730338481,1965-01-01,1965-12-31
"MEM0571",0.211061128982277,1965-01-01,1965-12-31
"MEM0572",1.88452008659484,1965-01-01,1965-12-31
"MEM0525",0.000257109002905035,1965-01-01,1965-12-31
"MEM0400",1.43057168321874,1965-01-01,1965-12-31
"MEM0103",0,1965-01-01,1965-12-31
"MEM0307",0,1965-01-01,1965-12-31
"MEM0496",0,1965-01-01,1965-12-31
"MEM0191",0,1965-01-01,1965-12-31
"MEM0431",0,1965-01-01,1965-12-31
"MEM0565",0.0536678611915391,1965-01-01,1965-12-31
"MEM0453",0,1965-01-01,1965-12-31
"MEM0561",0.000114312864625756,1965-01-01,1965-12-31
"MEM0401",0,1965-01-01,1965-12-31
"MEM0423",0,1965-01-01,1965-12-31
"MEM0167",0,1965-01-01,1965-12-31
"MEM0188",0,1965-01-01,1965-12-31
"MEM0562",0,1965-01-01,1965-12-31
"MEM0527",0,1965-01-01,1965-12-31
"MEM0535",0,1965-01-01,1965-12-31
"MEM0444",0,1965-01-01,1965-12-31
"MEM0553",0,1965-01-01,1965-12-31
"MEM0540",0,1965-01-01,1965-12-31
"MEM0342",0,1965-01-01,1965-12-31
"MEM0564",0,1965-01-01,1965-12-31
"MEM0021",0,1966-01-01,1966-12-31
"MEM0056",0,1966-01-01,1966-12-31
"MEM0136",0.0866687352146949,1966-01-01,1966-12-31
"MEM0211",0,1966-01-01,1966-12-31
"MEM0219",0,1966-01-01,1966-12-31
"MEM0008",0.010228445240317,1966-01-01,1966-12-31
"MEM0009",0,1966-01-01,1966-12-31
"MEM0012",0.231458537135273,1966-01-01,1966-12-31
"MEM0027",0,1966-01-01,1966-12-31
"MEM0029",0,1966-01-01,1966-12-31
"MEM0046",0,1966-01-01,1966-12-31
"MEM0059",0,1966-01-01,1966-12-31
"MEM0062",0.109094110949602,1966-01-01,1966-12-31
"MEM0077",0,1966-01-01,1966-12-31
"MEM0104",0,1966-01-01,1966-12-31
"MEM0109",0.0826614875030825,1966-01-01,1966-12-31
"MEM0115",0,1966-01-01,1966-12-31
"MEM0121",0.0797259723981842,1966-01-01,1966-12-31
"MEM0119",0.0797259723981842,1966-01-01,1966-12-31
"MEM0129",0,1966-01-01,1966-12-31
"MEM0134",0,1966-01-01,1966-12-31
"MEM0172",0,1966-01-01,1966-12-31
"MEM0185",0.0942603372155351,1966-01-01,1966-12-31
"MEM0195",0,1966-01-01,1966-12-31
"MEM0204",0,1966-01-01,1966-12-31
"MEM0212",0,1966-01-01,1966-12-31
"MEM0216",0.01375994374544,1966-01-01,1966-12-31
"MEM0217",0.013417837640706,1966-01-01,1966-12-31
"MEM0223",2.16526822427678,1966-01-01,1966-12-31
"MEM0225",0,1966-01-01,1966-12-31
"MEM0227",0,1966-01-01,1966-12-31
"MEM0232",0,1966-01-01,1966-12-31
"MEM0111",0,1966-01-01,1966-12-31
"MEM0022",0,1966-01-01,1966-12-31
"MEM0034",0,1966-01-01,1966-12-31
"MEM0039",0,1966-01-01,1966-12-31
"MEM0045",0,1966-01-01,1966-12-31
"MEM0048",0.205851676331705,1966-01-01,1966-12-31
"MEM0049",0,1966-01-01,1966-12-31
"MEM0053",0.0166602444426539,1966-01-01,1966-12-31
"MEM0055",0.0217324226752366,1966-01-01,1966-12-31
"MEM0066",0.00561546860193673,1966-01-01,1966-12-31
"MEM0073",0.00116060308740332,1966-01-01,1966-12-31
"MEM0075",8.90659791398102e-05,1966-01-01,1966-12-31
"MEM0082",0.0204321760987435,1966-01-01,1966-12-31
"MEM0098",0,1966-01-01,1966-12-31
"MEM0100",0,1966-01-01,1966-12-31
"MEM0101",0,1966-01-01,1966-12-31
"MEM0106",0,1966-01-01,1966-12-31
"MEM0113",0.0125914893276851,1966-01-01,1966-12-31
"MEM0116",0,1966-01-01,1966-12-31
"MEM0118",0,1966-01-01,1966-12-31
"MEM0127",0,1966-01-01,1966-12-31
"MEM0142",0.0125150780347256,1966-01-01,1966-12-31
"MEM0162",0,1966-01-01,1966-12-31
"MEM0168",0.378833430970925,1966-01-01,1966-12-31
"MEM0184",0,1966-01-01,1966-12-31
"MEM0004",0,1966-01-01,1966-12-31
"MEM0016",0,1966-01-01,1966-12-31
"MEM0042",0,1966-01-01,1966-12-31
"MEM0076",0,1966-01-01,1966-12-31
"MEM0083",0,1966-01-01,1966-12-31
"MEM0096",0,1966-01-01,1966-12-31
"MEM0141",0,1966-01-01,1966-12-31
"MEM0165",2.16041047799082e-05,1966-01-01,1966-12-31
"MEM0231",0,1966-01-01,1966-12-31
"MEM0080",0,1966-01-01,1966-12-31
"MEM0175",0.000101514288617609,1966-01-01,1966-12-31
"MEM0089",0.135210898447156,1966-01-01,1966-12-31
"MEM0110",0,1966-01-01,1966-12-31
"MEM0158",0,1966-01-01,1966-12-31
"MEM0187",0.465420983638467,1966-01-01,1966-12-31
"MEM0190",0,1966-01-01,1966-12-31
"MEM0210",0,1966-01-01,1966-12-31
"MEM0220",0.109094110949602,1966-01-01,1966-12-31
"MEM0229",1.32857984054159,1966-01-01,1966-12-31
"MEM0003",0,1966-01-01,1966-12-31
"MEM0135",0.0204321760987435,1966-01-01,1966-12-31
"MEM0138",0.412738799418563,1966-01-01,1966-12-31
"MEM0147",0.0689015437576441,1966-01-01,1966-12-31
"MEM0143",0.00116060308740332,1966-01-01,1966-12-31
"MEM0199",0,1966-01-01,1966-12-31
"MEM0019",0,1966-01-01,1966-12-31
"MEM0130",0,1966-01-01,1966-12-31
"MEM0163",0,1966-01-01,1966-12-31
"MEM0206",0.039657799911567,1966-01-01,1966-12-31
"MEM0215",0.000101514288617609,1966-01-01,1966-12-31
"MEM0125",0,1966-01-01,1966-12-31
"MEM0146",0,1966-01-01,1966-12-31
"MEM0214",0,1966-01-01,1966-12-31
"MEM0179",0.109094110949602,1966-01-01,1966-12-31
"MEM0390",0.810922881998105,1966-01-01,1966-12-31
"MEM0369",0,1966-01-01,1966-12-31
"MEM0391",0.010228445240317,1966-01-01,1966-12-31
"MEM0470",0,1966-01-01,1966-12-31
"MEM0505",0.138355289964137,1966-01-01,1966-12-31
"MEM0320",0,1966-01-01,1966-12-31
"MEM0506",0.0308498518960202,1966-01-01,1966-12-31
"MEM0370",0,1966-01-01,1966-12-31
"MEM0397",0.148179858179122,1966-01-01,1966-12-31
"MEM0373",0,1966-01-01,1966-12-31
"MEM0509",0,1966-01-01,1966-12-31
"MEM0547",0.049658495080535,1966-01-01,1966-12-31
"MEM0510",0,1966-01-01,1966-12-31
"MEM0239",0.0163447734852178,1966-01-01,1966-12-31
"MEM0243",0.0618550935010254,1966-01-01,1966-12-31
"MEM0305",0.196899805821628,1966-01-01,1966-12-31
"MEM0404",0.442875924090923,1966-01-01,1966-12-31
"MEM0555",0.409775779395924,1966-01-01,1966-12-31
"MEM0269",0.130174318269711,1966-01-01,1966-12-31
"MEM0405",0.684670261658432,1966-01-01,1966-12-31
"MEM0406",0,1966-01-01,1966-12-31
"MEM0247",0,1966-01-01,1966-12-31
"MEM0380",0,1966-01-01,1966-12-31
"MEM0424",0,1966-01-01,1966-12-31
"MEM0407",0.204689283461974,1966-01-01,1966-12-31
"MEM0459",0,1966-01-01,1966-12-31
"MEM0481",0.0306662486395484,1966-01-01,1966-12-31
"MEM0513",0,1966-01-01,1966-12-31
"MEM0498",0.0644209412725651,1966-01-01,1966-12-31
"MEM0557",0.0371694413932573,1966-01-01,1966-12-31
"MEM0281",0,1966-01-01,1966-12-31
"MEM0347",0,1966-01-01,1966-12-31
"MEM0383",0.014960538182493,1966-01-01,1966-12-31
"MEM0482",0.378833430970925,1966-01-01,1966-12-31
"MEM0364",0,1966-01-01,1966-12-31
"MEM0286",0.110793668597197,1966-01-01,1966-12-31
"MEM0251",0.610787593435512,1966-01-01,1966-12-31
"MEM0410",0,1966-01-01,1966-12-31
"MEM0287",0,1966-01-01,1966-12-31
"MEM0274",0,1966-01-01,1966-12-31
"MEM0314",0.494482940613943,1966-01-01,1966-12-31
"MEM0365",0,1966-01-01,1966-12-31
"MEM0449",0,1966-01-01,1966-12-31
"MEM0317",0,1966-01-01,1966-12-31
"MEM0331",0,1966-01-01,1966-12-31
"MEM0559",0.173215008296903,1966-01-01,1966-12-31
"MEM0519",0.0125150780347256,1966-01-01,1966-12-31
"MEM0318",0,1966-01-01,1966-12-31
"MEM0486",0,1966-01-01,1966-12-31
"MEM0468",1.95934617100586,1966-01-01,1966-12-31
"MEM0350",0,1966-01-01,1966-12-31
"MEM0467",2.21371634582768,1966-01-01,1966-12-31
"MEM0367",0.0465888060259666,1966-01-01,1966-12-31
"MEM0567",0,1966-01-01,1966-12-31
"MEM0570",0,1966-01-01,1966-12-31
"MEM0353",0,1966-01-01,1966-12-31
"MEM0436",0,1966-01-01,1966-12-31
"MEM0297",0.378833430970925,1966-01-01,1966-12-31
"MEM0544",0.073834727670788,1966-01-01,1966-12-31
"MEM0235",0.0394257800888525,1966-01-01,1966-12-31
"MEM0507",0.0137684550602768,1966-01-01,1966-12-31
"MEM0472",0,1966-01-01,1966-12-31
"MEM0451",0.94092355581324,1966-01-01,1966-12-31
"MEM0396",0,1966-01-01,1966-12-31
"MEM0438",0,1966-01-01,1966-12-31
"MEM0236",0,1966-01-01,1966-12-31
"MEM0399",0.677176071896432,1966-01-01,1966-12-31
"MEM0441",0,1966-01-01,1966-12-31
"MEM0372",0,1966-01-01,1966-12-31
"MEM0238",0.010228445240317,1966-01-01,1966-12-31
"MEM0358",0.0189656836764589,1966-01-01,1966-12-31
"MEM0548",0.0394257800888525,1966-01-01,1966-12-31
"MEM0291",0.0125150780347256,1966-01-01,1966-12-31
"MEM0377",0.0490361237652036,1966-01-01,1966-12-31
"MEM0304",0,1966-01-01,1966-12-31
"MEM0479",0.138355289964137,1966-01-01,1966-12-31
"MEM0361",0,1966-01-01,1966-12-31
"MEM0454",0,1966-01-01,1966-12-31
"MEM0534",0.07530047643992,1966-01-01,1966-12-31
"MEM0363",0,1966-01-01,1966-12-31
"MEM0279",0,1966-01-01,1966-12-31
"MEM0523",0.064059266315599,1966-01-01,1966-12-31
"MEM0381",0,1966-01-01,1966-12-31
"MEM0426",3.48928604651976,1966-01-01,1966-12-31
"MEM0309",0.240080726418632,1966-01-01,1966-12-31
"MEM0311",0,1966-01-01,1966-12-31
"MEM0307",0.236431938748916,1966-01-01,1966-12-31
"MEM0348",0.0105781423626217,1966-01-01,1966-12-31
"MEM0514",0.107186993481961,1966-01-01,1966-12-31
"MEM0445",0,1966-01-01,1966-12-31
"MEM0446",0.0125150780347256,1966-01-01,1966-12-31
"MEM0517",0.0149710005477009,1966-01-01,1966-12-31
"MEM0518",0.025819183647291,1966-01-01,1966-12-31
"MEM0501",0.0346410165850271,1966-01-01,1966-12-31
"MEM0315",0.0505240004299556,1966-01-01,1966-12-31
"MEM0316",0.0524244435400979,1966-01-01,1966-12-31
"MEM0483",0,1966-01-01,1966-12-31
"MEM0462",0.0773032652965458,1966-01-01,1966-12-31
"MEM0529",0,1966-01-01,1966-12-31
"MEM0435",0.114178992388709,1966-01-01,1966-12-31
"MEM0256",0.0378774644948965,1966-01-01,1966-12-31
"MEM0487",0.0271770648317678,1966-01-01,1966-12-31
"MEM0469",0.0292131296607442,1966-01-01,1966-12-31
"MEM0508",0,1966-01-01,1966-12-31
"MEM0475",0.126962975052865,1966-01-01,1966-12-31
"MEM0299",0,1966-01-01,1966-12-31
"MEM0300",0,1966-01-01,1966-12-31
"MEM0478",0,1966-01-01,1966-12-31
"MEM0359",0,1966-01-01,1966-12-31
"MEM0301",0,1966-01-01,1966-12-31
"MEM0336",0,1966-01-01,1966-12-31
"MEM0378",0,1966-01-01,1966-12-31
"MEM0268",0,1966-01-01,1966-12-31
"MEM0423",2.23643279651135,1966-01-01,1966-12-31
"MEM0248",0,1966-01-01,1966-12-31
"MEM0273",0,1966-01-01,1966-12-31
"MEM0312",0.10677357115202,1966-01-01,1966-12-31
"MEM0254",0,1966-01-01,1966-12-31
"MEM0528",0,1966-01-01,1966-12-31
"MEM0484",0.0217324226752366,1966-01-01,1966-12-31
"MEM0485",0.0603673665339385,1966-01-01,1966-12-31
"MEM0416",0.0476293189501447,1966-01-01,1966-12-31
"MEM0543",0.111097259046037,1966-01-01,1966-12-31
"MEM0394",0.0378774644948965,1966-01-01,1966-12-31
"MEM0334",0.104233944268331,1966-01-01,1966-12-31
"MEM0322",0,1966-01-01,1966-12-31
"MEM0357",0,1966-01-01,1966-12-31
"MEM0375",0,1966-01-01,1966-12-31
"MEM0240",0,1966-01-01,1966-12-31
"MEM0403",0.351780980204738,1966-01-01,1966-12-31
"MEM0327",0,1966-01-01,1966-12-31
"MEM0554",0.0106378507641343,1966-01-01,1966-12-31
"MEM0362",0.0217324226752366,1966-01-01,1966-12-31
"MEM0249",0,1966-01-01,1966-12-31
"MEM0415",0,1966-01-01,1966-12-31
"MEM0434",0,1966-01-01,1966-12-31
"MEM0537",0,1966-01-01,1966-12-31
"MEM0257",0.125709172566703,1966-01-01,1966-12-31
"MEM0504",0,1966-01-01,1966-12-31
"MEM0392",0,1966-01-01,1966-12-31
"MEM0545",0.111097259046037,1966-01-01,1966-12-31
"MEM0298",0.0203876053890302,1966-01-01,1966-12-31
"MEM0541",0,1966-01-01,1966-12-31
"MEM0242",0,1966-01-01,1966-12-31
"MEM0413",0,1966-01-01,1966-12-31
"MEM0471",0.0105781423626217,1966-01-01,1966-12-31
"MEM0546",0.111097259046037,1966-01-01,1966-12-31
"MEM0360",0,1966-01-01,1966-12-31
"MEM0313",0,1966-01-01,1966-12-31
"MEM0526",0.102477541271689,1966-01-01,1966-12-31
"MEM0258",0,1966-01-01,1966-12-31
"MEM0521",0.452371984840744,1966-01-01,1966-12-31
"MEM0252",0,1966-01-01,1966-12-31
"MEM0417",0.010228445240317,1966-01-01,1966-12-31
"MEM0474",0,1966-01-01,1966-12-31
"MEM0549",0,1966-01-01,1966-12-31
"MEM0340",0,1966-01-01,1966-12-31
"MEM0275",0,1966-01-01,1966-12-31
"MEM0477",0,1966-01-01,1966-12-31
"MEM0241",0.333608364635954,1966-01-01,1966-12-31
"MEM0351",0.0340755855827106,1966-01-01,1966-12-31
"MEM0571",0,1966-01-01,1966-12-31
"MEM0572",0.144842955397964,1966-01-01,1966-12-31
"MEM0525",5.25496070668521e-05,1966-01-01,1966-12-31
"MEM0400",0.275425673054076,1966-01-01,1966-12-31
"MEM0103",0,1966-01-01,1966-12-31
"MEM0444",0,1966-01-01,1966-12-31
"MEM0166",0,1966-01-01,1966-12-31
"MEM0496",0,1966-01-01,1966-12-31
"MEM0191",0,1966-01-01,1966-12-31
"MEM0431",0,1966-01-01,1966-12-31
"MEM0453",0,1966-01-01,1966-12-31
"MEM0561",9.36352864162544e-05,1966-01-01,1966-12-31
"MEM0401",0,1966-01-01,1966-12-31
"MEM0565",0.0618392858824128,1966-01-01,1966-12-31
"MEM0167",0,1966-01-01,1966-12-31
"MEM0562",0,1966-01-01,1966-12-31
"MEM0188",0,1966-01-01,1966-12-31
"MEM0527",0,1966-01-01,1966-12-31
"MEM0535",0,1966-01-01,1966-12-31
"MEM0515",0,1966-01-01,1966-12-31
"MEM0553",0,1966-01-01,1966-12-31
"MEM0540",0,1966-01-01,1966-12-31
"MEM0564",0,1966-01-01,1966-12-31
"MEM0021",0,1967-01-01,1967-12-31
"MEM0056",0,1967-01-01,1967-12-31
"MEM0136",0.0960297533685029,1967-01-01,1967-12-31
"MEM0211",0,1967-01-01,1967-12-31
"MEM0219",0,1967-01-01,1967-12-31
"MEM0008",0.0328563693507878,1967-01-01,1967-12-31
"MEM0009",0,1967-01-01,1967-12-31
"MEM0012",0.0334080096717073,1967-01-01,1967-12-31
"MEM0024",0,1967-01-01,1967-12-31
"MEM0027",0,1967-01-01,1967-12-31
"MEM0029",0,1967-01-01,1967-12-31
"MEM0025",0,1967-01-01,1967-12-31
"MEM0046",0,1967-01-01,1967-12-31
"MEM0059",0,1967-01-01,1967-12-31
"MEM0062",0.11101612228707,1967-01-01,1967-12-31
"MEM0077",0,1967-01-01,1967-12-31
"MEM0086",0,1967-01-01,1967-12-31
"MEM0087",0,1967-01-01,1967-12-31
"MEM0093",0,1967-01-01,1967-12-31
"MEM0104",0,1967-01-01,1967-12-31
"MEM0109",0.0889693941333893,1967-01-01,1967-12-31
"MEM0115",0,1967-01-01,1967-12-31
"MEM0121",0.046110483345199,1967-01-01,1967-12-31
"MEM0119",0.046110483345199,1967-01-01,1967-12-31
"MEM0129",0.0644609742312003,1967-01-01,1967-12-31
"MEM0134",0,1967-01-01,1967-12-31
"MEM0172",0,1967-01-01,1967-12-31
"MEM0177",0,1967-01-01,1967-12-31
"MEM0185",0.121360732553099,1967-01-01,1967-12-31
"MEM0193",0,1967-01-01,1967-12-31
"MEM0195",0,1967-01-01,1967-12-31
"MEM0204",0,1967-01-01,1967-12-31
"MEM0212",0,1967-01-01,1967-12-31
"MEM0216",0.024508419902188,1967-01-01,1967-12-31
"MEM0223",2.14249835574458,1967-01-01,1967-12-31
"MEM0225",0,1967-01-01,1967-12-31
"MEM0227",0.290543096519326,1967-01-01,1967-12-31
"MEM0232",0,1967-01-01,1967-12-31
"MEM0111",0,1967-01-01,1967-12-31
"MEM0022",0,1967-01-01,1967-12-31
"MEM0034",0,1967-01-01,1967-12-31
"MEM0039",0,1967-01-01,1967-12-31
"MEM0045",0,1967-01-01,1967-12-31
"MEM0048",0.229768682770235,1967-01-01,1967-12-31
"MEM0049",0,1967-01-01,1967-12-31
"MEM0053",0.0821030035108399,1967-01-01,1967-12-31
"MEM0055",0.0365537970967143,1967-01-01,1967-12-31
"MEM0066",0,1967-01-01,1967-12-31
"MEM0073",0.00535546014773305,1967-01-01,1967-12-31
"MEM0075",0.000131710658026448,1967-01-01,1967-12-31
"MEM0082",0.0190363553879405,1967-01-01,1967-12-31
"MEM0091",0,1967-01-01,1967-12-31
"MEM0098",0,1967-01-01,1967-12-31
"MEM0100",0,1967-01-01,1967-12-31
"MEM0101",0,1967-01-01,1967-12-31
"MEM0113",0.033297430738538,1967-01-01,1967-12-31
"MEM0116",0.000698759701529785,1967-01-01,1967-12-31
"MEM0118",0,1967-01-01,1967-12-31
"MEM0127",0,1967-01-01,1967-12-31
"MEM0142",0.0599156750472535,1967-01-01,1967-12-31
"MEM0168",0.277480850323283,1967-01-01,1967-12-31
"MEM0217",2.39628422990053e-05,1967-01-01,1967-12-31
"MEM0184",0,1967-01-01,1967-12-31
"MEM0004",0,1967-01-01,1967-12-31
"MEM0016",0,1967-01-01,1967-12-31
"MEM0076",0,1967-01-01,1967-12-31
"MEM0083",0,1967-01-01,1967-12-31
"MEM0096",0,1967-01-01,1967-12-31
"MEM0141",0,1967-01-01,1967-12-31
"MEM0165",0.000130565347956652,1967-01-01,1967-12-31
"MEM0231",0,1967-01-01,1967-12-31
"MEM0080",0,1967-01-01,1967-12-31
"MEM0175",2.39628422990053e-05,1967-01-01,1967-12-31
"MEM0036",0,1967-01-01,1967-12-31
"MEM0089",0.304732116131983,1967-01-01,1967-12-31
"MEM0110",0,1967-01-01,1967-12-31
"MEM0158",0,1967-01-01,1967-12-31
"MEM0180",0,1967-01-01,1967-12-31
"MEM0187",0.427832243738372,1967-01-01,1967-12-31
"MEM0190",0,1967-01-01,1967-12-31
"MEM0210",0,1967-01-01,1967-12-31
"MEM0220",0.11101612228707,1967-01-01,1967-12-31
"MEM0229",0.525222537841734,1967-01-01,1967-12-31
"MEM0003",0,1967-01-01,1967-12-31
"MEM0130",0,1967-01-01,1967-12-31
"MEM0135",0.0190363553879405,1967-01-01,1967-12-31
"MEM0138",0,1967-01-01,1967-12-31
"MEM0147",0.0126007378811193,1967-01-01,1967-12-31
"MEM0143",0.00535546014773305,1967-01-01,1967-12-31
"MEM0199",0,1967-01-01,1967-12-31
"MEM0019",0,1967-01-01,1967-12-31
"MEM0163",0,1967-01-01,1967-12-31
"MEM0206",0.0388793757278268,1967-01-01,1967-12-31
"MEM0215",2.39628422990053e-05,1967-01-01,1967-12-31
"MEM0125",0,1967-01-01,1967-12-31
"MEM0146",0,1967-01-01,1967-12-31
"MEM0214",0,1967-01-01,1967-12-31
"MEM0114",0,1967-01-01,1967-12-31
"MEM0179",0.11101612228707,1967-01-01,1967-12-31
"MEM0390",0.00950473292657308,1967-01-01,1967-12-31
"MEM0369",0,1967-01-01,1967-12-31
"MEM0391",0.0328563693507878,1967-01-01,1967-12-31
"MEM0470",0.277480850323283,1967-01-01,1967-12-31
"MEM0505",0.161688140783283,1967-01-01,1967-12-31
"MEM0320",0,1967-01-01,1967-12-31
"MEM0506",0.0527144963552293,1967-01-01,1967-12-31
"MEM0370",0,1967-01-01,1967-12-31
"MEM0473",0,1967-01-01,1967-12-31
"MEM0397",0.315410340069542,1967-01-01,1967-12-31
"MEM0373",0,1967-01-01,1967-12-31
"MEM0509",0,1967-01-01,1967-12-31
"MEM0510",0,1967-01-01,1967-12-31
"MEM0239",0.0481435448025193,1967-01-01,1967-12-31
"MEM0243",0.0743448861413384,1967-01-01,1967-12-31
"MEM0305",0.258680638865943,1967-01-01,1967-12-31
"MEM0555",0.333276389033356,1967-01-01,1967-12-31
"MEM0269",0.157873671248161,1967-01-01,1967-12-31
"MEM0406",0,1967-01-01,1967-12-31
"MEM0247",0,1967-01-01,1967-12-31
"MEM0444",0.182478184708621,1967-01-01,1967-12-31
"MEM0380",0,1967-01-01,1967-12-31
"MEM0424",0,1967-01-01,1967-12-31
"MEM0407",0.413872262043999,1967-01-01,1967-12-31
"MEM0459",0,1967-01-01,1967-12-31
"MEM0481",0.135644572190668,1967-01-01,1967-12-31
"MEM0513",0,1967-01-01,1967-12-31
"MEM0498",0.0316627609275629,1967-01-01,1967-12-31
"MEM0557",0.116475679457216,1967-01-01,1967-12-31
"MEM0281",0,1967-01-01,1967-12-31
"MEM0347",0,1967-01-01,1967-12-31
"MEM0383",0.0134711294806579,1967-01-01,1967-12-31
"MEM0482",0.509217046268368,1967-01-01,1967-12-31
"MEM0364",0,1967-01-01,1967-12-31
"MEM0286",0.140471199720614,1967-01-01,1967-12-31
"MEM0251",0.462898785342806,1967-01-01,1967-12-31
"MEM0410",0,1967-01-01,1967-12-31
"MEM0287",0,1967-01-01,1967-12-31
"MEM0274",0,1967-01-01,1967-12-31
"MEM0365",0,1967-01-01,1967-12-31
"MEM0449",0,1967-01-01,1967-12-31
"MEM0253",0,1967-01-01,1967-12-31
"MEM0317",0.046110483345199,1967-01-01,1967-12-31
"MEM0331",0,1967-01-01,1967-12-31
"MEM0519",0.0599156750472535,1967-01-01,1967-12-31
"MEM0520",0,1967-01-01,1967-12-31
"MEM0318",0,1967-01-01,1967-12-31
"MEM0486",0,1967-01-01,1967-12-31
"MEM0468",1.99378569666272,1967-01-01,1967-12-31
"MEM0350",0,1967-01-01,1967-12-31
"MEM0467",2.18194047293664,1967-01-01,1967-12-31
"MEM0367",0.138088198173618,1967-01-01,1967-12-31
"MEM0278",0.0275776120076884,1967-01-01,1967-12-31
"MEM0567",0,1967-01-01,1967-12-31
"MEM0570",0,1967-01-01,1967-12-31
"MEM0571",0.254595240468809,1967-01-01,1967-12-31
"MEM0353",0,1967-01-01,1967-12-31
"MEM0436",0,1967-01-01,1967-12-31
"MEM0297",0.277480850323283,1967-01-01,1967-12-31
"MEM0544",0.104480647706863,1967-01-01,1967-12-31
"MEM0235",0.0686896180512546,1967-01-01,1967-12-31
"MEM0507",0.013921316610326,1967-01-01,1967-12-31
"MEM0472",0,1967-01-01,1967-12-31
"MEM0451",0.343699969214383,1967-01-01,1967-12-31
"MEM0396",0,1967-01-01,1967-12-31
"MEM0540",0,1967-01-01,1967-12-31
"MEM0438",0,1967-01-01,1967-12-31
"MEM0236",0,1967-01-01,1967-12-31
"MEM0399",0.652469933849036,1967-01-01,1967-12-31
"MEM0441",0,1967-01-01,1967-12-31
"MEM0477",0.277480850323283,1967-01-01,1967-12-31
"MEM0372",0,1967-01-01,1967-12-31
"MEM0238",0.0328563693507878,1967-01-01,1967-12-31
"MEM0547",0.0686896180512546,1967-01-01,1967-12-31
"MEM0358",0.00440797516438934,1967-01-01,1967-12-31
"MEM0548",0.0686896180512546,1967-01-01,1967-12-31
"MEM0291",0.0599156750472535,1967-01-01,1967-12-31
"MEM0377",0.0493951960871934,1967-01-01,1967-12-31
"MEM0304",0,1967-01-01,1967-12-31
"MEM0479",0.161688140783283,1967-01-01,1967-12-31
"MEM0361",0,1967-01-01,1967-12-31
"MEM0454",0,1967-01-01,1967-12-31
"MEM0534",0.14944688272496,1967-01-01,1967-12-31
"MEM0404",0,1967-01-01,1967-12-31
"MEM0405",0.515453902733809,1967-01-01,1967-12-31
"MEM0363",0,1967-01-01,1967-12-31
"MEM0279",0,1967-01-01,1967-12-31
"MEM0523",0.144100529279062,1967-01-01,1967-12-31
"MEM0381",0,1967-01-01,1967-12-31
"MEM0426",0.77767416102951,1967-01-01,1967-12-31
"MEM0309",0.252303934620622,1967-01-01,1967-12-31
"MEM0311",0.0579719120363769,1967-01-01,1967-12-31
"MEM0348",0.0600918088821979,1967-01-01,1967-12-31
"MEM0445",0,1967-01-01,1967-12-31
"MEM0517",0,1967-01-01,1967-12-31
"MEM0518",0.0564023553085783,1967-01-01,1967-12-31
"MEM0501",0.0743448861413384,1967-01-01,1967-12-31
"MEM0315",0.101556499518544,1967-01-01,1967-12-31
"MEM0316",0.0565201002742737,1967-01-01,1967-12-31
"MEM0483",0,1967-01-01,1967-12-31
"MEM0462",0.117256473694369,1967-01-01,1967-12-31
"MEM0529",0,1967-01-01,1967-12-31
"MEM0435",0.119974040689492,1967-01-01,1967-12-31
"MEM0256",0.0528083846645487,1967-01-01,1967-12-31
"MEM0487",0.0518737363821248,1967-01-01,1967-12-31
"MEM0469",0.142963858142214,1967-01-01,1967-12-31
"MEM0508",0,1967-01-01,1967-12-31
"MEM0475",0.226449661390035,1967-01-01,1967-12-31
"MEM0299",0,1967-01-01,1967-12-31
"MEM0300",0,1967-01-01,1967-12-31
"MEM0478",0.134549042180674,1967-01-01,1967-12-31
"MEM0359",0,1967-01-01,1967-12-31
"MEM0301",0.343699969214383,1967-01-01,1967-12-31
"MEM0303",0,1967-01-01,1967-12-31
"MEM0336",0,1967-01-01,1967-12-31
"MEM0378",0,1967-01-01,1967-12-31
"MEM0242",0,1967-01-01,1967-12-31
"MEM0403",0.271656503278545,1967-01-01,1967-12-31
"MEM0268",0,1967-01-01,1967-12-31
"MEM0492",0,1967-01-01,1967-12-31
"MEM0248",0,1967-01-01,1967-12-31
"MEM0307",0.304748350900965,1967-01-01,1967-12-31
"MEM0273",0,1967-01-01,1967-12-31
"MEM0514",0.272548602827813,1967-01-01,1967-12-31
"MEM0312",0.182547382351008,1967-01-01,1967-12-31
"MEM0314",0.0765641136329618,1967-01-01,1967-12-31
"MEM0254",0,1967-01-01,1967-12-31
"MEM0342",0,1967-01-01,1967-12-31
"MEM0528",0,1967-01-01,1967-12-31
"MEM0484",0.0365537970967143,1967-01-01,1967-12-31
"MEM0485",0.15369052681482,1967-01-01,1967-12-31
"MEM0416",0.0658787395014262,1967-01-01,1967-12-31
"MEM0543",0.121238814711252,1967-01-01,1967-12-31
"MEM0394",0.0528083846645487,1967-01-01,1967-12-31
"MEM0334",0.15372251472493,1967-01-01,1967-12-31
"MEM0322",0,1967-01-01,1967-12-31
"MEM0357",0,1967-01-01,1967-12-31
"MEM0240",0,1967-01-01,1967-12-31
"MEM0241",0.00225225225225225,1967-01-01,1967-12-31
"MEM0327",0,1967-01-01,1967-12-31
"MEM0554",0.0132766454580035,1967-01-01,1967-12-31
"MEM0362",0.0365537970967143,1967-01-01,1967-12-31
"MEM0423",0.135323459653021,1967-01-01,1967-12-31
"MEM0249",0,1967-01-01,1967-12-31
"MEM0415",0,1967-01-01,1967-12-31
"MEM0434",0,1967-01-01,1967-12-31
"MEM0537",0,1967-01-01,1967-12-31
"MEM0257",0.327873673517056,1967-01-01,1967-12-31
"MEM0504",0,1967-01-01,1967-12-31
"MEM0392",0.112578625072229,1967-01-01,1967-12-31
"MEM0545",0.121238814711252,1967-01-01,1967-12-31
"MEM0541",0,1967-01-01,1967-12-31
"MEM0375",0,1967-01-01,1967-12-31
"MEM0413",0,1967-01-01,1967-12-31
"MEM0471",0.0600918088821979,1967-01-01,1967-12-31
"MEM0298",0,1967-01-01,1967-12-31
"MEM0546",0.121238814711252,1967-01-01,1967-12-31
"MEM0360",0,1967-01-01,1967-12-31
"MEM0313",0,1967-01-01,1967-12-31
"MEM0526",0.201320619107086,1967-01-01,1967-12-31
"MEM0386",0,1967-01-01,1967-12-31
"MEM0258",0,1967-01-01,1967-12-31
"MEM0521",0.441793115904198,1967-01-01,1967-12-31
"MEM0252",0,1967-01-01,1967-12-31
"MEM0417",0.0328563693507878,1967-01-01,1967-12-31
"MEM0474",0,1967-01-01,1967-12-31
"MEM0446",0,1967-01-01,1967-12-31
"MEM0549",0,1967-01-01,1967-12-31
"MEM0340",0,1967-01-01,1967-12-31
"MEM0275",0,1967-01-01,1967-12-31
"MEM0559",0.0365537970967143,1967-01-01,1967-12-31
"MEM0351",0.0359240666065354,1967-01-01,1967-12-31
"MEM0525",0.000611169715966134,1967-01-01,1967-12-31
"MEM0572",0.121238814711252,1967-01-01,1967-12-31
"MEM0400",0,1967-01-01,1967-12-31
"MEM0565",0.187408606820496,1967-01-01,1967-12-31
"MEM0103",0,1967-01-01,1967-12-31
"MEM0166",0,1967-01-01,1967-12-31
"MEM0496",0,1967-01-01,1967-12-31
"MEM0191",0,1967-01-01,1967-12-31
"MEM0431",0,1967-01-01,1967-12-31
"MEM0453",0,1967-01-01,1967-12-31
"MEM0561",0.000302122012648328,1967-01-01,1967-12-31
"MEM0401",0,1967-01-01,1967-12-31
"MEM0167",0,1967-01-01,1967-12-31
"MEM0308",0,1967-01-01,1967-12-31
"MEM0562",0,1967-01-01,1967-12-31
"MEM0188",0,1967-01-01,1967-12-31
"MEM0527",0,1967-01-01,1967-12-31
"MEM0535",0,1967-01-01,1967-12-31
"MEM0515",0,1967-01-01,1967-12-31
"MEM0553",0,1967-01-01,1967-12-31
"MEM0564",0,1967-01-01,1967-12-31
"MEM0021",0,1968-01-01,1968-12-31
"MEM0056",0,1968-01-01,1968-12-31
"MEM0136",0.0470951633072822,1968-01-01,1968-12-31
"MEM0211",0,1968-01-01,1968-12-31
"MEM0219",0,1968-01-01,1968-12-31
"MEM0008",0.0356627280947478,1968-01-01,1968-12-31
"MEM0009",0,1968-01-01,1968-12-31
"MEM0012",0.0283547212213263,1968-01-01,1968-12-31
"MEM0027",0,1968-01-01,1968-12-31
"MEM0029",0,1968-01-01,1968-12-31
"MEM0025",0.00627021812713842,1968-01-01,1968-12-31
"MEM0035",0,1968-01-01,1968-12-31
"MEM0036",0.943720862470863,1968-01-01,1968-12-31
"MEM0046",0,1968-01-01,1968-12-31
"MEM0057",0,1968-01-01,1968-12-31
"MEM0059",0,1968-01-01,1968-12-31
"MEM0060",0,1968-01-01,1968-12-31
"MEM0062",0.0116174863165856,1968-01-01,1968-12-31
"MEM0077",0.0937814717364884,1968-01-01,1968-12-31
"MEM0086",0.00627021812713842,1968-01-01,1968-12-31
"MEM0087",0,1968-01-01,1968-12-31
"MEM0091",0.0169379290352411,1968-01-01,1968-12-31
"MEM0093",0,1968-01-01,1968-12-31
"MEM0104",0.00627021812713842,1968-01-01,1968-12-31
"MEM0109",0.0800462518304739,1968-01-01,1968-12-31
"MEM0115",0.328925295510153,1968-01-01,1968-12-31
"MEM0121",0.00627021812713842,1968-01-01,1968-12-31
"MEM0119",0.00627021812713842,1968-01-01,1968-12-31
"MEM0129",0.06936480752043,1968-01-01,1968-12-31
"MEM0134",0,1968-01-01,1968-12-31
"MEM0147",0.0914341290711701,1968-01-01,1968-12-31
"MEM0172",0,1968-01-01,1968-12-31
"MEM0177",0.00510239028656614,1968-01-01,1968-12-31
"MEM0185",0.0950667377154599,1968-01-01,1968-12-31
"MEM0193",0,1968-01-01,1968-12-31
"MEM0195",0.0151737104070492,1968-01-01,1968-12-31
"MEM0204",0.00627021812713842,1968-01-01,1968-12-31
"MEM0212",0,1968-01-01,1968-12-31
"MEM0216",0.0282759121945038,1968-01-01,1968-12-31
"MEM0223",2.21811408560753,1968-01-01,1968-12-31
"MEM0225",0,1968-01-01,1968-12-31
"MEM0232",0,1968-01-01,1968-12-31
"MEM0111",0,1968-01-01,1968-12-31
"MEM0022",0.0817235492262578,1968-01-01,1968-12-31
"MEM0024",0,1968-01-01,1968-12-31
"MEM0034",0,1968-01-01,1968-12-31
"MEM0039",0,1968-01-01,1968-12-31
"MEM0043",0,1968-01-01,1968-12-31
"MEM0048",0.379389084883974,1968-01-01,1968-12-31
"MEM0049",0,1968-01-01,1968-12-31
"MEM0053",0.0216448119857211,1968-01-01,1968-12-31
"MEM0055",0.0208341908485811,1968-01-01,1968-12-31
"MEM0066",0,1968-01-01,1968-12-31
"MEM0073",0.00279549243921225,1968-01-01,1968-12-31
"MEM0075",0.000175628465102149,1968-01-01,1968-12-31
"MEM0082",1.96624625374624,1968-01-01,1968-12-31
"MEM0098",0,1968-01-01,1968-12-31
"MEM0100",0,1968-01-01,1968-12-31
"MEM0101",0,1968-01-01,1968-12-31
"MEM0113",0.0257934456635054,1968-01-01,1968-12-31
"MEM0116",0.00791305541068142,1968-01-01,1968-12-31
"MEM0118",0,1968-01-01,1968-12-31
"MEM0127",0,1968-01-01,1968-12-31
"MEM0142",0.0193164375123043,1968-01-01,1968-12-31
"MEM0168",0.593981827503971,1968-01-01,1968-12-31
"MEM0217",9.67795222335412e-05,1968-01-01,1968-12-31
"MEM0227",0,1968-01-01,1968-12-31
"MEM0184",0,1968-01-01,1968-12-31
"MEM0004",0,1968-01-01,1968-12-31
"MEM0016",0,1968-01-01,1968-12-31
"MEM0037",0,1968-01-01,1968-12-31
"MEM0076",0,1968-01-01,1968-12-31
"MEM0083",0,1968-01-01,1968-12-31
"MEM0096",0,1968-01-01,1968-12-31
"MEM0141",0.00627021812713842,1968-01-01,1968-12-31
"MEM0165",2.75482093663912e-05,1968-01-01,1968-12-31
"MEM0231",0,1968-01-01,1968-12-31
"MEM0080",0,1968-01-01,1968-12-31
"MEM0175",9.67795222335412e-05,1968-01-01,1968-12-31
"MEM0089",0.246932030850427,1968-01-01,1968-12-31
"MEM0110",0,1968-01-01,1968-12-31
"MEM0158",0,1968-01-01,1968-12-31
"MEM0187",0.500137172195582,1968-01-01,1968-12-31
"MEM0190",0.00627021812713842,1968-01-01,1968-12-31
"MEM0210",0,1968-01-01,1968-12-31
"MEM0220",0.0116174863165856,1968-01-01,1968-12-31
"MEM0003",0,1968-01-01,1968-12-31
"MEM0067",0,1968-01-01,1968-12-31
"MEM0130",0,1968-01-01,1968-12-31
"MEM0135",1.96624625374624,1968-01-01,1968-12-31
"MEM0143",0.00279549243921225,1968-01-01,1968-12-31
"MEM0180",0.00627021812713842,1968-01-01,1968-12-31
"MEM0199",0.00627021812713842,1968-01-01,1968-12-31
"MEM0229",0.101320458679513,1968-01-01,1968-12-31
"MEM0019",0,1968-01-01,1968-12-31
"MEM0138",0,1968-01-01,1968-12-31
"MEM0140",0,1968-01-01,1968-12-31
"MEM0163",0,1968-01-01,1968-12-31
"MEM0206",0.0285992461954,1968-01-01,1968-12-31
"MEM0215",9.67795222335412e-05,1968-01-01,1968-12-31
"MEM0125",0,1968-01-01,1968-12-31
"MEM0146",0,1968-01-01,1968-12-31
"MEM0044",0,1968-01-01,1968-12-31
"MEM0214",0,1968-01-01,1968-12-31
"MEM0114",0,1968-01-01,1968-12-31
"MEM0179",0.0116174863165856,1968-01-01,1968-12-31
"MEM0390",0.0182318250155581,1968-01-01,1968-12-31
"MEM0369",0,1968-01-01,1968-12-31
"MEM0391",0.0607594028484264,1968-01-01,1968-12-31
"MEM0470",0.328925295510153,1968-01-01,1968-12-31
"MEM0505",0.0647472633625503,1968-01-01,1968-12-31
"MEM0320",0,1968-01-01,1968-12-31
"MEM0506",0.062883942525378,1968-01-01,1968-12-31
"MEM0370",0,1968-01-01,1968-12-31
"MEM0473",0,1968-01-01,1968-12-31
"MEM0397",0.246932030850427,1968-01-01,1968-12-31
"MEM0373",0,1968-01-01,1968-12-31
"MEM0531",0,1968-01-01,1968-12-31
"MEM0509",0,1968-01-01,1968-12-31
"MEM0510",0,1968-01-01,1968-12-31
"MEM0239",0.0351115640117703,1968-01-01,1968-12-31
"MEM0302",0.020116134962762,1968-01-01,1968-12-31
"MEM0243",0.110303177901034,1968-01-01,1968-12-31
"MEM0305",0.311127576172195,1968-01-01,1968-12-31
"MEM0555",0.354608253144854,1968-01-01,1968-12-31
"MEM0269",0.223604636104635,1968-01-01,1968-12-31
"MEM0247",0,1968-01-01,1968-12-31
"MEM0444",0.181535185883436,1968-01-01,1968-12-31
"MEM0424",0,1968-01-01,1968-12-31
"MEM0407",0.428185940141249,1968-01-01,1968-12-31
"MEM0310",0.00441135064286657,1968-01-01,1968-12-31
"MEM0459",0,1968-01-01,1968-12-31
"MEM0481",0.0374103388410399,1968-01-01,1968-12-31
"MEM0513",0,1968-01-01,1968-12-31
"MEM0498",0.0288114602749344,1968-01-01,1968-12-31
"MEM0557",0.0193164375123043,1968-01-01,1968-12-31
"MEM0281",0,1968-01-01,1968-12-31
"MEM0347",5.03482025221156e-05,1968-01-01,1968-12-31
"MEM0384",0,1968-01-01,1968-12-31
"MEM0482",0.661667796991181,1968-01-01,1968-12-31
"MEM0364",0,1968-01-01,1968-12-31
"MEM0286",0.109029458273355,1968-01-01,1968-12-31
"MEM0251",0.645148279276041,1968-01-01,1968-12-31
"MEM0410",0,1968-01-01,1968-12-31
"MEM0287",0,1968-01-01,1968-12-31
"MEM0274",0,1968-01-01,1968-12-31
"MEM0365",0,1968-01-01,1968-12-31
"MEM0449",0,1968-01-01,1968-12-31
"MEM0317",0.0555659670175795,1968-01-01,1968-12-31
"MEM0331",0,1968-01-01,1968-12-31
"MEM0519",0.0193164375123043,1968-01-01,1968-12-31
"MEM0520",0,1968-01-01,1968-12-31
"MEM0318",0,1968-01-01,1968-12-31
"MEM0486",0,1968-01-01,1968-12-31
"MEM0468",2.42459623709625,1968-01-01,1968-12-31
"MEM0350",0,1968-01-01,1968-12-31
"MEM0467",4.02488344988343,1968-01-01,1968-12-31
"MEM0367",0.121669665491517,1968-01-01,1968-12-31
"MEM0278",0.0271774006440016,1968-01-01,1968-12-31
"MEM0570",0,1968-01-01,1968-12-31
"MEM0353",0,1968-01-01,1968-12-31
"MEM0436",0,1968-01-01,1968-12-31
"MEM0297",0.328925295510153,1968-01-01,1968-12-31
"MEM0544",0.134408862731652,1968-01-01,1968-12-31
"MEM0235",0.0870473801831085,1968-01-01,1968-12-31
"MEM0472",0,1968-01-01,1968-12-31
"MEM0451",1.8875386848601,1968-01-01,1968-12-31
"MEM0396",0,1968-01-01,1968-12-31
"MEM0540",0,1968-01-01,1968-12-31
"MEM0438",0,1968-01-01,1968-12-31
"MEM0236",0,1968-01-01,1968-12-31
"MEM0399",0.790742015807135,1968-01-01,1968-12-31
"MEM0441",0,1968-01-01,1968-12-31
"MEM0477",0.328925295510153,1968-01-01,1968-12-31
"MEM0372",0,1968-01-01,1968-12-31
"MEM0238",0.0356627280947478,1968-01-01,1968-12-31
"MEM0547",0,1968-01-01,1968-12-31
"MEM0358",0.00327167276253646,1968-01-01,1968-12-31
"MEM0548",0.0870473801831085,1968-01-01,1968-12-31
"MEM0291",0.0193164375123043,1968-01-01,1968-12-31
"MEM0304",0,1968-01-01,1968-12-31
"MEM0479",0.0647472633625503,1968-01-01,1968-12-31
"MEM0361",0,1968-01-01,1968-12-31
"MEM0454",0,1968-01-01,1968-12-31
"MEM0534",0.123733220210305,1968-01-01,1968-12-31
"MEM0362",0.0208341908485811,1968-01-01,1968-12-31
"MEM0404",0,1968-01-01,1968-12-31
"MEM0405",0.53543198116682,1968-01-01,1968-12-31
"MEM0363",0,1968-01-01,1968-12-31
"MEM0279",0,1968-01-01,1968-12-31
"MEM0381",0,1968-01-01,1968-12-31
"MEM0309",0.242173555893967,1968-01-01,1968-12-31
"MEM0311",0.248748307178676,1968-01-01,1968-12-31
"MEM0348",0.0945325046471176,1968-01-01,1968-12-31
"MEM0445",0,1968-01-01,1968-12-31
"MEM0383",0,1968-01-01,1968-12-31
"MEM0253",0,1968-01-01,1968-12-31
"MEM0517",0,1968-01-01,1968-12-31
"MEM0386",0,1968-01-01,1968-12-31
"MEM0518",0.0557169684068543,1968-01-01,1968-12-31
"MEM0501",0.110303177901034,1968-01-01,1968-12-31
"MEM0315",0.0863246449022198,1968-01-01,1968-12-31
"MEM0316",0.0820051239263083,1968-01-01,1968-12-31
"MEM0483",0.134180711264043,1968-01-01,1968-12-31
"MEM0462",0.166710212640597,1968-01-01,1968-12-31
"MEM0529",0,1968-01-01,1968-12-31
"MEM0435",0.166179780615322,1968-01-01,1968-12-31
"MEM0256",0.0643260097038509,1968-01-01,1968-12-31
"MEM0469",0.041002571812075,1968-01-01,1968-12-31
"MEM0508",0,1968-01-01,1968-12-31
"MEM0475",0.250765292812884,1968-01-01,1968-12-31
"MEM0299",0,1968-01-01,1968-12-31
"MEM0300",0,1968-01-01,1968-12-31
"MEM0478",0.192704098765853,1968-01-01,1968-12-31
"MEM0359",0,1968-01-01,1968-12-31
"MEM0301",2.10187133889258,1968-01-01,1968-12-31
"MEM0303",0.0332452220184445,1968-01-01,1968-12-31
"MEM0336",0,1968-01-01,1968-12-31
"MEM0378",0,1968-01-01,1968-12-31
"MEM0242",0,1968-01-01,1968-12-31
"MEM0403",0.676317355151503,1968-01-01,1968-12-31
"MEM0268",0,1968-01-01,1968-12-31
"MEM0492",0,1968-01-01,1968-12-31
"MEM0248",0,1968-01-01,1968-12-31
"MEM0523",0.133439662461203,1968-01-01,1968-12-31
"MEM0273",0,1968-01-01,1968-12-31
"MEM0514",0.203730840777949,1968-01-01,1968-12-31
"MEM0312",0.226594612072774,1968-01-01,1968-12-31
"MEM0314",0.0932772718033613,1968-01-01,1968-12-31
"MEM0446",0.0569175162601941,1968-01-01,1968-12-31
"MEM0254",0,1968-01-01,1968-12-31
"MEM0342",0,1968-01-01,1968-12-31
"MEM0528",0,1968-01-01,1968-12-31
"MEM0484",0.0208341908485811,1968-01-01,1968-12-31
"MEM0485",0.213448691399277,1968-01-01,1968-12-31
"MEM0416",0.0643260097038509,1968-01-01,1968-12-31
"MEM0487",0.419001232303863,1968-01-01,1968-12-31
"MEM0571",0,1968-01-01,1968-12-31
"MEM0543",0.217946313894782,1968-01-01,1968-12-31
"MEM0394",0.0643260097038509,1968-01-01,1968-12-31
"MEM0334",0.195880971396391,1968-01-01,1968-12-31
"MEM0322",0,1968-01-01,1968-12-31
"MEM0357",0,1968-01-01,1968-12-31
"MEM0240",0,1968-01-01,1968-12-31
"MEM0241",2.17914169164168,1968-01-01,1968-12-31
"MEM0327",0,1968-01-01,1968-12-31
"MEM0554",0.0191661877466817,1968-01-01,1968-12-31
"MEM0423",3.1277444777445,1968-01-01,1968-12-31
"MEM0307",0.550925702281241,1968-01-01,1968-12-31
"MEM0249",0,1968-01-01,1968-12-31
"MEM0275",0,1968-01-01,1968-12-31
"MEM0415",0,1968-01-01,1968-12-31
"MEM0434",0,1968-01-01,1968-12-31
"MEM0537",0,1968-01-01,1968-12-31
"MEM0257",0.190012725571477,1968-01-01,1968-12-31
"MEM0504",0,1968-01-01,1968-12-31
"MEM0545",0.217946313894782,1968-01-01,1968-12-31
"MEM0541",0,1968-01-01,1968-12-31
"MEM0375",0,1968-01-01,1968-12-31
"MEM0426",3.70222085973523,1968-01-01,1968-12-31
"MEM0413",0,1968-01-01,1968-12-31
"MEM0471",0.0569175162601941,1968-01-01,1968-12-31
"MEM0392",0.0522712136348501,1968-01-01,1968-12-31
"MEM0298",0,1968-01-01,1968-12-31
"MEM0360",0,1968-01-01,1968-12-31
"MEM0313",0,1968-01-01,1968-12-31
"MEM0526",0.174474187564849,1968-01-01,1968-12-31
"MEM0258",0,1968-01-01,1968-12-31
"MEM0521",0.419001232303863,1968-01-01,1968-12-31
"MEM0252",0,1968-01-01,1968-12-31
"MEM0417",0.0356627280947478,1968-01-01,1968-12-31
"MEM0474",0,1968-01-01,1968-12-31
"MEM0546",0.217946313894782,1968-01-01,1968-12-31
"MEM0549",0,1968-01-01,1968-12-31
"MEM0559",0.0208341908485811,1968-01-01,1968-12-31
"MEM0340",0,1968-01-01,1968-12-31
"MEM0351",0.0440835679472042,1968-01-01,1968-12-31
"MEM0377",0.0440835679472042,1968-01-01,1968-12-31
"MEM0567",0,1968-01-01,1968-12-31
"MEM0525",0.000814734254936168,1968-01-01,1968-12-31
"MEM0572",0.217946313894782,1968-01-01,1968-12-31
"MEM0400",0,1968-01-01,1968-12-31
"MEM0401",0,1968-01-01,1968-12-31
"MEM0308",0,1968-01-01,1968-12-31
"MEM0103",0,1968-01-01,1968-12-31
"MEM0166",0,1968-01-01,1968-12-31
"MEM0496",0,1968-01-01,1968-12-31
"MEM0565",0.091564632639861,1968-01-01,1968-12-31
"MEM0191",0,1968-01-01,1968-12-31
"MEM0431",0,1968-01-01,1968-12-31
"MEM0561",0.000184187989066038,1968-01-01,1968-12-31
"MEM0167",0,1968-01-01,1968-12-31
"MEM0562",0,1968-01-01,1968-12-31
"MEM0188",0,1968-01-01,1968-12-31
"MEM0260",0,1968-01-01,1968-12-31
"MEM0535",0,1968-01-01,1968-12-31
"MEM0515",0,1968-01-01,1968-12-31
"MEM0553",0,1968-01-01,1968-12-31
"MEM0527",0,1968-01-01,1968-12-31
"MEM0564",0,1968-01-01,1968-12-31
"MEM0056",0,1969-01-01,1969-12-31
"MEM0211",0,1969-01-01,1969-12-31
"MEM0219",0,1969-01-01,1969-12-31
"MEM0008",0.051557635168843,1969-01-01,1969-12-31
"MEM0009",0,1969-01-01,1969-12-31
"MEM0012",0.202489610843667,1969-01-01,1969-12-31
"MEM0027",0,1969-01-01,1969-12-31
"MEM0029",0.0167980209768977,1969-01-01,1969-12-31
"MEM0025",0,1969-01-01,1969-12-31
"MEM0035",0,1969-01-01,1969-12-31
"MEM0036",0,1969-01-01,1969-12-31
"MEM0046",0,1969-01-01,1969-12-31
"MEM0057",0,1969-01-01,1969-12-31
"MEM0059",0,1969-01-01,1969-12-31
"MEM0060",0,1969-01-01,1969-12-31
"MEM0062",0.0184634012710936,1969-01-01,1969-12-31
"MEM0077",0,1969-01-01,1969-12-31
"MEM0086",0,1969-01-01,1969-12-31
"MEM0087",0,1969-01-01,1969-12-31
"MEM0091",0.0350553624912601,1969-01-01,1969-12-31
"MEM0093",0,1969-01-01,1969-12-31
"MEM0104",0,1969-01-01,1969-12-31
"MEM0109",0.0982644292809945,1969-01-01,1969-12-31
"MEM0115",0.213676664345985,1969-01-01,1969-12-31
"MEM0119",0,1969-01-01,1969-12-31
"MEM0134",0,1969-01-01,1969-12-31
"MEM0147",0.0291643895105452,1969-01-01,1969-12-31
"MEM0177",0,1969-01-01,1969-12-31
"MEM0185",0.103236639993615,1969-01-01,1969-12-31
"MEM0193",0,1969-01-01,1969-12-31
"MEM0204",0,1969-01-01,1969-12-31
"MEM0216",0.0331616132257986,1969-01-01,1969-12-31
"MEM0221",0,1969-01-01,1969-12-31
"MEM0223",1.88378596837165,1969-01-01,1969-12-31
"MEM0232",0,1969-01-01,1969-12-31
"MEM0111",0,1969-01-01,1969-12-31
"MEM0136",0.0406185432527275,1969-01-01,1969-12-31
"MEM0024",0,1969-01-01,1969-12-31
"MEM0039",0,1969-01-01,1969-12-31
"MEM0048",0.265538237018191,1969-01-01,1969-12-31
"MEM0049",0,1969-01-01,1969-12-31
"MEM0053",0,1969-01-01,1969-12-31
"MEM0055",0.00641879844281042,1969-01-01,1969-12-31
"MEM0066",0,1969-01-01,1969-12-31
"MEM0073",0.00133251700680272,1969-01-01,1969-12-31
"MEM0075",9.15750915750916e-05,1969-01-01,1969-12-31
"MEM0082",0.0310735083598901,1969-01-01,1969-12-31
"MEM0100",0.10797127798489,1969-01-01,1969-12-31
"MEM0101",0,1969-01-01,1969-12-31
"MEM0113",0.0798646504911473,1969-01-01,1969-12-31
"MEM0116",0.0096571434261524,1969-01-01,1969-12-31
"MEM0118",0,1969-01-01,1969-12-31
"MEM0127",0,1969-01-01,1969-12-31
"MEM0142",0.0357858704908467,1969-01-01,1969-12-31
"MEM0156",0,1969-01-01,1969-12-31
"MEM0168",0.213676664345985,1969-01-01,1969-12-31
"MEM0195",0,1969-01-01,1969-12-31
"MEM0217",0.00107203463203463,1969-01-01,1969-12-31
"MEM0227",0,1969-01-01,1969-12-31
"MEM0230",0,1969-01-01,1969-12-31
"MEM0184",0,1969-01-01,1969-12-31
"MEM0016",0,1969-01-01,1969-12-31
"MEM0022",0,1969-01-01,1969-12-31
"MEM0034",0,1969-01-01,1969-12-31
"MEM0067",0,1969-01-01,1969-12-31
"MEM0076",0,1969-01-01,1969-12-31
"MEM0083",0.102536935286935,1969-01-01,1969-12-31
"MEM0096",0,1969-01-01,1969-12-31
"MEM0130",0.10797127798489,1969-01-01,1969-12-31
"MEM0141",0.0406185432527275,1969-01-01,1969-12-31
"MEM0165",0.0343645670362103,1969-01-01,1969-12-31
"MEM0231",0,1969-01-01,1969-12-31
"MEM0080",0,1969-01-01,1969-12-31
"MEM0175",0.00107203463203463,1969-01-01,1969-12-31
"MEM0089",0.253228128785758,1969-01-01,1969-12-31
"MEM0110",0,1969-01-01,1969-12-31
"MEM0158",0,1969-01-01,1969-12-31
"MEM0187",0.497010524794133,1969-01-01,1969-12-31
"MEM0190",0,1969-01-01,1969-12-31
"MEM0202",0,1969-01-01,1969-12-31
"MEM0210",0,1969-01-01,1969-12-31
"MEM0220",0.0184634012710936,1969-01-01,1969-12-31
"MEM0047",0,1969-01-01,1969-12-31
"MEM0106",0,1969-01-01,1969-12-31
"MEM0135",0.0310735083598901,1969-01-01,1969-12-31
"MEM0143",0.00133251700680272,1969-01-01,1969-12-31
"MEM0149",0,1969-01-01,1969-12-31
"MEM0180",0,1969-01-01,1969-12-31
"MEM0199",0,1969-01-01,1969-12-31
"MEM0229",0.313209505345916,1969-01-01,1969-12-31
"MEM0019",0,1969-01-01,1969-12-31
"MEM0138",0,1969-01-01,1969-12-31
"MEM0163",0,1969-01-01,1969-12-31
"MEM0206",0.0285387492932742,1969-01-01,1969-12-31
"MEM0215",0.00107203463203463,1969-01-01,1969-12-31
"MEM0125",0,1969-01-01,1969-12-31
"MEM0146",0,1969-01-01,1969-12-31
"MEM0038",0,1969-01-01,1969-12-31
"MEM0214",0,1969-01-01,1969-12-31
"MEM0179",0.0184634012710936,1969-01-01,1969-12-31
"MEM0390",0.040394947865186,1969-01-01,1969-12-31
"MEM0369",0,1969-01-01,1969-12-31
"MEM0391",0.0709480871773789,1969-01-01,1969-12-31
"MEM0470",0.213676664345985,1969-01-01,1969-12-31
"MEM0392",0.119942779548817,1969-01-01,1969-12-31
"MEM0505",1.62571634624204,1969-01-01,1969-12-31
"MEM0320",0,1969-01-01,1969-12-31
"MEM0370",0,1969-01-01,1969-12-31
"MEM0473",0,1969-01-01,1969-12-31
"MEM0397",0.253228128785758,1969-01-01,1969-12-31
"MEM0373",0,1969-01-01,1969-12-31
"MEM0531",0,1969-01-01,1969-12-31
"MEM0509",0,1969-01-01,1969-12-31
"MEM0510",0,1969-01-01,1969-12-31
"MEM0239",0.0493921743311465,1969-01-01,1969-12-31
"MEM0346",0,1969-01-01,1969-12-31
"MEM0401",0.00915513131882045,1969-01-01,1969-12-31
"MEM0302",0.134318821261417,1969-01-01,1969-12-31
"MEM0247",0,1969-01-01,1969-12-31
"MEM0338",0,1969-01-01,1969-12-31
"MEM0444",0.158580343558574,1969-01-01,1969-12-31
"MEM0380",0,1969-01-01,1969-12-31
"MEM0424",0,1969-01-01,1969-12-31
"MEM0407",0.41216761903801,1969-01-01,1969-12-31
"MEM0310",0.00284176987296801,1969-01-01,1969-12-31
"MEM0459",0,1969-01-01,1969-12-31
"MEM0481",0.0988416296400476,1969-01-01,1969-12-31
"MEM0513",0,1969-01-01,1969-12-31
"MEM0498",0.0217446721007097,1969-01-01,1969-12-31
"MEM0557",0.0357858704908467,1969-01-01,1969-12-31
"MEM0281",0,1969-01-01,1969-12-31
"MEM0482",0.330644983043974,1969-01-01,1969-12-31
"MEM0364",0,1969-01-01,1969-12-31
"MEM0286",0.0101940581558242,1969-01-01,1969-12-31
"MEM0251",0.968460031716508,1969-01-01,1969-12-31
"MEM0410",0,1969-01-01,1969-12-31
"MEM0274",0,1969-01-01,1969-12-31
"MEM0365",0,1969-01-01,1969-12-31
"MEM0449",0,1969-01-01,1969-12-31
"MEM0317",0.0123134087612083,1969-01-01,1969-12-31
"MEM0519",0.0357858704908467,1969-01-01,1969-12-31
"MEM0520",0,1969-01-01,1969-12-31
"MEM0318",0,1969-01-01,1969-12-31
"MEM0486",0,1969-01-01,1969-12-31
"MEM0468",2.0464652014652,1969-01-01,1969-12-31
"MEM0350",0,1969-01-01,1969-12-31
"MEM0467",3.53848188848187,1969-01-01,1969-12-31
"MEM0367",0.14841288950181,1969-01-01,1969-12-31
"MEM0278",0.14215634955918,1969-01-01,1969-12-31
"MEM0570",0,1969-01-01,1969-12-31
"MEM0353",0,1969-01-01,1969-12-31
"MEM0436",0,1969-01-01,1969-12-31
"MEM0297",0.213676664345985,1969-01-01,1969-12-31
"MEM0544",0.0817211233211237,1969-01-01,1969-12-31
"MEM0506",0,1969-01-01,1969-12-31
"MEM0235",0.0708085064623633,1969-01-01,1969-12-31
"MEM0472",0,1969-01-01,1969-12-31
"MEM0451",1.70355341880341,1969-01-01,1969-12-31
"MEM0371",0,1969-01-01,1969-12-31
"MEM0396",0,1969-01-01,1969-12-31
"MEM0540",0,1969-01-01,1969-12-31
"MEM0438",0,1969-01-01,1969-12-31
"MEM0236",0,1969-01-01,1969-12-31
"MEM0399",0.337416386981631,1969-01-01,1969-12-31
"MEM0441",0,1969-01-01,1969-12-31
"MEM0477",0.213676664345985,1969-01-01,1969-12-31
"MEM0372",0,1969-01-01,1969-12-31
"MEM0238",0.051557635168843,1969-01-01,1969-12-31
"MEM0547",0.150892575061102,1969-01-01,1969-12-31
"MEM0358",0.0372351118923078,1969-01-01,1969-12-31
"MEM0548",0.0708085064623633,1969-01-01,1969-12-31
"MEM0291",0.0357858704908467,1969-01-01,1969-12-31
"MEM0304",0,1969-01-01,1969-12-31
"MEM0479",1.56955899438177,1969-01-01,1969-12-31
"MEM0361",0,1969-01-01,1969-12-31
"MEM0454",0,1969-01-01,1969-12-31
"MEM0534",0.0261814108470038,1969-01-01,1969-12-31
"MEM0305",0,1969-01-01,1969-12-31
"MEM0362",0,1969-01-01,1969-12-31
"MEM0404",0,1969-01-01,1969-12-31
"MEM0555",0.00641879844281042,1969-01-01,1969-12-31
"MEM0269",0,1969-01-01,1969-12-31
"MEM0405",0.329946812601718,1969-01-01,1969-12-31
"MEM0363",0,1969-01-01,1969-12-31
"MEM0279",0,1969-01-01,1969-12-31
"MEM0381",0,1969-01-01,1969-12-31
"MEM0271",0,1969-01-01,1969-12-31
"MEM0272",0,1969-01-01,1969-12-31
"MEM0309",0.222271977310029,1969-01-01,1969-12-31
"MEM0311",0.173372216186349,1969-01-01,1969-12-31
"MEM0445",0,1969-01-01,1969-12-31
"MEM0383",0,1969-01-01,1969-12-31
"MEM0253",0,1969-01-01,1969-12-31
"MEM0517",0,1969-01-01,1969-12-31
"MEM0386",0,1969-01-01,1969-12-31
"MEM0518",0.0638653162351593,1969-01-01,1969-12-31
"MEM0501",0.0554355487051561,1969-01-01,1969-12-31
"MEM0331",0,1969-01-01,1969-12-31
"MEM0315",0.0653310911895574,1969-01-01,1969-12-31
"MEM0316",0.12771382115145,1969-01-01,1969-12-31
"MEM0462",0.485292915390871,1969-01-01,1969-12-31
"MEM0529",0,1969-01-01,1969-12-31
"MEM0435",0.0475648126821738,1969-01-01,1969-12-31
"MEM0256",0.0825678663204104,1969-01-01,1969-12-31
"MEM0508",0,1969-01-01,1969-12-31
"MEM0475",0.127226519447127,1969-01-01,1969-12-31
"MEM0299",0,1969-01-01,1969-12-31
"MEM0300",0,1969-01-01,1969-12-31
"MEM0478",0.0709395183513035,1969-01-01,1969-12-31
"MEM0359",0,1969-01-01,1969-12-31
"MEM0303",0.0274201501306165,1969-01-01,1969-12-31
"MEM0336",0,1969-01-01,1969-12-31
"MEM0378",0,1969-01-01,1969-12-31
"MEM0242",0,1969-01-01,1969-12-31
"MEM0243",0.0144467566778819,1969-01-01,1969-12-31
"MEM0268",0,1969-01-01,1969-12-31
"MEM0492",0,1969-01-01,1969-12-31
"MEM0246",0,1969-01-01,1969-12-31
"MEM0248",0,1969-01-01,1969-12-31
"MEM0523",0.187900273364357,1969-01-01,1969-12-31
"MEM0273",0,1969-01-01,1969-12-31
"MEM0514",0.121941304190352,1969-01-01,1969-12-31
"MEM0312",0.498718574676898,1969-01-01,1969-12-31
"MEM0384",0,1969-01-01,1969-12-31
"MEM0314",0.192643345210579,1969-01-01,1969-12-31
"MEM0446",0.0407508612652427,1969-01-01,1969-12-31
"MEM0254",0,1969-01-01,1969-12-31
"MEM0535",0,1969-01-01,1969-12-31
"MEM0342",0,1969-01-01,1969-12-31
"MEM0528",0,1969-01-01,1969-12-31
"MEM0484",0.00641879844281042,1969-01-01,1969-12-31
"MEM0485",0.421667885347214,1969-01-01,1969-12-31
"MEM0416",0.0825678663204104,1969-01-01,1969-12-31
"MEM0487",0.473774394665563,1969-01-01,1969-12-31
"MEM0571",0,1969-01-01,1969-12-31
"MEM0543",0.150892575061102,1969-01-01,1969-12-31
"MEM0394",0.0825678663204104,1969-01-01,1969-12-31
"MEM0334",0.0946660395937816,1969-01-01,1969-12-31
"MEM0322",0,1969-01-01,1969-12-31
"MEM0357",0,1969-01-01,1969-12-31
"MEM0240",0,1969-01-01,1969-12-31
"MEM0241",1.80073870573869,1969-01-01,1969-12-31
"MEM0403",0.504504854554905,1969-01-01,1969-12-31
"MEM0327",0,1969-01-01,1969-12-31
"MEM0554",0.0103049991876181,1969-01-01,1969-12-31
"MEM0423",0.092505240020779,1969-01-01,1969-12-31
"MEM0307",0.412995982146282,1969-01-01,1969-12-31
"MEM0348",0.0209127979201171,1969-01-01,1969-12-31
"MEM0249",0,1969-01-01,1969-12-31
"MEM0275",0,1969-01-01,1969-12-31
"MEM0415",0,1969-01-01,1969-12-31
"MEM0434",0,1969-01-01,1969-12-31
"MEM0537",0,1969-01-01,1969-12-31
"MEM0257",0.270578492506974,1969-01-01,1969-12-31
"MEM0504",0,1969-01-01,1969-12-31
"MEM0469",0.244246969465785,1969-01-01,1969-12-31
"MEM0545",0.150892575061102,1969-01-01,1969-12-31
"MEM0541",0,1969-01-01,1969-12-31
"MEM0375",0,1969-01-01,1969-12-31
"MEM0426",0.184225331698109,1969-01-01,1969-12-31
"MEM0413",0,1969-01-01,1969-12-31
"MEM0298",0,1969-01-01,1969-12-31
"MEM0301",1.84335128861566,1969-01-01,1969-12-31
"MEM0360",0,1969-01-01,1969-12-31
"MEM0313",0,1969-01-01,1969-12-31
"MEM0526",0.0899791030141868,1969-01-01,1969-12-31
"MEM0258",0,1969-01-01,1969-12-31
"MEM0521",0.469395563674569,1969-01-01,1969-12-31
"MEM0471",0.213676664345985,1969-01-01,1969-12-31
"MEM0252",0,1969-01-01,1969-12-31
"MEM0417",0.0865399463050001,1969-01-01,1969-12-31
"MEM0474",0,1969-01-01,1969-12-31
"MEM0546",0.150892575061102,1969-01-01,1969-12-31
"MEM0549",0,1969-01-01,1969-12-31
"MEM0483",0,1969-01-01,1969-12-31
"MEM0559",0.00641879844281042,1969-01-01,1969-12-31
"MEM0340",0,1969-01-01,1969-12-31
"MEM0351",0.0349823111361574,1969-01-01,1969-12-31
"MEM0377",0,1969-01-01,1969-12-31
"MEM0567",0,1969-01-01,1969-12-31
"MEM0525",0.000684671819329985,1969-01-01,1969-12-31
"MEM0572",0.150892575061102,1969-01-01,1969-12-31
"MEM0400",0,1969-01-01,1969-12-31
"MEM0103",0,1969-01-01,1969-12-31
"MEM0166",0,1969-01-01,1969-12-31
"MEM0496",0,1969-01-01,1969-12-31
"MEM0565",0.103396889515318,1969-01-01,1969-12-31
"MEM0431",0,1969-01-01,1969-12-31
"MEM0561",9.53855033855034e-05,1969-01-01,1969-12-31
"MEM0167",0.102536935286935,1969-01-01,1969-12-31
"MEM0562",0,1969-01-01,1969-12-31
"MEM0527",0,1969-01-01,1969-12-31
"MEM0260",0,1969-01-01,1969-12-31
"MEM0553",0.0981981074481071,1969-01-01,1969-12-31
"MEM0515",0,1969-01-01,1969-12-31
"MEM0347",0,1969-01-01,1969-12-31
"MEM0564",0,1969-01-01,1969-12-31
"MEM0056",0,1970-01-01,1970-12-31
"MEM0219",0,1970-01-01,1970-12-31
"MEM0004",0.00110859158478206,1970-01-01,1970-12-31
"MEM0008",0.0651303444051625,1970-01-01,1970-12-31
"MEM0009",0,1970-01-01,1970-12-31
"MEM0012",0.175024984397943,1970-01-01,1970-12-31
"MEM0015",0,1970-01-01,1970-12-31
"MEM0027",0,1970-01-01,1970-12-31
"MEM0025",0.0859471848565611,1970-01-01,1970-12-31
"MEM0035",0,1970-01-01,1970-12-31
"MEM0036",0,1970-01-01,1970-12-31
"MEM0046",0,1970-01-01,1970-12-31
"MEM0054",0,1970-01-01,1970-12-31
"MEM0057",0,1970-01-01,1970-12-31
"MEM0059",0,1970-01-01,1970-12-31
"MEM0060",0,1970-01-01,1970-12-31
"MEM0062",0,1970-01-01,1970-12-31
"MEM0077",0.0335780098142411,1970-01-01,1970-12-31
"MEM0086",0.0391777674201657,1970-01-01,1970-12-31
"MEM0087",0,1970-01-01,1970-12-31
"MEM0091",0.0271602264854387,1970-01-01,1970-12-31
"MEM0092",0,1970-01-01,1970-12-31
"MEM0093",0,1970-01-01,1970-12-31
"MEM0104",0,1970-01-01,1970-12-31
"MEM0109",0.0730692121331433,1970-01-01,1970-12-31
"MEM0115",0.135334516233774,1970-01-01,1970-12-31
"MEM0134",0,1970-01-01,1970-12-31
"MEM0147",0.00798131052219652,1970-01-01,1970-12-31
"MEM0177",0,1970-01-01,1970-12-31
"MEM0193",0,1970-01-01,1970-12-31
"MEM0202",0.036209544946466,1970-01-01,1970-12-31
"MEM0216",0.0730692121331433,1970-01-01,1970-12-31
"MEM0221",0,1970-01-01,1970-12-31
"MEM0223",0.290802237171856,1970-01-01,1970-12-31
"MEM0232",0,1970-01-01,1970-12-31
"MEM0111",0,1970-01-01,1970-12-31
"MEM0136",0.0347655815369172,1970-01-01,1970-12-31
"MEM0211",0,1970-01-01,1970-12-31
"MEM0024",0,1970-01-01,1970-12-31
"MEM0029",0,1970-01-01,1970-12-31
"MEM0039",0,1970-01-01,1970-12-31
"MEM0048",0.249652742888546,1970-01-01,1970-12-31
"MEM0049",0,1970-01-01,1970-12-31
"MEM0053",0,1970-01-01,1970-12-31
"MEM0055",0.00728617098654716,1970-01-01,1970-12-31
"MEM0066",0,1970-01-01,1970-12-31
"MEM0073",0.00175248488556122,1970-01-01,1970-12-31
"MEM0075",9.85786461805214e-05,1970-01-01,1970-12-31
"MEM0082",1.6024533626409,1970-01-01,1970-12-31
"MEM0100",0.0159548412460634,1970-01-01,1970-12-31
"MEM0102",0,1970-01-01,1970-12-31
"MEM0101",0,1970-01-01,1970-12-31
"MEM0113",0.0893552069579522,1970-01-01,1970-12-31
"MEM0116",0.00287171431085503,1970-01-01,1970-12-31
"MEM0118",0,1970-01-01,1970-12-31
"MEM0127",0,1970-01-01,1970-12-31
"MEM0142",0.0789598406171284,1970-01-01,1970-12-31
"MEM0156",0,1970-01-01,1970-12-31
"MEM0168",0.135334516233774,1970-01-01,1970-12-31
"MEM0172",0,1970-01-01,1970-12-31
"MEM0195",0,1970-01-01,1970-12-31
"MEM0217",0.00174440709168952,1970-01-01,1970-12-31
"MEM0227",0,1970-01-01,1970-12-31
"MEM0230",0,1970-01-01,1970-12-31
"MEM0071",0,1970-01-01,1970-12-31
"MEM0184",0,1970-01-01,1970-12-31
"MEM0016",0,1970-01-01,1970-12-31
"MEM0019",0,1970-01-01,1970-12-31
"MEM0022",0,1970-01-01,1970-12-31
"MEM0034",0,1970-01-01,1970-12-31
"MEM0065",0.00732960475483172,1970-01-01,1970-12-31
"MEM0067",0,1970-01-01,1970-12-31
"MEM0076",0,1970-01-01,1970-12-31
"MEM0083",0.00720362843837922,1970-01-01,1970-12-31
"MEM0096",0,1970-01-01,1970-12-31
"MEM0130",0.0276135918672347,1970-01-01,1970-12-31
"MEM0141",0.0347655815369172,1970-01-01,1970-12-31
"MEM0165",0.0602142098233874,1970-01-01,1970-12-31
"MEM0231",0,1970-01-01,1970-12-31
"MEM0080",0,1970-01-01,1970-12-31
"MEM0175",0.00174440709168952,1970-01-01,1970-12-31
"MEM0089",0.150017408598169,1970-01-01,1970-12-31
"MEM0110",0,1970-01-01,1970-12-31
"MEM0158",0,1970-01-01,1970-12-31
"MEM0187",0.0587204310795719,1970-01-01,1970-12-31
"MEM0190",0,1970-01-01,1970-12-31
"MEM0210",0,1970-01-01,1970-12-31
"MEM0220",0.00361356770391437,1970-01-01,1970-12-31
"MEM0068",0,1970-01-01,1970-12-31
"MEM0135",1.6024533626409,1970-01-01,1970-12-31
"MEM0143",0.00175248488556122,1970-01-01,1970-12-31
"MEM0149",0,1970-01-01,1970-12-31
"MEM0180",0.116360318194227,1970-01-01,1970-12-31
"MEM0188",0,1970-01-01,1970-12-31
"MEM0047",0,1970-01-01,1970-12-31
"MEM0199",0,1970-01-01,1970-12-31
"MEM0229",0.267002175162681,1970-01-01,1970-12-31
"MEM0106",0,1970-01-01,1970-12-31
"MEM0138",0,1970-01-01,1970-12-31
"MEM0163",0,1970-01-01,1970-12-31
"MEM0206",0.0068620849873482,1970-01-01,1970-12-31
"MEM0215",0.00174440709168952,1970-01-01,1970-12-31
"MEM0125",0,1970-01-01,1970-12-31
"MEM0038",0,1970-01-01,1970-12-31
"MEM0044",0,1970-01-01,1970-12-31
"MEM0214",0,1970-01-01,1970-12-31
"MEM0179",0.00214935315082991,1970-01-01,1970-12-31
"MEM0390",0.0448801513162623,1970-01-01,1970-12-31
"MEM0369",0,1970-01-01,1970-12-31
"MEM0391",0.0817562767738872,1970-01-01,1970-12-31
"MEM0470",0.135334516233774,1970-01-01,1970-12-31
"MEM0392",0.0719990039828635,1970-01-01,1970-12-31
"MEM0505",1.39203150160962,1970-01-01,1970-12-31
"MEM0320",0,1970-01-01,1970-12-31
"MEM0370",0,1970-01-01,1970-12-31
"MEM0473",0,1970-01-01,1970-12-31
"MEM0373",0,1970-01-01,1970-12-31
"MEM0262",0,1970-01-01,1970-12-31
"MEM0531",0,1970-01-01,1970-12-31
"MEM0509",0.135334516233774,1970-01-01,1970-12-31
"MEM0510",0,1970-01-01,1970-12-31
"MEM0239",0.0299671318218687,1970-01-01,1970-12-31
"MEM0346",0,1970-01-01,1970-12-31
"MEM0378",0,1970-01-01,1970-12-31
"MEM0302",0.135700937230678,1970-01-01,1970-12-31
"MEM0247",0,1970-01-01,1970-12-31
"MEM0338",0,1970-01-01,1970-12-31
"MEM0444",0.055414412586508,1970-01-01,1970-12-31
"MEM0424",0,1970-01-01,1970-12-31
"MEM0407",0.244118863329054,1970-01-01,1970-12-31
"MEM0408",0,1970-01-01,1970-12-31
"MEM0310",0.0029496051193784,1970-01-01,1970-12-31
"MEM0459",0.00197524841861673,1970-01-01,1970-12-31
"MEM0481",0.0983811137806109,1970-01-01,1970-12-31
"MEM0513",0.533126290582091,1970-01-01,1970-12-31
"MEM0498",0.00898726778753821,1970-01-01,1970-12-31
"MEM0281",0,1970-01-01,1970-12-31
"MEM0482",0.23144855634566,1970-01-01,1970-12-31
"MEM0364",0.0568264647338088,1970-01-01,1970-12-31
"MEM0286",0.00520192606411216,1970-01-01,1970-12-31
"MEM0251",0.392115924487414,1970-01-01,1970-12-31
"MEM0410",0,1970-01-01,1970-12-31
"MEM0274",0,1970-01-01,1970-12-31
"MEM0275",0,1970-01-01,1970-12-31
"MEM0365",0,1970-01-01,1970-12-31
"MEM0449",0,1970-01-01,1970-12-31
"MEM0386",0,1970-01-01,1970-12-31
"MEM0317",0.0075517871584509,1970-01-01,1970-12-31
"MEM0519",0.0789598406171284,1970-01-01,1970-12-31
"MEM0520",0,1970-01-01,1970-12-31
"MEM0318",0,1970-01-01,1970-12-31
"MEM0486",0.0122144217753061,1970-01-01,1970-12-31
"MEM0468",1.59821607450528,1970-01-01,1970-12-31
"MEM0350",0,1970-01-01,1970-12-31
"MEM0467",0.171287951612,1970-01-01,1970-12-31
"MEM0367",0.0650107786317129,1970-01-01,1970-12-31
"MEM0278",0.136071168740276,1970-01-01,1970-12-31
"MEM0570",0,1970-01-01,1970-12-31
"MEM0353",0,1970-01-01,1970-12-31
"MEM0436",0,1970-01-01,1970-12-31
"MEM0297",0.135334516233774,1970-01-01,1970-12-31
"MEM0544",0.126919962129483,1970-01-01,1970-12-31
"MEM0506",0,1970-01-01,1970-12-31
"MEM0235",0.049920669203608,1970-01-01,1970-12-31
"MEM0472",0,1970-01-01,1970-12-31
"MEM0451",0.051381936955755,1970-01-01,1970-12-31
"MEM0371",0,1970-01-01,1970-12-31
"MEM0396",0,1970-01-01,1970-12-31
"MEM0540",0,1970-01-01,1970-12-31
"MEM0438",0,1970-01-01,1970-12-31
"MEM0236",0,1970-01-01,1970-12-31
"MEM0399",0,1970-01-01,1970-12-31
"MEM0441",0,1970-01-01,1970-12-31
"MEM0477",0.135334516233774,1970-01-01,1970-12-31
"MEM0372",0,1970-01-01,1970-12-31
"MEM0547",0.126919962129483,1970-01-01,1970-12-31
"MEM0358",0.0347777977055825,1970-01-01,1970-12-31
"MEM0548",0.049920669203608,1970-01-01,1970-12-31
"MEM0291",0.0789598406171284,1970-01-01,1970-12-31
"MEM0304",0,1970-01-01,1970-12-31
"MEM0351",0.180800319313632,1970-01-01,1970-12-31
"MEM0479",1.32810457800119,1970-01-01,1970-12-31
"MEM0361",0,1970-01-01,1970-12-31
"MEM0454",0,1970-01-01,1970-12-31
"MEM0534",1.36207177957399,1970-01-01,1970-12-31
"MEM0305",0,1970-01-01,1970-12-31
"MEM0362",0,1970-01-01,1970-12-31
"MEM0404",0,1970-01-01,1970-12-31
"MEM0555",0.00728617098654716,1970-01-01,1970-12-31
"MEM0269",0,1970-01-01,1970-12-31
"MEM0405",0.214003150248159,1970-01-01,1970-12-31
"MEM0363",0,1970-01-01,1970-12-31
"MEM0279",0,1970-01-01,1970-12-31
"MEM0380",0,1970-01-01,1970-12-31
"MEM0381",0,1970-01-01,1970-12-31
"MEM0271",0,1970-01-01,1970-12-31
"MEM0272",0,1970-01-01,1970-12-31
"MEM0309",0.150883462612222,1970-01-01,1970-12-31
"MEM0311",0.0691959300808291,1970-01-01,1970-12-31
"MEM0445",0,1970-01-01,1970-12-31
"MEM0383",0,1970-01-01,1970-12-31
"MEM0253",0,1970-01-01,1970-12-31
"MEM0518",0,1970-01-01,1970-12-31
"MEM0501",0,1970-01-01,1970-12-31
"MEM0331",0,1970-01-01,1970-12-31
"MEM0315",0.067037466475051,1970-01-01,1970-12-31
"MEM0316",0.0552866503246848,1970-01-01,1970-12-31
"MEM0462",0.514796672396593,1970-01-01,1970-12-31
"MEM0529",0,1970-01-01,1970-12-31
"MEM0435",0.0735611998324857,1970-01-01,1970-12-31
"MEM0256",0.0605573757820195,1970-01-01,1970-12-31
"MEM0508",0,1970-01-01,1970-12-31
"MEM0475",0,1970-01-01,1970-12-31
"MEM0299",0,1970-01-01,1970-12-31
"MEM0300",0,1970-01-01,1970-12-31
"MEM0238",0,1970-01-01,1970-12-31
"MEM0359",0.0105674679864123,1970-01-01,1970-12-31
"MEM0303",0.0264804977412819,1970-01-01,1970-12-31
"MEM0336",0,1970-01-01,1970-12-31
"MEM0377",0,1970-01-01,1970-12-31
"MEM0401",0,1970-01-01,1970-12-31
"MEM0242",0,1970-01-01,1970-12-31
"MEM0243",0,1970-01-01,1970-12-31
"MEM0268",0.0191718458184375,1970-01-01,1970-12-31
"MEM0492",0,1970-01-01,1970-12-31
"MEM0246",0.00728617098654716,1970-01-01,1970-12-31
"MEM0248",0,1970-01-01,1970-12-31
"MEM0523",0.13849969925866,1970-01-01,1970-12-31
"MEM0273",0,1970-01-01,1970-12-31
"MEM0514",0.138239886874203,1970-01-01,1970-12-31
"MEM0384",0,1970-01-01,1970-12-31
"MEM0314",0.199965621990516,1970-01-01,1970-12-31
"MEM0446",0.0376737912680684,1970-01-01,1970-12-31
"MEM0254",0,1970-01-01,1970-12-31
"MEM0535",0,1970-01-01,1970-12-31
"MEM0528",0,1970-01-01,1970-12-31
"MEM0483",0.0677368112667456,1970-01-01,1970-12-31
"MEM0484",0.00728617098654716,1970-01-01,1970-12-31
"MEM0571",0,1970-01-01,1970-12-31
"MEM0543",0.126919962129483,1970-01-01,1970-12-31
"MEM0394",0.0605573757820195,1970-01-01,1970-12-31
"MEM0397",0.150017408598169,1970-01-01,1970-12-31
"MEM0334",0.129770975535168,1970-01-01,1970-12-31
"MEM0322",0,1970-01-01,1970-12-31
"MEM0357",0,1970-01-01,1970-12-31
"MEM0478",0.0396423239246134,1970-01-01,1970-12-31
"MEM0240",0,1970-01-01,1970-12-31
"MEM0241",0.0506555759223,1970-01-01,1970-12-31
"MEM0403",0.06289051244735,1970-01-01,1970-12-31
"MEM0327",0,1970-01-01,1970-12-31
"MEM0554",0.00712842165610237,1970-01-01,1970-12-31
"MEM0423",0.00750629187663588,1970-01-01,1970-12-31
"MEM0307",0.0273186425167787,1970-01-01,1970-12-31
"MEM0348",0,1970-01-01,1970-12-31
"MEM0557",0,1970-01-01,1970-12-31
"MEM0249",0,1970-01-01,1970-12-31
"MEM0312",0.183718383579702,1970-01-01,1970-12-31
"MEM0517",0,1970-01-01,1970-12-31
"MEM0415",0,1970-01-01,1970-12-31
"MEM0342",0,1970-01-01,1970-12-31
"MEM0416",0.0605573757820195,1970-01-01,1970-12-31
"MEM0434",0,1970-01-01,1970-12-31
"MEM0537",0,1970-01-01,1970-12-31
"MEM0487",0.1865420830952,1970-01-01,1970-12-31
"MEM0257",0.217730719978514,1970-01-01,1970-12-31
"MEM0469",0.119524969697705,1970-01-01,1970-12-31
"MEM0545",0.126919962129483,1970-01-01,1970-12-31
"MEM0541",0,1970-01-01,1970-12-31
"MEM0375",0,1970-01-01,1970-12-31
"MEM0426",0.0673512895476906,1970-01-01,1970-12-31
"MEM0413",0,1970-01-01,1970-12-31
"MEM0485",0.135334516233774,1970-01-01,1970-12-31
"MEM0504",0,1970-01-01,1970-12-31
"MEM0507",0,1970-01-01,1970-12-31
"MEM0298",0,1970-01-01,1970-12-31
"MEM0301",0.113006930270657,1970-01-01,1970-12-31
"MEM0360",0,1970-01-01,1970-12-31
"MEM0313",0.00114795736079856,1970-01-01,1970-12-31
"MEM0526",1.83476935324876,1970-01-01,1970-12-31
"MEM0258",0,1970-01-01,1970-12-31
"MEM0471",0.135334516233774,1970-01-01,1970-12-31
"MEM0252",0,1970-01-01,1970-12-31
"MEM0417",0.148164820546402,1970-01-01,1970-12-31
"MEM0521",0.160973174224436,1970-01-01,1970-12-31
"MEM0474",0,1970-01-01,1970-12-31
"MEM0546",0.126919962129483,1970-01-01,1970-12-31
"MEM0549",0,1970-01-01,1970-12-31
"MEM0559",0.00728617098654716,1970-01-01,1970-12-31
"MEM0340",0,1970-01-01,1970-12-31
"MEM0567",0,1970-01-01,1970-12-31
"MEM0525",0.000532770128870303,1970-01-01,1970-12-31
"MEM0572",0.126919962129483,1970-01-01,1970-12-31
"MEM0400",0,1970-01-01,1970-12-31
"MEM0103",0,1970-01-01,1970-12-31
"MEM0166",0,1970-01-01,1970-12-31
"MEM0496",0,1970-01-01,1970-12-31
"MEM0565",0.0152957839059671,1970-01-01,1970-12-31
"MEM0431",0,1970-01-01,1970-12-31
"MEM0561",8.61111571028709e-05,1970-01-01,1970-12-31
"MEM0453",0,1970-01-01,1970-12-31
"MEM0562",0,1970-01-01,1970-12-31
"MEM0167",0,1970-01-01,1970-12-31
"MEM0527",0,1970-01-01,1970-12-31
"MEM0260",0,1970-01-01,1970-12-31
"MEM0553",0.0630117361953268,1970-01-01,1970-12-31
"MEM0515",0,1970-01-01,1970-12-31
"MEM0347",0,1970-01-01,1970-12-31
"MEM0564",0,1970-01-01,1970-12-31
"MEM0056",0,1971-01-01,1971-12-31
"MEM0159",0,1971-01-01,1971-12-31
"MEM0219",0,1971-01-01,1971-12-31
"MEM0004",0.2830341449765,1971-01-01,1971-12-31
"MEM0008",0.0508867393697324,1971-01-01,1971-12-31
"MEM0009",0,1971-01-01,1971-12-31
"MEM0012",0.474363634615956,1971-01-01,1971-12-31
"MEM0015",0,1971-01-01,1971-12-31
"MEM0027",0,1971-01-01,1971-12-31
"MEM0025",0,1971-01-01,1971-12-31
"MEM0035",0,1971-01-01,1971-12-31
"MEM0036",0,1971-01-01,1971-12-31
"MEM0046",0,1971-01-01,1971-12-31
"MEM0054",0,1971-01-01,1971-12-31
"MEM0057",0,1971-01-01,1971-12-31
"MEM0060",0,1971-01-01,1971-12-31
"MEM0062",0,1971-01-01,1971-12-31
"MEM0069",0,1971-01-01,1971-12-31
"MEM0077",0.0644776967739421,1971-01-01,1971-12-31
"MEM0086",0.0845159756302399,1971-01-01,1971-12-31
"MEM0087",0,1971-01-01,1971-12-31
"MEM0091",0.0380479066805137,1971-01-01,1971-12-31
"MEM0092",0,1971-01-01,1971-12-31
"MEM0093",0.0454365723691866,1971-01-01,1971-12-31
"MEM0104",0,1971-01-01,1971-12-31
"MEM0109",0.947431104090986,1971-01-01,1971-12-31
"MEM0115",0.160554045839057,1971-01-01,1971-12-31
"MEM0147",0.023890014657125,1971-01-01,1971-12-31
"MEM0177",0,1971-01-01,1971-12-31
"MEM0193",0,1971-01-01,1971-12-31
"MEM0202",0.455396008399101,1971-01-01,1971-12-31
"MEM0208",0,1971-01-01,1971-12-31
"MEM0221",0,1971-01-01,1971-12-31
"MEM0232",0,1971-01-01,1971-12-31
"MEM0136",0.0545700653733979,1971-01-01,1971-12-31
"MEM0211",0,1971-01-01,1971-12-31
"MEM0024",0,1971-01-01,1971-12-31
"MEM0029",0,1971-01-01,1971-12-31
"MEM0039",0,1971-01-01,1971-12-31
"MEM0048",0.365344159272768,1971-01-01,1971-12-31
"MEM0049",0,1971-01-01,1971-12-31
"MEM0053",0,1971-01-01,1971-12-31
"MEM0055",0,1971-01-01,1971-12-31
"MEM0066",0,1971-01-01,1971-12-31
"MEM0073",0.00198148148148148,1971-01-01,1971-12-31
"MEM0075",0.00011497393165312,1971-01-01,1971-12-31
"MEM0082",2.30189835417106,1971-01-01,1971-12-31
"MEM0100",0,1971-01-01,1971-12-31
"MEM0102",0,1971-01-01,1971-12-31
"MEM0101",0,1971-01-01,1971-12-31
"MEM0113",0.289393032690219,1971-01-01,1971-12-31
"MEM0116",0.00332508204498903,1971-01-01,1971-12-31
"MEM0118",0,1971-01-01,1971-12-31
"MEM0127",0,1971-01-01,1971-12-31
"MEM0134",0,1971-01-01,1971-12-31
"MEM0142",0.0608962514664487,1971-01-01,1971-12-31
"MEM0156",0,1971-01-01,1971-12-31
"MEM0168",0.160554045839057,1971-01-01,1971-12-31
"MEM0172",0,1971-01-01,1971-12-31
"MEM0174",0.111111111111111,1971-01-01,1971-12-31
"MEM0195",0,1971-01-01,1971-12-31
"MEM0217",0.0558035964647522,1971-01-01,1971-12-31
"MEM0227",0,1971-01-01,1971-12-31
"MEM0230",0,1971-01-01,1971-12-31
"MEM0071",0,1971-01-01,1971-12-31
"MEM0081",0,1971-01-01,1971-12-31
"MEM0111",0,1971-01-01,1971-12-31
"MEM0184",0,1971-01-01,1971-12-31
"MEM0016",0,1971-01-01,1971-12-31
"MEM0019",0.0211992181165498,1971-01-01,1971-12-31
"MEM0034",0,1971-01-01,1971-12-31
"MEM0065",0.0488141279181986,1971-01-01,1971-12-31
"MEM0067",0,1971-01-01,1971-12-31
"MEM0076",0,1971-01-01,1971-12-31
"MEM0083",0.0425268035975884,1971-01-01,1971-12-31
"MEM0096",0,1971-01-01,1971-12-31
"MEM0130",0.155397945915804,1971-01-01,1971-12-31
"MEM0141",0.0545700653733979,1971-01-01,1971-12-31
"MEM0165",0.0797467523060037,1971-01-01,1971-12-31
"MEM0182",0,1971-01-01,1971-12-31
"MEM0223",0,1971-01-01,1971-12-31
"MEM0231",0,1971-01-01,1971-12-31
"MEM0175",0.0558035964647522,1971-01-01,1971-12-31
"MEM0089",0.315905941748141,1971-01-01,1971-12-31
"MEM0110",0,1971-01-01,1971-12-31
"MEM0158",0,1971-01-01,1971-12-31
"MEM0187",1.03637530795663,1971-01-01,1971-12-31
"MEM0190",0.826868964641831,1971-01-01,1971-12-31
"MEM0210",0,1971-01-01,1971-12-31
"MEM0220",0.24070095121314,1971-01-01,1971-12-31
"MEM0068",0,1971-01-01,1971-12-31
"MEM0003",0,1971-01-01,1971-12-31
"MEM0135",2.30189835417106,1971-01-01,1971-12-31
"MEM0143",0.00198148148148148,1971-01-01,1971-12-31
"MEM0149",0,1971-01-01,1971-12-31
"MEM0188",0,1971-01-01,1971-12-31
"MEM0047",0,1971-01-01,1971-12-31
"MEM0199",0,1971-01-01,1971-12-31
"MEM0229",0.360998382950067,1971-01-01,1971-12-31
"MEM0106",0,1971-01-01,1971-12-31
"MEM0138",0,1971-01-01,1971-12-31
"MEM0163",0,1971-01-01,1971-12-31
"MEM0180",0,1971-01-01,1971-12-31
"MEM0206",0.00452521664642877,1971-01-01,1971-12-31
"MEM0215",0.0558035964647522,1971-01-01,1971-12-31
"MEM0125",0,1971-01-01,1971-12-31
"MEM0192",0,1971-01-01,1971-12-31
"MEM0038",0,1971-01-01,1971-12-31
"MEM0044",0,1971-01-01,1971-12-31
"MEM0214",0,1971-01-01,1971-12-31
"MEM0179",0.0174416390680532,1971-01-01,1971-12-31
"MEM0390",0.0717615773676379,1971-01-01,1971-12-31
"MEM0369",0,1971-01-01,1971-12-31
"MEM0391",0.0698502460699731,1971-01-01,1971-12-31
"MEM0470",0.160554045839057,1971-01-01,1971-12-31
"MEM0392",0.648293941542659,1971-01-01,1971-12-31
"MEM0505",2.03231523010348,1971-01-01,1971-12-31
"MEM0320",0,1971-01-01,1971-12-31
"MEM0370",0,1971-01-01,1971-12-31
"MEM0473",0,1971-01-01,1971-12-31
"MEM0373",0,1971-01-01,1971-12-31
"MEM0262",0,1971-01-01,1971-12-31
"MEM0531",0,1971-01-01,1971-12-31
"MEM0510",0,1971-01-01,1971-12-31
"MEM0239",0.0824016239942129,1971-01-01,1971-12-31
"MEM0346",0,1971-01-01,1971-12-31
"MEM0378",0,1971-01-01,1971-12-31
"MEM0302",0.282695773405499,1971-01-01,1971-12-31
"MEM0247",0,1971-01-01,1971-12-31
"MEM0338",0,1971-01-01,1971-12-31
"MEM0444",0.0490939943560722,1971-01-01,1971-12-31
"MEM0424",0,1971-01-01,1971-12-31
"MEM0407",0.532424162403437,1971-01-01,1971-12-31
"MEM0408",0,1971-01-01,1971-12-31
"MEM0310",0.00290900517697928,1971-01-01,1971-12-31
"MEM0481",0.112179279324289,1971-01-01,1971-12-31
"MEM0498",0.0359390963692403,1971-01-01,1971-12-31
"MEM0281",0,1971-01-01,1971-12-31
"MEM0482",0.287072993146938,1971-01-01,1971-12-31
"MEM0364",0.160508514562039,1971-01-01,1971-12-31
"MEM0286",0.118103980377895,1971-01-01,1971-12-31
"MEM0251",0.420214051426008,1971-01-01,1971-12-31
"MEM0410",0,1971-01-01,1971-12-31
"MEM0275",0,1971-01-01,1971-12-31
"MEM0365",0,1971-01-01,1971-12-31
"MEM0449",0,1971-01-01,1971-12-31
"MEM0386",0,1971-01-01,1971-12-31
"MEM0519",0.0608962514664487,1971-01-01,1971-12-31
"MEM0520",0,1971-01-01,1971-12-31
"MEM0503",0,1971-01-01,1971-12-31
"MEM0318",0,1971-01-01,1971-12-31
"MEM0486",0.0215508575409736,1971-01-01,1971-12-31
"MEM0468",2.45755861504085,1971-01-01,1971-12-31
"MEM0467",4.52075180711546,1971-01-01,1971-12-31
"MEM0367",0.152520406397129,1971-01-01,1971-12-31
"MEM0278",0.198132864254595,1971-01-01,1971-12-31
"MEM0570",0,1971-01-01,1971-12-31
"MEM0353",0,1971-01-01,1971-12-31
"MEM0436",0,1971-01-01,1971-12-31
"MEM0297",0.160554045839057,1971-01-01,1971-12-31
"MEM0544",0.172894639707542,1971-01-01,1971-12-31
"MEM0506",0,1971-01-01,1971-12-31
"MEM0235",0.131407949930602,1971-01-01,1971-12-31
"MEM0472",0,1971-01-01,1971-12-31
"MEM0451",0.0461271171019631,1971-01-01,1971-12-31
"MEM0371",0,1971-01-01,1971-12-31
"MEM0540",0,1971-01-01,1971-12-31
"MEM0438",0,1971-01-01,1971-12-31
"MEM0236",0.0414623157524281,1971-01-01,1971-12-31
"MEM0509",0.160554045839057,1971-01-01,1971-12-31
"MEM0399",0,1971-01-01,1971-12-31
"MEM0441",0,1971-01-01,1971-12-31
"MEM0477",0.160554045839057,1971-01-01,1971-12-31
"MEM0372",0,1971-01-01,1971-12-31
"MEM0547",0.172894639707542,1971-01-01,1971-12-31
"MEM0358",0.0364856722789327,1971-01-01,1971-12-31
"MEM0548",0.131407949930602,1971-01-01,1971-12-31
"MEM0291",0.0608962514664487,1971-01-01,1971-12-31
"MEM0419",0,1971-01-01,1971-12-31
"MEM0304",0,1971-01-01,1971-12-31
"MEM0351",0.283944893438794,1971-01-01,1971-12-31
"MEM0479",1.97065733993573,1971-01-01,1971-12-31
"MEM0360",0,1971-01-01,1971-12-31
"MEM0361",0,1971-01-01,1971-12-31
"MEM0454",0,1971-01-01,1971-12-31
"MEM0534",2.0666521419736,1971-01-01,1971-12-31
"MEM0305",0,1971-01-01,1971-12-31
"MEM0404",0,1971-01-01,1971-12-31
"MEM0555",0,1971-01-01,1971-12-31
"MEM0269",0,1971-01-01,1971-12-31
"MEM0405",0.295105371986746,1971-01-01,1971-12-31
"MEM0363",0,1971-01-01,1971-12-31
"MEM0279",0,1971-01-01,1971-12-31
"MEM0381",0,1971-01-01,1971-12-31
"MEM0271",0,1971-01-01,1971-12-31
"MEM0309",0.169120422296958,1971-01-01,1971-12-31
"MEM0311",0.144346604532644,1971-01-01,1971-12-31
"MEM0513",0.367094969148102,1971-01-01,1971-12-31
"MEM0445",0,1971-01-01,1971-12-31
"MEM0383",0,1971-01-01,1971-12-31
"MEM0253",0,1971-01-01,1971-12-31
"MEM0518",0,1971-01-01,1971-12-31
"MEM0317",0.0199968204471799,1971-01-01,1971-12-31
"MEM0315",0.0258572812756213,1971-01-01,1971-12-31
"MEM0316",0.135752341511481,1971-01-01,1971-12-31
"MEM0462",0.717428814739335,1971-01-01,1971-12-31
"MEM0529",0,1971-01-01,1971-12-31
"MEM0435",0.103298901289375,1971-01-01,1971-12-31
"MEM0256",0.10123235906777,1971-01-01,1971-12-31
"MEM0508",0,1971-01-01,1971-12-31
"MEM0396",0,1971-01-01,1971-12-31
"MEM0475",0,1971-01-01,1971-12-31
"MEM0300",0,1971-01-01,1971-12-31
"MEM0238",0,1971-01-01,1971-12-31
"MEM0303",0.0258572812756213,1971-01-01,1971-12-31
"MEM0336",0,1971-01-01,1971-12-31
"MEM0377",0,1971-01-01,1971-12-31
"MEM0401",0,1971-01-01,1971-12-31
"MEM0492",0,1971-01-01,1971-12-31
"MEM0246",0,1971-01-01,1971-12-31
"MEM0248",0,1971-01-01,1971-12-31
"MEM0380",0,1971-01-01,1971-12-31
"MEM0523",0.261343328950065,1971-01-01,1971-12-31
"MEM0273",0,1971-01-01,1971-12-31
"MEM0514",0.226305185554313,1971-01-01,1971-12-31
"MEM0384",0,1971-01-01,1971-12-31
"MEM0349",0,1971-01-01,1971-12-31
"MEM0314",3.97479104951545,1971-01-01,1971-12-31
"MEM0446",0.0643728991103118,1971-01-01,1971-12-31
"MEM0254",0,1971-01-01,1971-12-31
"MEM0535",0,1971-01-01,1971-12-31
"MEM0501",0,1971-01-01,1971-12-31
"MEM0331",0,1971-01-01,1971-12-31
"MEM0483",0.0835522099571693,1971-01-01,1971-12-31
"MEM0484",0,1971-01-01,1971-12-31
"MEM0571",0,1971-01-01,1971-12-31
"MEM0543",0.172894639707542,1971-01-01,1971-12-31
"MEM0394",0.10123235906777,1971-01-01,1971-12-31
"MEM0397",0.315905941748141,1971-01-01,1971-12-31
"MEM0334",0.14470245398376,1971-01-01,1971-12-31
"MEM0322",0,1971-01-01,1971-12-31
"MEM0357",0,1971-01-01,1971-12-31
"MEM0478",0.0504003088694957,1971-01-01,1971-12-31
"MEM0359",0.0750338393104225,1971-01-01,1971-12-31
"MEM0240",0,1971-01-01,1971-12-31
"MEM0241",0.0779504150608774,1971-01-01,1971-12-31
"MEM0242",0,1971-01-01,1971-12-31
"MEM0243",0,1971-01-01,1971-12-31
"MEM0403",0.85549024055409,1971-01-01,1971-12-31
"MEM0327",0,1971-01-01,1971-12-31
"MEM0554",0.00940612920618157,1971-01-01,1971-12-31
"MEM0362",0,1971-01-01,1971-12-31
"MEM0268",0.0426706785510037,1971-01-01,1971-12-31
"MEM0423",0.0234246649658223,1971-01-01,1971-12-31
"MEM0307",0.673302622906084,1971-01-01,1971-12-31
"MEM0557",0,1971-01-01,1971-12-31
"MEM0249",0,1971-01-01,1971-12-31
"MEM0312",0.287561522327765,1971-01-01,1971-12-31
"MEM0517",0,1971-01-01,1971-12-31
"MEM0415",0,1971-01-01,1971-12-31
"MEM0342",0,1971-01-01,1971-12-31
"MEM0416",0.10123235906777,1971-01-01,1971-12-31
"MEM0434",0,1971-01-01,1971-12-31
"MEM0537",0,1971-01-01,1971-12-31
"MEM0487",0.357512418722385,1971-01-01,1971-12-31
"MEM0257",0.355762789022453,1971-01-01,1971-12-31
"MEM0469",0.186926033099636,1971-01-01,1971-12-31
"MEM0545",0.172894639707542,1971-01-01,1971-12-31
"MEM0299",0,1971-01-01,1971-12-31
"MEM0541",0,1971-01-01,1971-12-31
"MEM0375",0,1971-01-01,1971-12-31
"MEM0426",0.153100220162756,1971-01-01,1971-12-31
"MEM0348",0,1971-01-01,1971-12-31
"MEM0485",0.160554045839057,1971-01-01,1971-12-31
"MEM0504",0,1971-01-01,1971-12-31
"MEM0507",0,1971-01-01,1971-12-31
"MEM0298",0,1971-01-01,1971-12-31
"MEM0301",0.161260400538733,1971-01-01,1971-12-31
"MEM0526",2.6842956685177,1971-01-01,1971-12-31
"MEM0413",0,1971-01-01,1971-12-31
"MEM0258",0,1971-01-01,1971-12-31
"MEM0471",0.160554045839057,1971-01-01,1971-12-31
"MEM0546",0.172894639707542,1971-01-01,1971-12-31
"MEM0313",0.000865365320988749,1971-01-01,1971-12-31
"MEM0252",0,1971-01-01,1971-12-31
"MEM0417",0.339570778749741,1971-01-01,1971-12-31
"MEM0521",1.62803059466027,1971-01-01,1971-12-31
"MEM0474",0.0171041685200831,1971-01-01,1971-12-31
"MEM0549",0,1971-01-01,1971-12-31
"MEM0559",0,1971-01-01,1971-12-31
"MEM0340",0,1971-01-01,1971-12-31
"MEM0567",0,1971-01-01,1971-12-31
"MEM0031",0,1971-01-01,1971-12-31
"MEM0525",0.00448202509027144,1971-01-01,1971-12-31
"MEM0572",0.172894639707542,1971-01-01,1971-12-31
"MEM0400",0,1971-01-01,1971-12-31
"MEM0166",0,1971-01-01,1971-12-31
"MEM0496",0,1971-01-01,1971-12-31
"MEM0565",0.087783636713812,1971-01-01,1971-12-31
"MEM0561",0,1971-01-01,1971-12-31
"MEM0216",0,1971-01-01,1971-12-31
"MEM0562",0.00258003909145871,1971-01-01,1971-12-31
"MEM0453",0,1971-01-01,1971-12-31
"MEM0261",0,1971-01-01,1971-12-31
"MEM0431",0,1971-01-01,1971-12-31
"MEM0167",0,1971-01-01,1971-12-31
"MEM0527",0,1971-01-01,1971-12-31
"MEM0260",0,1971-01-01,1971-12-31
"MEM0553",0,1971-01-01,1971-12-31
"MEM0515",0,1971-01-01,1971-12-31
"MEM0347",0,1971-01-01,1971-12-31
"MEM0564",0,1971-01-01,1971-12-31
"MEM0459",0,1971-01-01,1971-12-31
"MEM0056",0,1972-01-01,1972-12-31
"MEM0094",0,1972-01-01,1972-12-31
"MEM0159",0,1972-01-01,1972-12-31
"MEM0219",0,1972-01-01,1972-12-31
"MEM0004",0.173711285164154,1972-01-01,1972-12-31
"MEM0008",0.0477502468408974,1972-01-01,1972-12-31
"MEM0009",0,1972-01-01,1972-12-31
"MEM0012",0.211971188407498,1972-01-01,1972-12-31
"MEM0015",0,1972-01-01,1972-12-31
"MEM0026",0,1972-01-01,1972-12-31
"MEM0027",0,1972-01-01,1972-12-31
"MEM0025",0,1972-01-01,1972-12-31
"MEM0035",0,1972-01-01,1972-12-31
"MEM0036",0,1972-01-01,1972-12-31
"MEM0046",0,1972-01-01,1972-12-31
"MEM0054",0,1972-01-01,1972-12-31
"MEM0057",0,1972-01-01,1972-12-31
"MEM0060",0,1972-01-01,1972-12-31
"MEM0062",0,1972-01-01,1972-12-31
"MEM0069",0.997907807943735,1972-01-01,1972-12-31
"MEM0077",0.0155774684666127,1972-01-01,1972-12-31
"MEM0091",0.0488080414315966,1972-01-01,1972-12-31
"MEM0092",0,1972-01-01,1972-12-31
"MEM0104",0.00884634361289737,1972-01-01,1972-12-31
"MEM0109",0.0745363508598818,1972-01-01,1972-12-31
"MEM0115",0.146088271280301,1972-01-01,1972-12-31
"MEM0147",0.00732413010288619,1972-01-01,1972-12-31
"MEM0144",0,1972-01-01,1972-12-31
"MEM0193",0,1972-01-01,1972-12-31
"MEM0202",0,1972-01-01,1972-12-31
"MEM0208",0,1972-01-01,1972-12-31
"MEM0221",0.0268635701802054,1972-01-01,1972-12-31
"MEM0232",0,1972-01-01,1972-12-31
"MEM0095",0,1972-01-01,1972-12-31
"MEM0136",0.0595841672616858,1972-01-01,1972-12-31
"MEM0211",0.0676205819446478,1972-01-01,1972-12-31
"MEM0029",0,1972-01-01,1972-12-31
"MEM0039",0,1972-01-01,1972-12-31
"MEM0048",0.323738895509547,1972-01-01,1972-12-31
"MEM0049",0,1972-01-01,1972-12-31
"MEM0053",0,1972-01-01,1972-12-31
"MEM0055",0,1972-01-01,1972-12-31
"MEM0066",0,1972-01-01,1972-12-31
"MEM0073",0.00269562610497638,1972-01-01,1972-12-31
"MEM0075",9.81365599094835e-05,1972-01-01,1972-12-31
"MEM0082",1.5496553154532,1972-01-01,1972-12-31
"MEM0086",0.00949505156061236,1972-01-01,1972-12-31
"MEM0093",0,1972-01-01,1972-12-31
"MEM0102",0,1972-01-01,1972-12-31
"MEM0101",0,1972-01-01,1972-12-31
"MEM0113",0.0921711511923417,1972-01-01,1972-12-31
"MEM0116",0,1972-01-01,1972-12-31
"MEM0118",0,1972-01-01,1972-12-31
"MEM0127",0,1972-01-01,1972-12-31
"MEM0134",0,1972-01-01,1972-12-31
"MEM0142",0.0656702825760791,1972-01-01,1972-12-31
"MEM0156",0.000119796346211441,1972-01-01,1972-12-31
"MEM0168",0.146088271280301,1972-01-01,1972-12-31
"MEM0174",0.111111111111111,1972-01-01,1972-12-31
"MEM0195",0,1972-01-01,1972-12-31
"MEM0217",0.0100213998321867,1972-01-01,1972-12-31
"MEM0227",0,1972-01-01,1972-12-31
"MEM0230",0,1972-01-01,1972-12-31
"MEM0071",0,1972-01-01,1972-12-31
"MEM0081",0,1972-01-01,1972-12-31
"MEM0111",0.00185107879419554,1972-01-01,1972-12-31
"MEM0564",0.0310332550434493,1972-01-01,1972-12-31
"MEM0184",0,1972-01-01,1972-12-31
"MEM0016",0,1972-01-01,1972-12-31
"MEM0019",0.0170078519781183,1972-01-01,1972-12-31
"MEM0034",0,1972-01-01,1972-12-31
"MEM0065",0.0496998874409627,1972-01-01,1972-12-31
"MEM0067",0,1972-01-01,1972-12-31
"MEM0076",0,1972-01-01,1972-12-31
"MEM0083",0.0241996866479666,1972-01-01,1972-12-31
"MEM0130",0.131094500023775,1972-01-01,1972-12-31
"MEM0141",0.0595841672616858,1972-01-01,1972-12-31
"MEM0165",0.0622595398485314,1972-01-01,1972-12-31
"MEM0182",0,1972-01-01,1972-12-31
"MEM0223",0,1972-01-01,1972-12-31
"MEM0231",0,1972-01-01,1972-12-31
"MEM0175",0.0100213998321867,1972-01-01,1972-12-31
"MEM0089",0.166233224331997,1972-01-01,1972-12-31
"MEM0096",0,1972-01-01,1972-12-31
"MEM0110",0,1972-01-01,1972-12-31
"MEM0158",0,1972-01-01,1972-12-31
"MEM0187",0.440475261931589,1972-01-01,1972-12-31
"MEM0190",0.482466032756301,1972-01-01,1972-12-31
"MEM0210",0,1972-01-01,1972-12-31
"MEM0220",0.0647249705383849,1972-01-01,1972-12-31
"MEM0068",0,1972-01-01,1972-12-31
"MEM0003",0,1972-01-01,1972-12-31
"MEM0100",0,1972-01-01,1972-12-31
"MEM0135",1.5496553154532,1972-01-01,1972-12-31
"MEM0143",0.00269562610497638,1972-01-01,1972-12-31
"MEM0149",0,1972-01-01,1972-12-31
"MEM0188",0,1972-01-01,1972-12-31
"MEM0047",0,1972-01-01,1972-12-31
"MEM0199",0,1972-01-01,1972-12-31
"MEM0229",0.114659551897399,1972-01-01,1972-12-31
"MEM0138",0,1972-01-01,1972-12-31
"MEM0163",0,1972-01-01,1972-12-31
"MEM0180",0,1972-01-01,1972-12-31
"MEM0206",0.00886575838565047,1972-01-01,1972-12-31
"MEM0215",0.0100213998321867,1972-01-01,1972-12-31
"MEM0125",0,1972-01-01,1972-12-31
"MEM0192",0,1972-01-01,1972-12-31
"MEM0038",0,1972-01-01,1972-12-31
"MEM0044",0,1972-01-01,1972-12-31
"MEM0214",0,1972-01-01,1972-12-31
"MEM0179",0.0229904952678382,1972-01-01,1972-12-31
"MEM0390",0.00827805690120343,1972-01-01,1972-12-31
"MEM0369",0,1972-01-01,1972-12-31
"MEM0391",0.0631103236842386,1972-01-01,1972-12-31
"MEM0470",0.146088271280301,1972-01-01,1972-12-31
"MEM0392",0.276474048432178,1972-01-01,1972-12-31
"MEM0505",0.122748719981969,1972-01-01,1972-12-31
"MEM0320",0,1972-01-01,1972-12-31
"MEM0370",0,1972-01-01,1972-12-31
"MEM0473",0,1972-01-01,1972-12-31
"MEM0373",0,1972-01-01,1972-12-31
"MEM0262",0,1972-01-01,1972-12-31
"MEM0531",0,1972-01-01,1972-12-31
"MEM0510",0,1972-01-01,1972-12-31
"MEM0239",0.0455176335829073,1972-01-01,1972-12-31
"MEM0346",0,1972-01-01,1972-12-31
"MEM0378",0,1972-01-01,1972-12-31
"MEM0302",0.163214714963548,1972-01-01,1972-12-31
"MEM0494",0,1972-01-01,1972-12-31
"MEM0247",0,1972-01-01,1972-12-31
"MEM0338",0,1972-01-01,1972-12-31
"MEM0444",0.0255626865509241,1972-01-01,1972-12-31
"MEM0424",0,1972-01-01,1972-12-31
"MEM0407",0.220946764905314,1972-01-01,1972-12-31
"MEM0408",0,1972-01-01,1972-12-31
"MEM0496",0.0245474697162321,1972-01-01,1972-12-31
"MEM0310",0.00580114233453851,1972-01-01,1972-12-31
"MEM0481",0.0828944034024423,1972-01-01,1972-12-31
"MEM0281",0,1972-01-01,1972-12-31
"MEM0482",0.268305871361576,1972-01-01,1972-12-31
"MEM0364",0.0744858369149983,1972-01-01,1972-12-31
"MEM0286",0.108780638828745,1972-01-01,1972-12-31
"MEM0251",0.204237914433807,1972-01-01,1972-12-31
"MEM0410",0,1972-01-01,1972-12-31
"MEM0542",0.0557435880638132,1972-01-01,1972-12-31
"MEM0275",0,1972-01-01,1972-12-31
"MEM0365",0,1972-01-01,1972-12-31
"MEM0449",0,1972-01-01,1972-12-31
"MEM0386",0,1972-01-01,1972-12-31
"MEM0519",0.0656702825760791,1972-01-01,1972-12-31
"MEM0520",0,1972-01-01,1972-12-31
"MEM0503",0,1972-01-01,1972-12-31
"MEM0318",0,1972-01-01,1972-12-31
"MEM0486",0.0073700047610748,1972-01-01,1972-12-31
"MEM0468",1.61486777818318,1972-01-01,1972-12-31
"MEM0467",0.0310332550434493,1972-01-01,1972-12-31
"MEM0367",0.0557435880638132,1972-01-01,1972-12-31
"MEM0278",0.0692213217094203,1972-01-01,1972-12-31
"MEM0570",0,1972-01-01,1972-12-31
"MEM0353",0,1972-01-01,1972-12-31
"MEM0436",0,1972-01-01,1972-12-31
"MEM0297",0.146088271280301,1972-01-01,1972-12-31
"MEM0544",0.134962678980996,1972-01-01,1972-12-31
"MEM0506",0,1972-01-01,1972-12-31
"MEM0235",0.131412473721522,1972-01-01,1972-12-31
"MEM0472",0,1972-01-01,1972-12-31
"MEM0451",0.0131639140963642,1972-01-01,1972-12-31
"MEM0371",0,1972-01-01,1972-12-31
"MEM0540",0,1972-01-01,1972-12-31
"MEM0438",0,1972-01-01,1972-12-31
"MEM0236",0.00884634361289737,1972-01-01,1972-12-31
"MEM0509",0.146088271280301,1972-01-01,1972-12-31
"MEM0399",0,1972-01-01,1972-12-31
"MEM0441",0,1972-01-01,1972-12-31
"MEM0372",0,1972-01-01,1972-12-31
"MEM0358",0.00316628698711743,1972-01-01,1972-12-31
"MEM0548",0.0172874666677613,1972-01-01,1972-12-31
"MEM0419",0,1972-01-01,1972-12-31
"MEM0301",0.243130457075349,1972-01-01,1972-12-31
"MEM0304",0,1972-01-01,1972-12-31
"MEM0351",0.280203024108131,1972-01-01,1972-12-31
"MEM0479",0.0229764294341228,1972-01-01,1972-12-31
"MEM0360",0,1972-01-01,1972-12-31
"MEM0361",0,1972-01-01,1972-12-31
"MEM0454",0,1972-01-01,1972-12-31
"MEM0534",1.31684362102893,1972-01-01,1972-12-31
"MEM0305",0,1972-01-01,1972-12-31
"MEM0404",0,1972-01-01,1972-12-31
"MEM0555",0,1972-01-01,1972-12-31
"MEM0269",0,1972-01-01,1972-12-31
"MEM0405",0.239325196864519,1972-01-01,1972-12-31
"MEM0363",0,1972-01-01,1972-12-31
"MEM0279",0,1972-01-01,1972-12-31
"MEM0381",0,1972-01-01,1972-12-31
"MEM0271",0,1972-01-01,1972-12-31
"MEM0309",0.0916315313531169,1972-01-01,1972-12-31
"MEM0311",0,1972-01-01,1972-12-31
"MEM0513",0.519850979792377,1972-01-01,1972-12-31
"MEM0445",0,1972-01-01,1972-12-31
"MEM0383",0,1972-01-01,1972-12-31
"MEM0253",0,1972-01-01,1972-12-31
"MEM0518",0,1972-01-01,1972-12-31
"MEM0315",0.0205496306596027,1972-01-01,1972-12-31
"MEM0316",0.132880979985402,1972-01-01,1972-12-31
"MEM0559",0.0229764294341228,1972-01-01,1972-12-31
"MEM0462",0.643771001678421,1972-01-01,1972-12-31
"MEM0529",0,1972-01-01,1972-12-31
"MEM0435",0.108780638828745,1972-01-01,1972-12-31
"MEM0256",0.0568846469239164,1972-01-01,1972-12-31
"MEM0508",0,1972-01-01,1972-12-31
"MEM0396",0,1972-01-01,1972-12-31
"MEM0475",0,1972-01-01,1972-12-31
"MEM0476",0,1972-01-01,1972-12-31
"MEM0300",0,1972-01-01,1972-12-31
"MEM0477",0,1972-01-01,1972-12-31
"MEM0238",0,1972-01-01,1972-12-31
"MEM0547",0.134962678980996,1972-01-01,1972-12-31
"MEM0303",0.0205496306596027,1972-01-01,1972-12-31
"MEM0336",0,1972-01-01,1972-12-31
"MEM0401",0,1972-01-01,1972-12-31
"MEM0492",0,1972-01-01,1972-12-31
"MEM0246",0,1972-01-01,1972-12-31
"MEM0248",0,1972-01-01,1972-12-31
"MEM0380",0,1972-01-01,1972-12-31
"MEM0523",0.158097552276153,1972-01-01,1972-12-31
"MEM0273",0,1972-01-01,1972-12-31
"MEM0514",0.298559155369764,1972-01-01,1972-12-31
"MEM0384",0,1972-01-01,1972-12-31
"MEM0349",0,1972-01-01,1972-12-31
"MEM0314",0.133248266260263,1972-01-01,1972-12-31
"MEM0431",0.00154482432381296,1972-01-01,1972-12-31
"MEM0446",0.0173546468639811,1972-01-01,1972-12-31
"MEM0254",0,1972-01-01,1972-12-31
"MEM0535",0,1972-01-01,1972-12-31
"MEM0501",0,1972-01-01,1972-12-31
"MEM0331",0.146088271280301,1972-01-01,1972-12-31
"MEM0483",0.0771001736401248,1972-01-01,1972-12-31
"MEM0484",0,1972-01-01,1972-12-31
"MEM0571",9.81365599094835e-05,1972-01-01,1972-12-31
"MEM0543",0.134962678980996,1972-01-01,1972-12-31
"MEM0394",0.0568846469239164,1972-01-01,1972-12-31
"MEM0397",0.166233224331997,1972-01-01,1972-12-31
"MEM0334",0.149297874117083,1972-01-01,1972-12-31
"MEM0322",0,1972-01-01,1972-12-31
"MEM0357",0,1972-01-01,1972-12-31
"MEM0478",0.0579518558404757,1972-01-01,1972-12-31
"MEM0291",0,1972-01-01,1972-12-31
"MEM0541",0,1972-01-01,1972-12-31
"MEM0359",0.00477650717652994,1972-01-01,1972-12-31
"MEM0240",0,1972-01-01,1972-12-31
"MEM0241",0.00485541299527618,1972-01-01,1972-12-31
"MEM0242",0,1972-01-01,1972-12-31
"MEM0243",0,1972-01-01,1972-12-31
"MEM0403",0.427826499414309,1972-01-01,1972-12-31
"MEM0327",0,1972-01-01,1972-12-31
"MEM0554",0.0068926737498238,1972-01-01,1972-12-31
"MEM0362",0,1972-01-01,1972-12-31
"MEM0268",0.0131312966194588,1972-01-01,1972-12-31
"MEM0307",0.369273442978622,1972-01-01,1972-12-31
"MEM0498",0,1972-01-01,1972-12-31
"MEM0557",0.134962678980996,1972-01-01,1972-12-31
"MEM0249",0,1972-01-01,1972-12-31
"MEM0312",0.174261234975682,1972-01-01,1972-12-31
"MEM0415",0,1972-01-01,1972-12-31
"MEM0342",0,1972-01-01,1972-12-31
"MEM0416",0.0568846469239164,1972-01-01,1972-12-31
"MEM0434",0,1972-01-01,1972-12-31
"MEM0537",0,1972-01-01,1972-12-31
"MEM0487",0.523287116931534,1972-01-01,1972-12-31
"MEM0469",0.167135805852649,1972-01-01,1972-12-31
"MEM0545",0.134962678980996,1972-01-01,1972-12-31
"MEM0299",0,1972-01-01,1972-12-31
"MEM0375",0,1972-01-01,1972-12-31
"MEM0348",0,1972-01-01,1972-12-31
"MEM0517",0,1972-01-01,1972-12-31
"MEM0485",0.146088271280301,1972-01-01,1972-12-31
"MEM0257",0.21687047655939,1972-01-01,1972-12-31
"MEM0504",0,1972-01-01,1972-12-31
"MEM0507",0,1972-01-01,1972-12-31
"MEM0298",0,1972-01-01,1972-12-31
"MEM0526",1.84489310531191,1972-01-01,1972-12-31
"MEM0413",0,1972-01-01,1972-12-31
"MEM0258",0,1972-01-01,1972-12-31
"MEM0471",0.146088271280301,1972-01-01,1972-12-31
"MEM0546",0.134962678980996,1972-01-01,1972-12-31
"MEM0313",0.00112381960006532,1972-01-01,1972-12-31
"MEM0252",0,1972-01-01,1972-12-31
"MEM0317",0.0369977844425357,1972-01-01,1972-12-31
"MEM0417",0.223376175344377,1972-01-01,1972-12-31
"MEM0521",0.523287116931534,1972-01-01,1972-12-31
"MEM0474",0.0136478894721402,1972-01-01,1972-12-31
"MEM0549",0,1972-01-01,1972-12-31
"MEM0340",0,1972-01-01,1972-12-31
"MEM0377",0,1972-01-01,1972-12-31
"MEM0426",0,1972-01-01,1972-12-31
"MEM0567",0,1972-01-01,1972-12-31
"MEM0031",0,1972-01-01,1972-12-31
"MEM0525",0.00516284996897729,1972-01-01,1972-12-31
"MEM0572",0.134962678980996,1972-01-01,1972-12-31
"MEM0400",0,1972-01-01,1972-12-31
"MEM0191",0,1972-01-01,1972-12-31
"MEM0212",0,1972-01-01,1972-12-31
"MEM0166",0,1972-01-01,1972-12-31
"MEM0565",0.0920952421890769,1972-01-01,1972-12-31
"MEM0150",0,1972-01-01,1972-12-31
"MEM0561",0,1972-01-01,1972-12-31
"MEM0216",0,1972-01-01,1972-12-31
"MEM0562",0.0033167861794041,1972-01-01,1972-12-31
"MEM0261",0,1972-01-01,1972-12-31
"MEM0423",0,1972-01-01,1972-12-31
"MEM0533",0,1972-01-01,1972-12-31
"MEM0167",0,1972-01-01,1972-12-31
"MEM0260",0,1972-01-01,1972-12-31
"MEM0553",0,1972-01-01,1972-12-31
"MEM0515",0,1972-01-01,1972-12-31
"MEM0527",0,1972-01-01,1972-12-31
"MEM0347",0,1972-01-01,1972-12-31
"MEM0056",0,1973-01-01,1973-12-31
"MEM0094",0,1973-01-01,1973-12-31
"MEM0159",0,1973-01-01,1973-12-31
"MEM0189",0,1973-01-01,1973-12-31
"MEM0004",0.181339874423359,1973-01-01,1973-12-31
"MEM0006",0,1973-01-01,1973-12-31
"MEM0008",0.0335885950417249,1973-01-01,1973-12-31
"MEM0009",0,1973-01-01,1973-12-31
"MEM0012",0.227026605167367,1973-01-01,1973-12-31
"MEM0015",0,1973-01-01,1973-12-31
"MEM0026",0,1973-01-01,1973-12-31
"MEM0027",0,1973-01-01,1973-12-31
"MEM0035",0,1973-01-01,1973-12-31
"MEM0036",0,1973-01-01,1973-12-31
"MEM0046",0,1973-01-01,1973-12-31
"MEM0054",0,1973-01-01,1973-12-31
"MEM0060",0,1973-01-01,1973-12-31
"MEM0062",0,1973-01-01,1973-12-31
"MEM0069",1.02143023306163,1973-01-01,1973-12-31
"MEM0070",0,1973-01-01,1973-12-31
"MEM0077",0.0116107826183158,1973-01-01,1973-12-31
"MEM0092",0,1973-01-01,1973-12-31
"MEM0109",0.087727869966872,1973-01-01,1973-12-31
"MEM0115",0.136396557705032,1973-01-01,1973-12-31
"MEM0147",0.0120298717542526,1973-01-01,1973-12-31
"MEM0144",0,1973-01-01,1973-12-31
"MEM0193",0,1973-01-01,1973-12-31
"MEM0202",0,1973-01-01,1973-12-31
"MEM0208",0,1973-01-01,1973-12-31
"MEM0221",0.0349688465183062,1973-01-01,1973-12-31
"MEM0232",0,1973-01-01,1973-12-31
"MEM0080",0,1973-01-01,1973-12-31
"MEM0095",0,1973-01-01,1973-12-31
"MEM0136",0.0686296331218184,1973-01-01,1973-12-31
"MEM0029",0,1973-01-01,1973-12-31
"MEM0025",0,1973-01-01,1973-12-31
"MEM0039",0,1973-01-01,1973-12-31
"MEM0048",0.273385157324551,1973-01-01,1973-12-31
"MEM0049",0,1973-01-01,1973-12-31
"MEM0053",0,1973-01-01,1973-12-31
"MEM0055",0.0134450544350539,1973-01-01,1973-12-31
"MEM0066",0,1973-01-01,1973-12-31
"MEM0073",0.0142730253050339,1973-01-01,1973-12-31
"MEM0075",0.000204835814591912,1973-01-01,1973-12-31
"MEM0082",0.0269595533145525,1973-01-01,1973-12-31
"MEM0086",0,1973-01-01,1973-12-31
"MEM0093",0,1973-01-01,1973-12-31
"MEM0102",0,1973-01-01,1973-12-31
"MEM0101",0,1973-01-01,1973-12-31
"MEM0116",0,1973-01-01,1973-12-31
"MEM0118",0,1973-01-01,1973-12-31
"MEM0119",0,1973-01-01,1973-12-31
"MEM0127",0,1973-01-01,1973-12-31
"MEM0134",0,1973-01-01,1973-12-31
"MEM0142",0.0470073711617863,1973-01-01,1973-12-31
"MEM0156",0,1973-01-01,1973-12-31
"MEM0168",0.136396557705032,1973-01-01,1973-12-31
"MEM0174",0.111111111111111,1973-01-01,1973-12-31
"MEM0195",0,1973-01-01,1973-12-31
"MEM0217",0.0648296343572436,1973-01-01,1973-12-31
"MEM0227",0,1973-01-01,1973-12-31
"MEM0230",0,1973-01-01,1973-12-31
"MEM0071",0,1973-01-01,1973-12-31
"MEM0081",0.00123958201025546,1973-01-01,1973-12-31
"MEM0111",0.0431421196200738,1973-01-01,1973-12-31
"MEM0564",0.0236881321854805,1973-01-01,1973-12-31
"MEM0184",0,1973-01-01,1973-12-31
"MEM0211",0,1973-01-01,1973-12-31
"MEM0016",0,1973-01-01,1973-12-31
"MEM0019",0.0158265328853377,1973-01-01,1973-12-31
"MEM0034",0,1973-01-01,1973-12-31
"MEM0065",0.056088224062504,1973-01-01,1973-12-31
"MEM0067",0,1973-01-01,1973-12-31
"MEM0076",0,1973-01-01,1973-12-31
"MEM0083",0.0274817030031069,1973-01-01,1973-12-31
"MEM0091",0.0269595533145522,1973-01-01,1973-12-31
"MEM0113",0.40955970709109,1973-01-01,1973-12-31
"MEM0130",0.164704717729316,1973-01-01,1973-12-31
"MEM0141",0.0686296331218184,1973-01-01,1973-12-31
"MEM0165",0.0410260209162734,1973-01-01,1973-12-31
"MEM0182",0,1973-01-01,1973-12-31
"MEM0222",0,1973-01-01,1973-12-31
"MEM0223",0,1973-01-01,1973-12-31
"MEM0231",0,1973-01-01,1973-12-31
"MEM0175",0.0648296343572436,1973-01-01,1973-12-31
"MEM0022",0.0617624180492899,1973-01-01,1973-12-31
"MEM0084",0,1973-01-01,1973-12-31
"MEM0089",0.110097122720768,1973-01-01,1973-12-31
"MEM0096",0,1973-01-01,1973-12-31
"MEM0110",0,1973-01-01,1973-12-31
"MEM0158",0,1973-01-01,1973-12-31
"MEM0187",0.428964102652153,1973-01-01,1973-12-31
"MEM0190",1.67991122498664,1973-01-01,1973-12-31
"MEM0204",0,1973-01-01,1973-12-31
"MEM0210",0,1973-01-01,1973-12-31
"MEM0220",0.0978656142842703,1973-01-01,1973-12-31
"MEM0068",0,1973-01-01,1973-12-31
"MEM0199",0.0686296331218184,1973-01-01,1973-12-31
"MEM0003",0,1973-01-01,1973-12-31
"MEM0100",0,1973-01-01,1973-12-31
"MEM0104",0,1973-01-01,1973-12-31
"MEM0135",0.0269595533145525,1973-01-01,1973-12-31
"MEM0143",0.0142730253050339,1973-01-01,1973-12-31
"MEM0149",0,1973-01-01,1973-12-31
"MEM0188",0,1973-01-01,1973-12-31
"MEM0047",0,1973-01-01,1973-12-31
"MEM0229",0.157817668940196,1973-01-01,1973-12-31
"MEM0138",0,1973-01-01,1973-12-31
"MEM0163",0.0335885950417249,1973-01-01,1973-12-31
"MEM0180",0,1973-01-01,1973-12-31
"MEM0206",0.00884270841812553,1973-01-01,1973-12-31
"MEM0215",0.0648296343572436,1973-01-01,1973-12-31
"MEM0125",0,1973-01-01,1973-12-31
"MEM0192",0,1973-01-01,1973-12-31
"MEM0038",0,1973-01-01,1973-12-31
"MEM0044",0,1973-01-01,1973-12-31
"MEM0214",0,1973-01-01,1973-12-31
"MEM0179",0.0258995867914342,1973-01-01,1973-12-31
"MEM0368",0,1973-01-01,1973-12-31
"MEM0390",0.00234148381308546,1973-01-01,1973-12-31
"MEM0369",0,1973-01-01,1973-12-31
"MEM0391",0.0538666786842325,1973-01-01,1973-12-31
"MEM0470",0.136396557705032,1973-01-01,1973-12-31
"MEM0392",0.304762114363072,1973-01-01,1973-12-31
"MEM0505",0.101826113780598,1973-01-01,1973-12-31
"MEM0320",0,1973-01-01,1973-12-31
"MEM0370",0,1973-01-01,1973-12-31
"MEM0473",0,1973-01-01,1973-12-31
"MEM0373",0,1973-01-01,1973-12-31
"MEM0262",0,1973-01-01,1973-12-31
"MEM0531",0,1973-01-01,1973-12-31
"MEM0510",0,1973-01-01,1973-12-31
"MEM0239",0.0465036511010233,1973-01-01,1973-12-31
"MEM0346",0,1973-01-01,1973-12-31
"MEM0378",0,1973-01-01,1973-12-31
"MEM0302",0.13378485089596,1973-01-01,1973-12-31
"MEM0244",0,1973-01-01,1973-12-31
"MEM0494",0,1973-01-01,1973-12-31
"MEM0247",0.0134450544350539,1973-01-01,1973-12-31
"MEM0338",0,1973-01-01,1973-12-31
"MEM0444",0.0213422703703704,1973-01-01,1973-12-31
"MEM0424",0,1973-01-01,1973-12-31
"MEM0271",0.168359086661956,1973-01-01,1973-12-31
"MEM0407",0.108096374113524,1973-01-01,1973-12-31
"MEM0408",0,1973-01-01,1973-12-31
"MEM0496",0.0394421028363297,1973-01-01,1973-12-31
"MEM0310",0.00866432457029365,1973-01-01,1973-12-31
"MEM0481",0.108143503138206,1973-01-01,1973-12-31
"MEM0281",0.0693311185916503,1973-01-01,1973-12-31
"MEM0482",0.242652662370442,1973-01-01,1973-12-31
"MEM0364",0.0770915131761188,1973-01-01,1973-12-31
"MEM0286",0.0730071082793792,1973-01-01,1973-12-31
"MEM0251",0.208881399064676,1973-01-01,1973-12-31
"MEM0410",0,1973-01-01,1973-12-31
"MEM0542",0.0452670831799214,1973-01-01,1973-12-31
"MEM0275",0,1973-01-01,1973-12-31
"MEM0365",0,1973-01-01,1973-12-31
"MEM0449",0,1973-01-01,1973-12-31
"MEM0386",0,1973-01-01,1973-12-31
"MEM0519",0.0470073711617863,1973-01-01,1973-12-31
"MEM0520",0,1973-01-01,1973-12-31
"MEM0503",0,1973-01-01,1973-12-31
"MEM0318",0,1973-01-01,1973-12-31
"MEM0486",0,1973-01-01,1973-12-31
"MEM0467",0.0236881321854805,1973-01-01,1973-12-31
"MEM0367",0.0452670831799214,1973-01-01,1973-12-31
"MEM0278",0.0487102345985191,1973-01-01,1973-12-31
"MEM0570",0,1973-01-01,1973-12-31
"MEM0353",0,1973-01-01,1973-12-31
"MEM0436",0,1973-01-01,1973-12-31
"MEM0297",0.136396557705032,1973-01-01,1973-12-31
"MEM0544",0.113025857148715,1973-01-01,1973-12-31
"MEM0506",0,1973-01-01,1973-12-31
"MEM0235",0.102453341974707,1973-01-01,1973-12-31
"MEM0472",0,1973-01-01,1973-12-31
"MEM0451",0.00938507338196272,1973-01-01,1973-12-31
"MEM0371",0,1973-01-01,1973-12-31
"MEM0540",0,1973-01-01,1973-12-31
"MEM0438",0,1973-01-01,1973-12-31
"MEM0236",0.0481088768568796,1973-01-01,1973-12-31
"MEM0509",0.136396557705032,1973-01-01,1973-12-31
"MEM0399",0,1973-01-01,1973-12-31
"MEM0441",0,1973-01-01,1973-12-31
"MEM0372",0,1973-01-01,1973-12-31
"MEM0358",0.0045101386335355,1973-01-01,1973-12-31
"MEM0548",0.0100242667167054,1973-01-01,1973-12-31
"MEM0419",0,1973-01-01,1973-12-31
"MEM0301",0.270113576423654,1973-01-01,1973-12-31
"MEM0304",0,1973-01-01,1973-12-31
"MEM0351",0.322098779070084,1973-01-01,1973-12-31
"MEM0479",0.0332730842158671,1973-01-01,1973-12-31
"MEM0360",0,1973-01-01,1973-12-31
"MEM0361",0,1973-01-01,1973-12-31
"MEM0454",0,1973-01-01,1973-12-31
"MEM0534",0.0210577474887143,1973-01-01,1973-12-31
"MEM0305",0.11274473319078,1973-01-01,1973-12-31
"MEM0404",0,1973-01-01,1973-12-31
"MEM0555",0,1973-01-01,1973-12-31
"MEM0269",0,1973-01-01,1973-12-31
"MEM0405",0.224235438794346,1973-01-01,1973-12-31
"MEM0363",0,1973-01-01,1973-12-31
"MEM0279",0,1973-01-01,1973-12-31
"MEM0381",0,1973-01-01,1973-12-31
"MEM0309",0.0836076067298883,1973-01-01,1973-12-31
"MEM0311",0,1973-01-01,1973-12-31
"MEM0513",0.359380073474545,1973-01-01,1973-12-31
"MEM0347",0,1973-01-01,1973-12-31
"MEM0445",0,1973-01-01,1973-12-31
"MEM0383",0,1973-01-01,1973-12-31
"MEM0384",0,1973-01-01,1973-12-31
"MEM0253",0,1973-01-01,1973-12-31
"MEM0518",0,1973-01-01,1973-12-31
"MEM0315",0.0207425764597725,1973-01-01,1973-12-31
"MEM0316",0.0776691832419818,1973-01-01,1973-12-31
"MEM0559",0.0332730842158671,1973-01-01,1973-12-31
"MEM0462",0.911528693439558,1973-01-01,1973-12-31
"MEM0529",0,1973-01-01,1973-12-31
"MEM0435",0.0730071082793792,1973-01-01,1973-12-31
"MEM0256",0.155629863090601,1973-01-01,1973-12-31
"MEM0508",0,1973-01-01,1973-12-31
"MEM0396",0,1973-01-01,1973-12-31
"MEM0475",0,1973-01-01,1973-12-31
"MEM0476",0,1973-01-01,1973-12-31
"MEM0300",0,1973-01-01,1973-12-31
"MEM0477",0,1973-01-01,1973-12-31
"MEM0238",0,1973-01-01,1973-12-31
"MEM0547",0.113025857148715,1973-01-01,1973-12-31
"MEM0303",0.0207425764597725,1973-01-01,1973-12-31
"MEM0336",0,1973-01-01,1973-12-31
"MEM0401",0,1973-01-01,1973-12-31
"MEM0492",0,1973-01-01,1973-12-31
"MEM0246",0,1973-01-01,1973-12-31
"MEM0248",0,1973-01-01,1973-12-31
"MEM0380",0,1973-01-01,1973-12-31
"MEM0523",0.142330845473413,1973-01-01,1973-12-31
"MEM0273",0,1973-01-01,1973-12-31
"MEM0514",0.375243474030227,1973-01-01,1973-12-31
"MEM0349",0,1973-01-01,1973-12-31
"MEM0314",0.104076892115893,1973-01-01,1973-12-31
"MEM0431",0.00737414766128214,1973-01-01,1973-12-31
"MEM0446",0.0279699361717262,1973-01-01,1973-12-31
"MEM0254",0,1973-01-01,1973-12-31
"MEM0535",0,1973-01-01,1973-12-31
"MEM0501",0,1973-01-01,1973-12-31
"MEM0331",0.136396557705032,1973-01-01,1973-12-31
"MEM0483",0.110732970294906,1973-01-01,1973-12-31
"MEM0484",0,1973-01-01,1973-12-31
"MEM0543",0.113025857148715,1973-01-01,1973-12-31
"MEM0394",0.0275553629303629,1973-01-01,1973-12-31
"MEM0397",0.110097122720768,1973-01-01,1973-12-31
"MEM0334",0.104838206779276,1973-01-01,1973-12-31
"MEM0322",0,1973-01-01,1973-12-31
"MEM0357",0,1973-01-01,1973-12-31
"MEM0478",0.186380012712768,1973-01-01,1973-12-31
"MEM0541",0,1973-01-01,1973-12-31
"MEM0359",0.00780690086757017,1973-01-01,1973-12-31
"MEM0240",0,1973-01-01,1973-12-31
"MEM0241",0.00129531845955189,1973-01-01,1973-12-31
"MEM0242",0,1973-01-01,1973-12-31
"MEM0403",0.338497312388691,1973-01-01,1973-12-31
"MEM0327",0,1973-01-01,1973-12-31
"MEM0554",0.00870520081800334,1973-01-01,1973-12-31
"MEM0362",0,1973-01-01,1973-12-31
"MEM0268",0.0100939332485501,1973-01-01,1973-12-31
"MEM0422",0,1973-01-01,1973-12-31
"MEM0307",0.376511615804596,1973-01-01,1973-12-31
"MEM0498",0,1973-01-01,1973-12-31
"MEM0557",0.113025857148715,1973-01-01,1973-12-31
"MEM0249",0,1973-01-01,1973-12-31
"MEM0312",0.202095658468807,1973-01-01,1973-12-31
"MEM0415",0,1973-01-01,1973-12-31
"MEM0342",0,1973-01-01,1973-12-31
"MEM0416",0.0275553629303629,1973-01-01,1973-12-31
"MEM0468",0.0268901088701077,1973-01-01,1973-12-31
"MEM0434",0,1973-01-01,1973-12-31
"MEM0487",0.770743109643451,1973-01-01,1973-12-31
"MEM0571",0.000204835814591912,1973-01-01,1973-12-31
"MEM0469",0.49478488542098,1973-01-01,1973-12-31
"MEM0545",0.113025857148715,1973-01-01,1973-12-31
"MEM0299",0,1973-01-01,1973-12-31
"MEM0291",0,1973-01-01,1973-12-31
"MEM0375",0,1973-01-01,1973-12-31
"MEM0348",0,1973-01-01,1973-12-31
"MEM0517",0,1973-01-01,1973-12-31
"MEM0485",0.136396557705032,1973-01-01,1973-12-31
"MEM0537",0,1973-01-01,1973-12-31
"MEM0257",0.255758067026843,1973-01-01,1973-12-31
"MEM0504",0,1973-01-01,1973-12-31
"MEM0507",0,1973-01-01,1973-12-31
"MEM0298",0,1973-01-01,1973-12-31
"MEM0426",0.0113195706808924,1973-01-01,1973-12-31
"MEM0526",0.115444574438644,1973-01-01,1973-12-31
"MEM0413",0,1973-01-01,1973-12-31
"MEM0258",0,1973-01-01,1973-12-31
"MEM0471",0.136396557705032,1973-01-01,1973-12-31
"MEM0546",0.113025857148715,1973-01-01,1973-12-31
"MEM0252",0,1973-01-01,1973-12-31
"MEM0317",0.0131465488075742,1973-01-01,1973-12-31
"MEM0417",0.19766531381007,1973-01-01,1973-12-31
"MEM0521",0.517815246233045,1973-01-01,1973-12-31
"MEM0243",0,1973-01-01,1973-12-31
"MEM0313",0.0354098099942232,1973-01-01,1973-12-31
"MEM0474",0.0406275429149796,1973-01-01,1973-12-31
"MEM0549",0,1973-01-01,1973-12-31
"MEM0340",0,1973-01-01,1973-12-31
"MEM0377",0,1973-01-01,1973-12-31
"MEM0567",0,1973-01-01,1973-12-31
"MEM0031",0,1973-01-01,1973-12-31
"MEM0525",0.0149324485247063,1973-01-01,1973-12-31
"MEM0572",0.113025857148715,1973-01-01,1973-12-31
"MEM0400",0,1973-01-01,1973-12-31
"MEM0191",0,1973-01-01,1973-12-31
"MEM0219",0,1973-01-01,1973-12-31
"MEM0533",0.133060000548795,1973-01-01,1973-12-31
"MEM0166",0,1973-01-01,1973-12-31
"MEM0565",0.120140043612621,1973-01-01,1973-12-31
"MEM0207",0,1973-01-01,1973-12-31
"MEM0150",0,1973-01-01,1973-12-31
"MEM0561",0,1973-01-01,1973-12-31
"MEM0216",0,1973-01-01,1973-12-31
"MEM0562",0.00118906064209275,1973-01-01,1973-12-31
"MEM0261",0,1973-01-01,1973-12-31
"MEM0423",0,1973-01-01,1973-12-31
"MEM0212",0,1973-01-01,1973-12-31
"MEM0167",0,1973-01-01,1973-12-31
"MEM0260",0,1973-01-01,1973-12-31
"MEM0553",0,1973-01-01,1973-12-31
"MEM0323",0,1973-01-01,1973-12-31
"MEM0515",0,1973-01-01,1973-12-31
"MEM0527",0,1973-01-01,1973-12-31
"MEM0056",0,1974-01-01,1974-12-31
"MEM0094",0,1974-01-01,1974-12-31
"MEM0159",0,1974-01-01,1974-12-31
"MEM0189",0,1974-01-01,1974-12-31
"MEM0004",0.235190999731361,1974-01-01,1974-12-31
"MEM0006",0,1974-01-01,1974-12-31
"MEM0008",0.0410294293670578,1974-01-01,1974-12-31
"MEM0009",0,1974-01-01,1974-12-31
"MEM0012",0.359143608093681,1974-01-01,1974-12-31
"MEM0015",0,1974-01-01,1974-12-31
"MEM0026",0,1974-01-01,1974-12-31
"MEM0027",0,1974-01-01,1974-12-31
"MEM0035",0,1974-01-01,1974-12-31
"MEM0036",0,1974-01-01,1974-12-31
"MEM0044",0,1974-01-01,1974-12-31
"MEM0046",0,1974-01-01,1974-12-31
"MEM0054",0,1974-01-01,1974-12-31
"MEM0057",0,1974-01-01,1974-12-31
"MEM0060",0,1974-01-01,1974-12-31
"MEM0062",0,1974-01-01,1974-12-31
"MEM0069",0.960873668907871,1974-01-01,1974-12-31
"MEM0070",0,1974-01-01,1974-12-31
"MEM0077",0.0105203247445884,1974-01-01,1974-12-31
"MEM0092",0,1974-01-01,1974-12-31
"MEM0109",0.34140497164299,1974-01-01,1974-12-31
"MEM0115",0.194395312926722,1974-01-01,1974-12-31
"MEM0128",0,1974-01-01,1974-12-31
"MEM0147",0.00123665988329378,1974-01-01,1974-12-31
"MEM0144",0,1974-01-01,1974-12-31
"MEM0166",0,1974-01-01,1974-12-31
"MEM0186",0,1974-01-01,1974-12-31
"MEM0194",0,1974-01-01,1974-12-31
"MEM0202",0.102357796323013,1974-01-01,1974-12-31
"MEM0208",0,1974-01-01,1974-12-31
"MEM0232",0,1974-01-01,1974-12-31
"MEM0080",0,1974-01-01,1974-12-31
"MEM0095",0,1974-01-01,1974-12-31
"MEM0136",0.0375334261253784,1974-01-01,1974-12-31
"MEM0029",0,1974-01-01,1974-12-31
"MEM0039",0,1974-01-01,1974-12-31
"MEM0048",0.526291007961509,1974-01-01,1974-12-31
"MEM0049",0,1974-01-01,1974-12-31
"MEM0053",0,1974-01-01,1974-12-31
"MEM0055",0.0306084062839471,1974-01-01,1974-12-31
"MEM0066",0,1974-01-01,1974-12-31
"MEM0073",0.00888428250112461,1974-01-01,1974-12-31
"MEM0075",0,1974-01-01,1974-12-31
"MEM0082",2.45182193977992,1974-01-01,1974-12-31
"MEM0086",0,1974-01-01,1974-12-31
"MEM0093",0,1974-01-01,1974-12-31
"MEM0102",0,1974-01-01,1974-12-31
"MEM0101",0,1974-01-01,1974-12-31
"MEM0116",0,1974-01-01,1974-12-31
"MEM0118",0,1974-01-01,1974-12-31
"MEM0119",0,1974-01-01,1974-12-31
"MEM0127",0,1974-01-01,1974-12-31
"MEM0134",0,1974-01-01,1974-12-31
"MEM0142",4.69226088535018,1974-01-01,1974-12-31
"MEM0156",0.00334611624934206,1974-01-01,1974-12-31
"MEM0168",0.194395312926722,1974-01-01,1974-12-31
"MEM0174",0.223053851304471,1974-01-01,1974-12-31
"MEM0193",0,1974-01-01,1974-12-31
"MEM0195",0.0771485627998551,1974-01-01,1974-12-31
"MEM0217",0.0131777035858771,1974-01-01,1974-12-31
"MEM0227",0,1974-01-01,1974-12-31
"MEM0230",0,1974-01-01,1974-12-31
"MEM0071",0,1974-01-01,1974-12-31
"MEM0081",0.000936302651282522,1974-01-01,1974-12-31
"MEM0111",0.0563892230246711,1974-01-01,1974-12-31
"MEM0564",0.0366264600239628,1974-01-01,1974-12-31
"MEM0184",0,1974-01-01,1974-12-31
"MEM0211",0,1974-01-01,1974-12-31
"MEM0016",0,1974-01-01,1974-12-31
"MEM0065",0.00260184391861289,1974-01-01,1974-12-31
"MEM0076",0,1974-01-01,1974-12-31
"MEM0083",0.00364582228726149,1974-01-01,1974-12-31
"MEM0091",0.0467693559186797,1974-01-01,1974-12-31
"MEM0113",0.321983539893842,1974-01-01,1974-12-31
"MEM0130",0.0535776457420816,1974-01-01,1974-12-31
"MEM0141",0.0375334261253784,1974-01-01,1974-12-31
"MEM0165",0.134770409878574,1974-01-01,1974-12-31
"MEM0182",0,1974-01-01,1974-12-31
"MEM0222",0,1974-01-01,1974-12-31
"MEM0223",0.00988021574054802,1974-01-01,1974-12-31
"MEM0231",0,1974-01-01,1974-12-31
"MEM0175",0.0131777035858771,1974-01-01,1974-12-31
"MEM0084",0,1974-01-01,1974-12-31
"MEM0089",0.21531165564539,1974-01-01,1974-12-31
"MEM0096",0,1974-01-01,1974-12-31
"MEM0110",0,1974-01-01,1974-12-31
"MEM0133",0,1974-01-01,1974-12-31
"MEM0158",0,1974-01-01,1974-12-31
"MEM0187",0.830106247773828,1974-01-01,1974-12-31
"MEM0190",0.945760998417822,1974-01-01,1974-12-31
"MEM0210",0,1974-01-01,1974-12-31
"MEM0220",0.0515637675616043,1974-01-01,1974-12-31
"MEM0038",0,1974-01-01,1974-12-31
"MEM0068",0,1974-01-01,1974-12-31
"MEM0199",0.0375334261253784,1974-01-01,1974-12-31
"MEM0003",0,1974-01-01,1974-12-31
"MEM0022",0.0448695219721162,1974-01-01,1974-12-31
"MEM0025",0,1974-01-01,1974-12-31
"MEM0104",0,1974-01-01,1974-12-31
"MEM0135",2.88380378147131,1974-01-01,1974-12-31
"MEM0143",0.00888428250112461,1974-01-01,1974-12-31
"MEM0149",0,1974-01-01,1974-12-31
"MEM0047",0,1974-01-01,1974-12-31
"MEM0229",0.129892703149451,1974-01-01,1974-12-31
"MEM0019",0,1974-01-01,1974-12-31
"MEM0098",0,1974-01-01,1974-12-31
"MEM0100",0.370759435233043,1974-01-01,1974-12-31
"MEM0138",0,1974-01-01,1974-12-31
"MEM0163",0.0410294293670578,1974-01-01,1974-12-31
"MEM0180",0,1974-01-01,1974-12-31
"MEM0206",0.0064583321638455,1974-01-01,1974-12-31
"MEM0215",0.0131777035858771,1974-01-01,1974-12-31
"MEM0125",0,1974-01-01,1974-12-31
"MEM0192",0,1974-01-01,1974-12-31
"MEM0214",0,1974-01-01,1974-12-31
"MEM0179",0.0275458145364952,1974-01-01,1974-12-31
"MEM0436",0.0366264600239628,1974-01-01,1974-12-31
"MEM0390",0.00868307969680225,1974-01-01,1974-12-31
"MEM0369",0,1974-01-01,1974-12-31
"MEM0391",0.14273269760978,1974-01-01,1974-12-31
"MEM0470",0.194395312926722,1974-01-01,1974-12-31
"MEM0505",0.292400004767307,1974-01-01,1974-12-31
"MEM0320",0,1974-01-01,1974-12-31
"MEM0370",0,1974-01-01,1974-12-31
"MEM0473",0,1974-01-01,1974-12-31
"MEM0373",0,1974-01-01,1974-12-31
"MEM0510",0,1974-01-01,1974-12-31
"MEM0239",0.0549324656421272,1974-01-01,1974-12-31
"MEM0346",0,1974-01-01,1974-12-31
"MEM0378",0,1974-01-01,1974-12-31
"MEM0302",0.467505536834905,1974-01-01,1974-12-31
"MEM0244",0,1974-01-01,1974-12-31
"MEM0494",0,1974-01-01,1974-12-31
"MEM0247",0.0233196415389444,1974-01-01,1974-12-31
"MEM0338",0,1974-01-01,1974-12-31
"MEM0444",0.25757424382775,1974-01-01,1974-12-31
"MEM0424",0,1974-01-01,1974-12-31
"MEM0271",0.233564320328464,1974-01-01,1974-12-31
"MEM0407",0.240465933437166,1974-01-01,1974-12-31
"MEM0408",0,1974-01-01,1974-12-31
"MEM0496",0.0323417163345936,1974-01-01,1974-12-31
"MEM0272",0,1974-01-01,1974-12-31
"MEM0481",0.258885094130272,1974-01-01,1974-12-31
"MEM0281",0.116453360076192,1974-01-01,1974-12-31
"MEM0482",0.302265890412285,1974-01-01,1974-12-31
"MEM0364",0.180249272973212,1974-01-01,1974-12-31
"MEM0286",0,1974-01-01,1974-12-31
"MEM0251",0.305547545747728,1974-01-01,1974-12-31
"MEM0410",0,1974-01-01,1974-12-31
"MEM0542",0.0586987585519324,1974-01-01,1974-12-31
"MEM0275",0,1974-01-01,1974-12-31
"MEM0365",0,1974-01-01,1974-12-31
"MEM0449",0,1974-01-01,1974-12-31
"MEM0386",0,1974-01-01,1974-12-31
"MEM0519",0.0257525549709173,1974-01-01,1974-12-31
"MEM0520",0,1974-01-01,1974-12-31
"MEM0503",0,1974-01-01,1974-12-31
"MEM0318",0,1974-01-01,1974-12-31
"MEM0486",0,1974-01-01,1974-12-31
"MEM0467",0.0366264600239628,1974-01-01,1974-12-31
"MEM0367",0.0586987585519324,1974-01-01,1974-12-31
"MEM0278",0.0731900128425439,1974-01-01,1974-12-31
"MEM0570",0,1974-01-01,1974-12-31
"MEM0353",0,1974-01-01,1974-12-31
"MEM0297",0.194395312926722,1974-01-01,1974-12-31
"MEM0544",0.247947503432337,1974-01-01,1974-12-31
"MEM0506",0,1974-01-01,1974-12-31
"MEM0472",0,1974-01-01,1974-12-31
"MEM0451",0.0331912112318542,1974-01-01,1974-12-31
"MEM0371",0,1974-01-01,1974-12-31
"MEM0438",0,1974-01-01,1974-12-31
"MEM0236",0.0643527910062287,1974-01-01,1974-12-31
"MEM0509",0.194395312926722,1974-01-01,1974-12-31
"MEM0399",0,1974-01-01,1974-12-31
"MEM0441",0,1974-01-01,1974-12-31
"MEM0372",0,1974-01-01,1974-12-31
"MEM0358",0.00825124336337536,1974-01-01,1974-12-31
"MEM0548",0,1974-01-01,1974-12-31
"MEM0301",5.08686102608419,1974-01-01,1974-12-31
"MEM0304",0,1974-01-01,1974-12-31
"MEM0351",1.13772000463617,1974-01-01,1974-12-31
"MEM0490",0,1974-01-01,1974-12-31
"MEM0479",0.0865595641559244,1974-01-01,1974-12-31
"MEM0360",0,1974-01-01,1974-12-31
"MEM0361",0,1974-01-01,1974-12-31
"MEM0454",0,1974-01-01,1974-12-31
"MEM0534",0.0369083789404708,1974-01-01,1974-12-31
"MEM0305",0.292937000386273,1974-01-01,1974-12-31
"MEM0404",0,1974-01-01,1974-12-31
"MEM0422",0.20515208676463,1974-01-01,1974-12-31
"MEM0555",0.00722372832460701,1974-01-01,1974-12-31
"MEM0269",0,1974-01-01,1974-12-31
"MEM0405",0.318317781047187,1974-01-01,1974-12-31
"MEM0363",0,1974-01-01,1974-12-31
"MEM0279",0,1974-01-01,1974-12-31
"MEM0246",0.00722372832460701,1974-01-01,1974-12-31
"MEM0381",0,1974-01-01,1974-12-31
"MEM0309",0.557386795108269,1974-01-01,1974-12-31
"MEM0311",0,1974-01-01,1974-12-31
"MEM0347",0,1974-01-01,1974-12-31
"MEM0445",0,1974-01-01,1974-12-31
"MEM0383",0,1974-01-01,1974-12-31
"MEM0384",0,1974-01-01,1974-12-31
"MEM0253",2.64970006695812,1974-01-01,1974-12-31
"MEM0518",0,1974-01-01,1974-12-31
"MEM0342",0.0129569644226184,1974-01-01,1974-12-31
"MEM0315",0.130540491415231,1974-01-01,1974-12-31
"MEM0316",0.125973459867371,1974-01-01,1974-12-31
"MEM0559",0.371008114889657,1974-01-01,1974-12-31
"MEM0484",0.00722372832460701,1974-01-01,1974-12-31
"MEM0462",0.90598977001334,1974-01-01,1974-12-31
"MEM0529",0,1974-01-01,1974-12-31
"MEM0256",0.330556236504357,1974-01-01,1974-12-31
"MEM0392",2.56366012698274,1974-01-01,1974-12-31
"MEM0235",0.107770448809575,1974-01-01,1974-12-31
"MEM0508",0,1974-01-01,1974-12-31
"MEM0396",0,1974-01-01,1974-12-31
"MEM0540",0,1974-01-01,1974-12-31
"MEM0475",0,1974-01-01,1974-12-31
"MEM0476",0,1974-01-01,1974-12-31
"MEM0300",0,1974-01-01,1974-12-31
"MEM0477",0,1974-01-01,1974-12-31
"MEM0238",0,1974-01-01,1974-12-31
"MEM0547",0.247947503432337,1974-01-01,1974-12-31
"MEM0303",0.232794948703608,1974-01-01,1974-12-31
"MEM0336",0,1974-01-01,1974-12-31
"MEM0401",0,1974-01-01,1974-12-31
"MEM0492",0,1974-01-01,1974-12-31
"MEM0248",0,1974-01-01,1974-12-31
"MEM0380",0,1974-01-01,1974-12-31
"MEM0523",0.276315466198313,1974-01-01,1974-12-31
"MEM0310",0,1974-01-01,1974-12-31
"MEM0348",0.17761139763453,1974-01-01,1974-12-31
"MEM0513",1.02625349980824,1974-01-01,1974-12-31
"MEM0273",0,1974-01-01,1974-12-31
"MEM0514",0.659230693607968,1974-01-01,1974-12-31
"MEM0349",0,1974-01-01,1974-12-31
"MEM0314",0.2721462817747,1974-01-01,1974-12-31
"MEM0431",0.0196732343315466,1974-01-01,1974-12-31
"MEM0446",0.17761139763453,1974-01-01,1974-12-31
"MEM0254",0,1974-01-01,1974-12-31
"MEM0535",0,1974-01-01,1974-12-31
"MEM0501",0,1974-01-01,1974-12-31
"MEM0331",0.194395312926722,1974-01-01,1974-12-31
"MEM0483",0.192202226686103,1974-01-01,1974-12-31
"MEM0543",0.247947503432337,1974-01-01,1974-12-31
"MEM0261",0,1974-01-01,1974-12-31
"MEM0394",0.0965412280533891,1974-01-01,1974-12-31
"MEM0397",0.21531165564539,1974-01-01,1974-12-31
"MEM0334",0.335842770010637,1974-01-01,1974-12-31
"MEM0322",0,1974-01-01,1974-12-31
"MEM0357",0,1974-01-01,1974-12-31
"MEM0478",0.482024123326269,1974-01-01,1974-12-31
"MEM0541",0,1974-01-01,1974-12-31
"MEM0359",0.0459142890924765,1974-01-01,1974-12-31
"MEM0240",0,1974-01-01,1974-12-31
"MEM0377",0,1974-01-01,1974-12-31
"MEM0241",0.0010812859684256,1974-01-01,1974-12-31
"MEM0242",0,1974-01-01,1974-12-31
"MEM0403",0.342150401117958,1974-01-01,1974-12-31
"MEM0327",0,1974-01-01,1974-12-31
"MEM0362",0,1974-01-01,1974-12-31
"MEM0268",0.0119766773866522,1974-01-01,1974-12-31
"MEM0307",0.254508672946477,1974-01-01,1974-12-31
"MEM0557",0.292041572072844,1974-01-01,1974-12-31
"MEM0249",0,1974-01-01,1974-12-31
"MEM0312",0.481496472074484,1974-01-01,1974-12-31
"MEM0415",0,1974-01-01,1974-12-31
"MEM0416",0.318317781047187,1974-01-01,1974-12-31
"MEM0468",0.0467043194982842,1974-01-01,1974-12-31
"MEM0434",0,1974-01-01,1974-12-31
"MEM0487",1.41192577630848,1974-01-01,1974-12-31
"MEM0571",0,1974-01-01,1974-12-31
"MEM0545",0.515889652464123,1974-01-01,1974-12-31
"MEM0299",0,1974-01-01,1974-12-31
"MEM0291",0,1974-01-01,1974-12-31
"MEM0375",0,1974-01-01,1974-12-31
"MEM0554",0,1974-01-01,1974-12-31
"MEM0517",0,1974-01-01,1974-12-31
"MEM0485",0.194395312926722,1974-01-01,1974-12-31
"MEM0435",0,1974-01-01,1974-12-31
"MEM0537",0,1974-01-01,1974-12-31
"MEM0257",0.221033755935623,1974-01-01,1974-12-31
"MEM0469",0.702378761389353,1974-01-01,1974-12-31
"MEM0507",0,1974-01-01,1974-12-31
"MEM0298",0,1974-01-01,1974-12-31
"MEM0426",0.0161591809354556,1974-01-01,1974-12-31
"MEM0526",0.423098549129005,1974-01-01,1974-12-31
"MEM0413",0,1974-01-01,1974-12-31
"MEM0258",0,1974-01-01,1974-12-31
"MEM0471",0.194395312926722,1974-01-01,1974-12-31
"MEM0546",0.247947503432337,1974-01-01,1974-12-31
"MEM0252",0,1974-01-01,1974-12-31
"MEM0317",2.60075100578495,1974-01-01,1974-12-31
"MEM0417",0.231431268797855,1974-01-01,1974-12-31
"MEM0521",1.01555489163494,1974-01-01,1974-12-31
"MEM0243",0,1974-01-01,1974-12-31
"MEM0313",0.00875928803998672,1974-01-01,1974-12-31
"MEM0474",0.029955262502811,1974-01-01,1974-12-31
"MEM0549",0,1974-01-01,1974-12-31
"MEM0340",0,1974-01-01,1974-12-31
"MEM0504",0,1974-01-01,1974-12-31
"MEM0567",0,1974-01-01,1974-12-31
"MEM0031",0,1974-01-01,1974-12-31
"MEM0525",0.0582919865011849,1974-01-01,1974-12-31
"MEM0572",0.247947503432337,1974-01-01,1974-12-31
"MEM0400",0,1974-01-01,1974-12-31
"MEM0191",0,1974-01-01,1974-12-31
"MEM0219",0,1974-01-01,1974-12-31
"MEM0294",0,1974-01-01,1974-12-31
"MEM0533",0.336975479890282,1974-01-01,1974-12-31
"MEM0565",0.0767908708580919,1974-01-01,1974-12-31
"MEM0233",0,1974-01-01,1974-12-31
"MEM0209",0,1974-01-01,1974-12-31
"MEM0207",0,1974-01-01,1974-12-31
"MEM0150",0,1974-01-01,1974-12-31
"MEM0561",0,1974-01-01,1974-12-31
"MEM0216",0,1974-01-01,1974-12-31
"MEM0562",0.00111111111111111,1974-01-01,1974-12-31
"MEM0368",0,1974-01-01,1974-12-31
"MEM0423",0,1974-01-01,1974-12-31
"MEM0212",0,1974-01-01,1974-12-31
"MEM0167",0,1974-01-01,1974-12-31
"MEM0260",0,1974-01-01,1974-12-31
"MEM0437",0,1974-01-01,1974-12-31
"MEM0553",0,1974-01-01,1974-12-31
"MEM0419",0,1974-01-01,1974-12-31
"MEM0498",0,1974-01-01,1974-12-31
"MEM0306",0,1974-01-01,1974-12-31
"MEM0323",0,1974-01-01,1974-12-31
"MEM0515",0,1974-01-01,1974-12-31
"MEM0527",0,1974-01-01,1974-12-31
"MEM0528",0,1974-01-01,1974-12-31
"MEM0531",0,1974-01-01,1974-12-31
"MEM0056",0,1975-01-01,1975-12-31
"MEM0094",0,1975-01-01,1975-12-31
"MEM0159",0,1975-01-01,1975-12-31
"MEM0189",0,1975-01-01,1975-12-31
"MEM0004",0.209864004264073,1975-01-01,1975-12-31
"MEM0006",0,1975-01-01,1975-12-31
"MEM0008",0.0789157859898801,1975-01-01,1975-12-31
"MEM0009",0,1975-01-01,1975-12-31
"MEM0012",0.287150163405807,1975-01-01,1975-12-31
"MEM0015",0,1975-01-01,1975-12-31
"MEM0026",0,1975-01-01,1975-12-31
"MEM0027",0,1975-01-01,1975-12-31
"MEM0035",0,1975-01-01,1975-12-31
"MEM0036",0,1975-01-01,1975-12-31
"MEM0046",0,1975-01-01,1975-12-31
"MEM0054",0,1975-01-01,1975-12-31
"MEM0057",0,1975-01-01,1975-12-31
"MEM0060",0.00213828589145119,1975-01-01,1975-12-31
"MEM0062",0,1975-01-01,1975-12-31
"MEM0069",1.84059446205528,1975-01-01,1975-12-31
"MEM0070",0,1975-01-01,1975-12-31
"MEM0077",0,1975-01-01,1975-12-31
"MEM0109",0.196646144622596,1975-01-01,1975-12-31
"MEM0115",0.24206870253009,1975-01-01,1975-12-31
"MEM0128",0,1975-01-01,1975-12-31
"MEM0147",0.00110745096235462,1975-01-01,1975-12-31
"MEM0144",0,1975-01-01,1975-12-31
"MEM0169",0,1975-01-01,1975-12-31
"MEM0186",0,1975-01-01,1975-12-31
"MEM0208",0,1975-01-01,1975-12-31
"MEM0232",0,1975-01-01,1975-12-31
"MEM0080",0,1975-01-01,1975-12-31
"MEM0095",0,1975-01-01,1975-12-31
"MEM0136",0.0676882307338482,1975-01-01,1975-12-31
"MEM0029",0,1975-01-01,1975-12-31
"MEM0039",0,1975-01-01,1975-12-31
"MEM0048",0.670962791339202,1975-01-01,1975-12-31
"MEM0049",0,1975-01-01,1975-12-31
"MEM0051",0,1975-01-01,1975-12-31
"MEM0053",0,1975-01-01,1975-12-31
"MEM0055",0.0322503635028221,1975-01-01,1975-12-31
"MEM0064",0,1975-01-01,1975-12-31
"MEM0066",0,1975-01-01,1975-12-31
"MEM0073",0.0110065251317097,1975-01-01,1975-12-31
"MEM0075",0,1975-01-01,1975-12-31
"MEM0082",2.09467917704507,1975-01-01,1975-12-31
"MEM0086",0,1975-01-01,1975-12-31
"MEM0092",0,1975-01-01,1975-12-31
"MEM0093",0,1975-01-01,1975-12-31
"MEM0102",0,1975-01-01,1975-12-31
"MEM0101",0,1975-01-01,1975-12-31
"MEM0107",0,1975-01-01,1975-12-31
"MEM0116",0.0518906412010708,1975-01-01,1975-12-31
"MEM0120",0,1975-01-01,1975-12-31
"MEM0118",0,1975-01-01,1975-12-31
"MEM0119",0,1975-01-01,1975-12-31
"MEM0127",0,1975-01-01,1975-12-31
"MEM0134",0.112995276620906,1975-01-01,1975-12-31
"MEM0168",0.24206870253009,1975-01-01,1975-12-31
"MEM0174",0.285979056795922,1975-01-01,1975-12-31
"MEM0193",0,1975-01-01,1975-12-31
"MEM0194",0,1975-01-01,1975-12-31
"MEM0202",0,1975-01-01,1975-12-31
"MEM0217",0.0243055053422392,1975-01-01,1975-12-31
"MEM0227",0,1975-01-01,1975-12-31
"MEM0230",0,1975-01-01,1975-12-31
"MEM0071",0,1975-01-01,1975-12-31
"MEM0081",0.0170420191335045,1975-01-01,1975-12-31
"MEM0111",0.0489706079289726,1975-01-01,1975-12-31
"MEM0564",0.0584321801016704,1975-01-01,1975-12-31
"MEM0184",0,1975-01-01,1975-12-31
"MEM0211",0,1975-01-01,1975-12-31
"MEM0016",0,1975-01-01,1975-12-31
"MEM0065",0.0139428384244971,1975-01-01,1975-12-31
"MEM0076",0,1975-01-01,1975-12-31
"MEM0091",5.00463349392861,1975-01-01,1975-12-31
"MEM0113",1.18338500676877,1975-01-01,1975-12-31
"MEM0130",0.0741505446821462,1975-01-01,1975-12-31
"MEM0141",0.0676882307338482,1975-01-01,1975-12-31
"MEM0142",5.53333141171045,1975-01-01,1975-12-31
"MEM0156",0.00352004897459443,1975-01-01,1975-12-31
"MEM0165",0.154327504115898,1975-01-01,1975-12-31
"MEM0182",0,1975-01-01,1975-12-31
"MEM0222",0,1975-01-01,1975-12-31
"MEM0223",0.00408829370443265,1975-01-01,1975-12-31
"MEM0231",0,1975-01-01,1975-12-31
"MEM0175",0.0243055053422392,1975-01-01,1975-12-31
"MEM0084",0,1975-01-01,1975-12-31
"MEM0089",0.324790131772946,1975-01-01,1975-12-31
"MEM0096",0,1975-01-01,1975-12-31
"MEM0110",0,1975-01-01,1975-12-31
"MEM0133",0,1975-01-01,1975-12-31
"MEM0158",0,1975-01-01,1975-12-31
"MEM0187",0.409511546829692,1975-01-01,1975-12-31
"MEM0190",1.87156866453096,1975-01-01,1975-12-31
"MEM0210",0,1975-01-01,1975-12-31
"MEM0221",0.00408829370443265,1975-01-01,1975-12-31
"MEM0220",0.0911911705358481,1975-01-01,1975-12-31
"MEM0038",0,1975-01-01,1975-12-31
"MEM0068",0,1975-01-01,1975-12-31
"MEM0199",0.0676882307338482,1975-01-01,1975-12-31
"MEM0003",0,1975-01-01,1975-12-31
"MEM0022",0.0518906412010708,1975-01-01,1975-12-31
"MEM0025",0.0676882307338482,1975-01-01,1975-12-31
"MEM0104",0.5147921427998,1975-01-01,1975-12-31
"MEM0135",2.77711740315205,1975-01-01,1975-12-31
"MEM0143",0.0110065251317097,1975-01-01,1975-12-31
"MEM0149",0,1975-01-01,1975-12-31
"MEM0047",0,1975-01-01,1975-12-31
"MEM0229",0.196303090351072,1975-01-01,1975-12-31
"MEM0019",0,1975-01-01,1975-12-31
"MEM0100",0.480377025014829,1975-01-01,1975-12-31
"MEM0112",0,1975-01-01,1975-12-31
"MEM0138",0,1975-01-01,1975-12-31
"MEM0163",0.0789157859898801,1975-01-01,1975-12-31
"MEM0180",0,1975-01-01,1975-12-31
"MEM0206",0.0125948723322102,1975-01-01,1975-12-31
"MEM0215",0.0243055053422392,1975-01-01,1975-12-31
"MEM0098",0,1975-01-01,1975-12-31
"MEM0125",0,1975-01-01,1975-12-31
"MEM0192",0,1975-01-01,1975-12-31
"MEM0083",0,1975-01-01,1975-12-31
"MEM0129",0,1975-01-01,1975-12-31
"MEM0140",0,1975-01-01,1975-12-31
"MEM0214",0,1975-01-01,1975-12-31
"MEM0114",0,1975-01-01,1975-12-31
"MEM0179",0.0368551647186758,1975-01-01,1975-12-31
"MEM0436",0.0584321801016704,1975-01-01,1975-12-31
"MEM0390",0.0136710031710012,1975-01-01,1975-12-31
"MEM0369",0,1975-01-01,1975-12-31
"MEM0391",0.255750871452066,1975-01-01,1975-12-31
"MEM0470",0.24206870253009,1975-01-01,1975-12-31
"MEM0505",0.813779532626765,1975-01-01,1975-12-31
"MEM0320",0,1975-01-01,1975-12-31
"MEM0370",0,1975-01-01,1975-12-31
"MEM0473",0.323742763697699,1975-01-01,1975-12-31
"MEM0371",0,1975-01-01,1975-12-31
"MEM0373",0,1975-01-01,1975-12-31
"MEM0510",0.24206870253009,1975-01-01,1975-12-31
"MEM0239",0.0845145873154531,1975-01-01,1975-12-31
"MEM0378",0,1975-01-01,1975-12-31
"MEM0302",0.543105357225133,1975-01-01,1975-12-31
"MEM0244",0,1975-01-01,1975-12-31
"MEM0443",0,1975-01-01,1975-12-31
"MEM0494",0,1975-01-01,1975-12-31
"MEM0247",0.0206120023483833,1975-01-01,1975-12-31
"MEM0338",0,1975-01-01,1975-12-31
"MEM0424",0,1975-01-01,1975-12-31
"MEM0271",0.305699644903659,1975-01-01,1975-12-31
"MEM0407",0.458406155441498,1975-01-01,1975-12-31
"MEM0408",0,1975-01-01,1975-12-31
"MEM0496",0.039959885080578,1975-01-01,1975-12-31
"MEM0272",0,1975-01-01,1975-12-31
"MEM0481",0.229321438331408,1975-01-01,1975-12-31
"MEM0281",0.19639704978617,1975-01-01,1975-12-31
"MEM0499",0.0102840354752501,1975-01-01,1975-12-31
"MEM0250",0,1975-01-01,1975-12-31
"MEM0482",0.387925235056714,1975-01-01,1975-12-31
"MEM0364",0.123101686827131,1975-01-01,1975-12-31
"MEM0286",0,1975-01-01,1975-12-31
"MEM0251",0.410242949444045,1975-01-01,1975-12-31
"MEM0410",0,1975-01-01,1975-12-31
"MEM0542",0.0876841713716088,1975-01-01,1975-12-31
"MEM0365",0,1975-01-01,1975-12-31
"MEM0449",0,1975-01-01,1975-12-31
"MEM0386",0,1975-01-01,1975-12-31
"MEM0519",0.175362836784816,1975-01-01,1975-12-31
"MEM0520",0,1975-01-01,1975-12-31
"MEM0463",0,1975-01-01,1975-12-31
"MEM0503",0,1975-01-01,1975-12-31
"MEM0318",0,1975-01-01,1975-12-31
"MEM0486",0,1975-01-01,1975-12-31
"MEM0467",0.0584321801016704,1975-01-01,1975-12-31
"MEM0367",0.0876841713716088,1975-01-01,1975-12-31
"MEM0278",0.114288180408518,1975-01-01,1975-12-31
"MEM0570",0,1975-01-01,1975-12-31
"MEM0353",0.0490896071726219,1975-01-01,1975-12-31
"MEM0297",0.24206870253009,1975-01-01,1975-12-31
"MEM0544",0.263388671024775,1975-01-01,1975-12-31
"MEM0506",0,1975-01-01,1975-12-31
"MEM0472",0,1975-01-01,1975-12-31
"MEM0451",0.0968709807071428,1975-01-01,1975-12-31
"MEM0438",0,1975-01-01,1975-12-31
"MEM0236",0.145567576044667,1975-01-01,1975-12-31
"MEM0509",0.24206870253009,1975-01-01,1975-12-31
"MEM0399",0,1975-01-01,1975-12-31
"MEM0441",0,1975-01-01,1975-12-31
"MEM0372",0,1975-01-01,1975-12-31
"MEM0358",0.00902913396148255,1975-01-01,1975-12-31
"MEM0548",0,1975-01-01,1975-12-31
"MEM0301",1.13715164980725,1975-01-01,1975-12-31
"MEM0346",0,1975-01-01,1975-12-31
"MEM0304",0,1975-01-01,1975-12-31
"MEM0351",5.68150280412186,1975-01-01,1975-12-31
"MEM0490",0,1975-01-01,1975-12-31
"MEM0479",0.110294493731728,1975-01-01,1975-12-31
"MEM0360",0,1975-01-01,1975-12-31
"MEM0361",0,1975-01-01,1975-12-31
"MEM0454",0,1975-01-01,1975-12-31
"MEM0534",3.0608505618178,1975-01-01,1975-12-31
"MEM0305",0.335456012021481,1975-01-01,1975-12-31
"MEM0404",1.01963197722468,1975-01-01,1975-12-31
"MEM0422",0.0357054262146678,1975-01-01,1975-12-31
"MEM0555",0.0115700598089027,1975-01-01,1975-12-31
"MEM0269",0,1975-01-01,1975-12-31
"MEM0306",0.00598570965293746,1975-01-01,1975-12-31
"MEM0363",0,1975-01-01,1975-12-31
"MEM0279",0,1975-01-01,1975-12-31
"MEM0246",0.0115700598089027,1975-01-01,1975-12-31
"MEM0444",0.249496259213817,1975-01-01,1975-12-31
"MEM0381",0,1975-01-01,1975-12-31
"MEM0309",0.520471727109962,1975-01-01,1975-12-31
"MEM0311",0.0451719032812569,1975-01-01,1975-12-31
"MEM0347",0,1975-01-01,1975-12-31
"MEM0445",0,1975-01-01,1975-12-31
"MEM0383",0,1975-01-01,1975-12-31
"MEM0384",0,1975-01-01,1975-12-31
"MEM0275",0,1975-01-01,1975-12-31
"MEM0518",0,1975-01-01,1975-12-31
"MEM0342",0.0210085000256084,1975-01-01,1975-12-31
"MEM0315",0.241022137512829,1975-01-01,1975-12-31
"MEM0316",0.0532945180581651,1975-01-01,1975-12-31
"MEM0559",0.410584421767955,1975-01-01,1975-12-31
"MEM0484",0.0115700598089027,1975-01-01,1975-12-31
"MEM0462",1.29722010137295,1975-01-01,1975-12-31
"MEM0529",0,1975-01-01,1975-12-31
"MEM0256",0.451443147875696,1975-01-01,1975-12-31
"MEM0392",0.692668740869029,1975-01-01,1975-12-31
"MEM0235",0.117649763149089,1975-01-01,1975-12-31
"MEM0508",0,1975-01-01,1975-12-31
"MEM0396",0,1975-01-01,1975-12-31
"MEM0540",0,1975-01-01,1975-12-31
"MEM0475",0,1975-01-01,1975-12-31
"MEM0476",0,1975-01-01,1975-12-31
"MEM0300",0,1975-01-01,1975-12-31
"MEM0477",0,1975-01-01,1975-12-31
"MEM0238",0,1975-01-01,1975-12-31
"MEM0547",0.263388671024775,1975-01-01,1975-12-31
"MEM0303",0.422678616369566,1975-01-01,1975-12-31
"MEM0336",0,1975-01-01,1975-12-31
"MEM0401",0,1975-01-01,1975-12-31
"MEM0405",0.384913794664833,1975-01-01,1975-12-31
"MEM0492",0,1975-01-01,1975-12-31
"MEM0406",0.000416233090530697,1975-01-01,1975-12-31
"MEM0248",0,1975-01-01,1975-12-31
"MEM0380",0,1975-01-01,1975-12-31
"MEM0523",0.399962316707115,1975-01-01,1975-12-31
"MEM0310",0,1975-01-01,1975-12-31
"MEM0348",0.336688369576108,1975-01-01,1975-12-31
"MEM0513",0.78040849234758,1975-01-01,1975-12-31
"MEM0273",0,1975-01-01,1975-12-31
"MEM0514",0.347437967306482,1975-01-01,1975-12-31
"MEM0349",0,1975-01-01,1975-12-31
"MEM0314",0.381994927355557,1975-01-01,1975-12-31
"MEM0431",0.00642522473056215,1975-01-01,1975-12-31
"MEM0446",0.336688369576108,1975-01-01,1975-12-31
"MEM0253",0.142173201867348,1975-01-01,1975-12-31
"MEM0254",0,1975-01-01,1975-12-31
"MEM0535",0.0420022841274098,1975-01-01,1975-12-31
"MEM0501",0.0716105924615088,1975-01-01,1975-12-31
"MEM0528",0,1975-01-01,1975-12-31
"MEM0331",0.24206870253009,1975-01-01,1975-12-31
"MEM0483",0,1975-01-01,1975-12-31
"MEM0543",0.263388671024775,1975-01-01,1975-12-31
"MEM0261",0,1975-01-01,1975-12-31
"MEM0394",0.10625385387906,1975-01-01,1975-12-31
"MEM0450",0,1975-01-01,1975-12-31
"MEM0397",0.324790131772946,1975-01-01,1975-12-31
"MEM0334",0.340651007104721,1975-01-01,1975-12-31
"MEM0322",0,1975-01-01,1975-12-31
"MEM0357",0,1975-01-01,1975-12-31
"MEM0478",0.124698170496912,1975-01-01,1975-12-31
"MEM0541",0,1975-01-01,1975-12-31
"MEM0359",0.0523423497515713,1975-01-01,1975-12-31
"MEM0240",0,1975-01-01,1975-12-31
"MEM0377",0,1975-01-01,1975-12-31
"MEM0241",0.00622714733137917,1975-01-01,1975-12-31
"MEM0242",0,1975-01-01,1975-12-31
"MEM0403",0.55630810739046,1975-01-01,1975-12-31
"MEM0327",0.0991294674180118,1975-01-01,1975-12-31
"MEM0268",0.0264097127215539,1975-01-01,1975-12-31
"MEM0307",0.412962934483332,1975-01-01,1975-12-31
"MEM0557",0.331483842336255,1975-01-01,1975-12-31
"MEM0249",0,1975-01-01,1975-12-31
"MEM0312",0.24206870253009,1975-01-01,1975-12-31
"MEM0415",0,1975-01-01,1975-12-31
"MEM0485",0.24206870253009,1975-01-01,1975-12-31
"MEM0434",0.105716967951897,1975-01-01,1975-12-31
"MEM0487",1.27353693670205,1975-01-01,1975-12-31
"MEM0571",0,1975-01-01,1975-12-31
"MEM0545",0.456424880910067,1975-01-01,1975-12-31
"MEM0299",0,1975-01-01,1975-12-31
"MEM0291",0,1975-01-01,1975-12-31
"MEM0375",0,1975-01-01,1975-12-31
"MEM0554",0,1975-01-01,1975-12-31
"MEM0362",0,1975-01-01,1975-12-31
"MEM0416",0.384913794664833,1975-01-01,1975-12-31
"MEM0468",0.0996561847984361,1975-01-01,1975-12-31
"MEM0435",0.0991294674180118,1975-01-01,1975-12-31
"MEM0537",0.105716967951897,1975-01-01,1975-12-31
"MEM0257",0.339974716717501,1975-01-01,1975-12-31
"MEM0469",0.453621092801937,1975-01-01,1975-12-31
"MEM0507",0.24206870253009,1975-01-01,1975-12-31
"MEM0298",0,1975-01-01,1975-12-31
"MEM0426",0.0584321801016704,1975-01-01,1975-12-31
"MEM0526",3.47062528544507,1975-01-01,1975-12-31
"MEM0517",0,1975-01-01,1975-12-31
"MEM0413",0,1975-01-01,1975-12-31
"MEM0258",0,1975-01-01,1975-12-31
"MEM0471",0.24206870253009,1975-01-01,1975-12-31
"MEM0252",0.124554983193542,1975-01-01,1975-12-31
"MEM0317",0.649965456880349,1975-01-01,1975-12-31
"MEM0417",0.589857572083274,1975-01-01,1975-12-31
"MEM0521",1.22659422481607,1975-01-01,1975-12-31
"MEM0546",0.456424880910067,1975-01-01,1975-12-31
"MEM0243",0,1975-01-01,1975-12-31
"MEM0313",0.0135022624219212,1975-01-01,1975-12-31
"MEM0474",0.072874790546929,1975-01-01,1975-12-31
"MEM0549",0,1975-01-01,1975-12-31
"MEM0340",0,1975-01-01,1975-12-31
"MEM0504",0,1975-01-01,1975-12-31
"MEM0567",0,1975-01-01,1975-12-31
"MEM0031",0,1975-01-01,1975-12-31
"MEM0525",0.0715816922608392,1975-01-01,1975-12-31
"MEM0572",0.263388671024775,1975-01-01,1975-12-31
"MEM0400",0,1975-01-01,1975-12-31
"MEM0191",0,1975-01-01,1975-12-31
"MEM0219",0,1975-01-01,1975-12-31
"MEM0294",0,1975-01-01,1975-12-31
"MEM0533",0.293603419603654,1975-01-01,1975-12-31
"MEM0565",0.0985026522381807,1975-01-01,1975-12-31
"MEM0233",0,1975-01-01,1975-12-31
"MEM0207",0,1975-01-01,1975-12-31
"MEM0150",0,1975-01-01,1975-12-31
"MEM0538",0,1975-01-01,1975-12-31
"MEM0561",0,1975-01-01,1975-12-31
"MEM0195",0,1975-01-01,1975-12-31
"MEM0212",0,1975-01-01,1975-12-31
"MEM0568",0,1975-01-01,1975-12-31
"MEM0216",0,1975-01-01,1975-12-31
"MEM0562",0.000416233090530697,1975-01-01,1975-12-31
"MEM0188",0,1975-01-01,1975-12-31
"MEM0209",0,1975-01-01,1975-12-31
"MEM0423",0,1975-01-01,1975-12-31
"MEM0368",0,1975-01-01,1975-12-31
"MEM0167",0,1975-01-01,1975-12-31
"MEM0459",0,1975-01-01,1975-12-31
"MEM0260",0,1975-01-01,1975-12-31
"MEM0437",0,1975-01-01,1975-12-31
"MEM0553",0,1975-01-01,1975-12-31
"MEM0419",0.000869090655366582,1975-01-01,1975-12-31
"MEM0498",0,1975-01-01,1975-12-31
"MEM0323",0,1975-01-01,1975-12-31
"MEM0515",0,1975-01-01,1975-12-31
"MEM0527",0,1975-01-01,1975-12-31
"MEM0531",0,1975-01-01,1975-12-31
"MEM0056",0,1976-01-01,1976-12-31
"MEM0094",0,1976-01-01,1976-12-31
"MEM0189",0,1976-01-01,1976-12-31
"MEM0004",0.0870397491528676,1976-01-01,1976-12-31
"MEM0006",0,1976-01-01,1976-12-31
"MEM0008",0.0334164218996723,1976-01-01,1976-12-31
"MEM0009",0.000112880886426593,1976-01-01,1976-12-31
"MEM0012",0.13531773346691,1976-01-01,1976-12-31
"MEM0015",0.138636747028908,1976-01-01,1976-12-31
"MEM0016",0.00074980490838725,1976-01-01,1976-12-31
"MEM0026",0,1976-01-01,1976-12-31
"MEM0027",0,1976-01-01,1976-12-31
"MEM0035",0,1976-01-01,1976-12-31
"MEM0036",0,1976-01-01,1976-12-31
"MEM0046",0,1976-01-01,1976-12-31
"MEM0052",0,1976-01-01,1976-12-31
"MEM0054",0,1976-01-01,1976-12-31
"MEM0062",0,1976-01-01,1976-12-31
"MEM0070",0,1976-01-01,1976-12-31
"MEM0077",0,1976-01-01,1976-12-31
"MEM0103",0,1976-01-01,1976-12-31
"MEM0109",0.0652192137396575,1976-01-01,1976-12-31
"MEM0115",0.0902075667626739,1976-01-01,1976-12-31
"MEM0128",0,1976-01-01,1976-12-31
"MEM0147",0.00273707665453286,1976-01-01,1976-12-31
"MEM0144",0,1976-01-01,1976-12-31
"MEM0169",0,1976-01-01,1976-12-31
"MEM0181",0,1976-01-01,1976-12-31
"MEM0186",0,1976-01-01,1976-12-31
"MEM0222",0.00259509322373964,1976-01-01,1976-12-31
"MEM0232",0,1976-01-01,1976-12-31
"MEM0080",0,1976-01-01,1976-12-31
"MEM0136",0.0372533945502713,1976-01-01,1976-12-31
"MEM0029",0,1976-01-01,1976-12-31
"MEM0039",0,1976-01-01,1976-12-31
"MEM0048",0.15798441614463,1976-01-01,1976-12-31
"MEM0049",0,1976-01-01,1976-12-31
"MEM0051",0,1976-01-01,1976-12-31
"MEM0053",0,1976-01-01,1976-12-31
"MEM0055",0.0206873224393981,1976-01-01,1976-12-31
"MEM0060",0,1976-01-01,1976-12-31
"MEM0064",0,1976-01-01,1976-12-31
"MEM0066",0,1976-01-01,1976-12-31
"MEM0069",0.469974628708993,1976-01-01,1976-12-31
"MEM0073",0.000869709430699007,1976-01-01,1976-12-31
"MEM0075",0.00760043908549242,1976-01-01,1976-12-31
"MEM0082",2.72790540587583,1976-01-01,1976-12-31
"MEM0086",0.0151813002020834,1976-01-01,1976-12-31
"MEM0092",0,1976-01-01,1976-12-31
"MEM0093",0,1976-01-01,1976-12-31
"MEM0102",0,1976-01-01,1976-12-31
"MEM0101",0,1976-01-01,1976-12-31
"MEM0107",0.00673506790049874,1976-01-01,1976-12-31
"MEM0120",0,1976-01-01,1976-12-31
"MEM0118",0,1976-01-01,1976-12-31
"MEM0119",0.138636747028908,1976-01-01,1976-12-31
"MEM0127",0,1976-01-01,1976-12-31
"MEM0134",0.01948120801371,1976-01-01,1976-12-31
"MEM0162",0,1976-01-01,1976-12-31
"MEM0168",0.0902075667626739,1976-01-01,1976-12-31
"MEM0193",0.000244609226634055,1976-01-01,1976-12-31
"MEM0194",0,1976-01-01,1976-12-31
"MEM0217",0.000974488224145203,1976-01-01,1976-12-31
"MEM0227",0,1976-01-01,1976-12-31
"MEM0230",0,1976-01-01,1976-12-31
"MEM0071",0,1976-01-01,1976-12-31
"MEM0081",0.00165014000067981,1976-01-01,1976-12-31
"MEM0111",0.00739424101063054,1976-01-01,1976-12-31
"MEM0564",0.00775814333190785,1976-01-01,1976-12-31
"MEM0184",0,1976-01-01,1976-12-31
"MEM0211",0,1976-01-01,1976-12-31
"MEM0042",0,1976-01-01,1976-12-31
"MEM0043",0,1976-01-01,1976-12-31
"MEM0065",0.00454311683845437,1976-01-01,1976-12-31
"MEM0076",0,1976-01-01,1976-12-31
"MEM0113",0.0807346726328127,1976-01-01,1976-12-31
"MEM0130",0.0180451791441601,1976-01-01,1976-12-31
"MEM0142",3.84372141290726,1976-01-01,1976-12-31
"MEM0156",0.00371527777777778,1976-01-01,1976-12-31
"MEM0165",0.0579512552511932,1976-01-01,1976-12-31
"MEM0174",0,1976-01-01,1976-12-31
"MEM0182",0,1976-01-01,1976-12-31
"MEM0195",0.00513212140741879,1976-01-01,1976-12-31
"MEM0202",0,1976-01-01,1976-12-31
"MEM0223",0.0185694504162781,1976-01-01,1976-12-31
"MEM0231",0,1976-01-01,1976-12-31
"MEM0175",0.000974488224145203,1976-01-01,1976-12-31
"MEM0045",0.00031887245742778,1976-01-01,1976-12-31
"MEM0084",0,1976-01-01,1976-12-31
"MEM0089",0,1976-01-01,1976-12-31
"MEM0091",2.18970429546092,1976-01-01,1976-12-31
"MEM0096",0,1976-01-01,1976-12-31
"MEM0110",0.163637206912611,1976-01-01,1976-12-31
"MEM0116",0,1976-01-01,1976-12-31
"MEM0133",0,1976-01-01,1976-12-31
"MEM0158",0,1976-01-01,1976-12-31
"MEM0187",0.255066597046077,1976-01-01,1976-12-31
"MEM0190",0.253073418587642,1976-01-01,1976-12-31
"MEM0210",0,1976-01-01,1976-12-31
"MEM0221",0.00705018031767785,1976-01-01,1976-12-31
"MEM0220",0.0122740910540127,1976-01-01,1976-12-31
"MEM0038",0,1976-01-01,1976-12-31
"MEM0068",0,1976-01-01,1976-12-31
"MEM0199",0.00895894899213927,1976-01-01,1976-12-31
"MEM0022",0.0356100280283397,1976-01-01,1976-12-31
"MEM0025",0.237334806606817,1976-01-01,1976-12-31
"MEM0104",0.00206430837214962,1976-01-01,1976-12-31
"MEM0121",0,1976-01-01,1976-12-31
"MEM0141",0.00245945819685899,1976-01-01,1976-12-31
"MEM0143",0.000869709430699007,1976-01-01,1976-12-31
"MEM0149",0,1976-01-01,1976-12-31
"MEM0204",0,1976-01-01,1976-12-31
"MEM0047",0,1976-01-01,1976-12-31
"MEM0229",0.0735475484875256,1976-01-01,1976-12-31
"MEM0019",0,1976-01-01,1976-12-31
"MEM0100",0.122358835167325,1976-01-01,1976-12-31
"MEM0112",0,1976-01-01,1976-12-31
"MEM0135",0.162274323391838,1976-01-01,1976-12-31
"MEM0138",0,1976-01-01,1976-12-31
"MEM0163",0.0334164218996723,1976-01-01,1976-12-31
"MEM0180",0,1976-01-01,1976-12-31
"MEM0206",0.0021266012414884,1976-01-01,1976-12-31
"MEM0215",0.000974488224145203,1976-01-01,1976-12-31
"MEM0098",0.138636747028908,1976-01-01,1976-12-31
"MEM0125",0,1976-01-01,1976-12-31
"MEM0192",0,1976-01-01,1976-12-31
"MEM0083",0,1976-01-01,1976-12-31
"MEM0214",0,1976-01-01,1976-12-31
"MEM0140",0.00297193196864253,1976-01-01,1976-12-31
"MEM0179",0.00545552168718554,1976-01-01,1976-12-31
"MEM0114",0.00297193196864253,1976-01-01,1976-12-31
"MEM0436",0.0422710850204937,1976-01-01,1976-12-31
"MEM0390",0.00644589937652769,1976-01-01,1976-12-31
"MEM0369",0,1976-01-01,1976-12-31
"MEM0391",0.0512159077668886,1976-01-01,1976-12-31
"MEM0505",0.172752812802075,1976-01-01,1976-12-31
"MEM0320",0,1976-01-01,1976-12-31
"MEM0394",0.0609670832483424,1976-01-01,1976-12-31
"MEM0370",0,1976-01-01,1976-12-31
"MEM0473",0.0396482379477479,1976-01-01,1976-12-31
"MEM0371",0,1976-01-01,1976-12-31
"MEM0373",0,1976-01-01,1976-12-31
"MEM0510",0.0902075667626739,1976-01-01,1976-12-31
"MEM0239",0.0795573091267871,1976-01-01,1976-12-31
"MEM0378",0,1976-01-01,1976-12-31
"MEM0302",0.165371041507176,1976-01-01,1976-12-31
"MEM0244",0.0202778988351182,1976-01-01,1976-12-31
"MEM0492",0.00801011882357096,1976-01-01,1976-12-31
"MEM0494",0,1976-01-01,1976-12-31
"MEM0247",0.0127442419491145,1976-01-01,1976-12-31
"MEM0338",0,1976-01-01,1976-12-31
"MEM0424",0,1976-01-01,1976-12-31
"MEM0271",0.0902075667626739,1976-01-01,1976-12-31
"MEM0407",0.130335001597692,1976-01-01,1976-12-31
"MEM0408",0,1976-01-01,1976-12-31
"MEM0496",0.0214714642969053,1976-01-01,1976-12-31
"MEM0481",0.00600556940187307,1976-01-01,1976-12-31
"MEM0281",0.000432457043384514,1976-01-01,1976-12-31
"MEM0250",0,1976-01-01,1976-12-31
"MEM0482",0.102515794573665,1976-01-01,1976-12-31
"MEM0364",0.0250222390410699,1976-01-01,1976-12-31
"MEM0286",0,1976-01-01,1976-12-31
"MEM0251",0.174773320508667,1976-01-01,1976-12-31
"MEM0410",0,1976-01-01,1976-12-31
"MEM0542",0.0144369091110792,1976-01-01,1976-12-31
"MEM0449",0,1976-01-01,1976-12-31
"MEM0519",0.0360580909501226,1976-01-01,1976-12-31
"MEM0520",0,1976-01-01,1976-12-31
"MEM0463",0,1976-01-01,1976-12-31
"MEM0503",0.0902075667626739,1976-01-01,1976-12-31
"MEM0318",0,1976-01-01,1976-12-31
"MEM0486",0,1976-01-01,1976-12-31
"MEM0467",0.0422710850204937,1976-01-01,1976-12-31
"MEM0367",0.0144369091110792,1976-01-01,1976-12-31
"MEM0278",0.0902018506195241,1976-01-01,1976-12-31
"MEM0570",0,1976-01-01,1976-12-31
"MEM0353",0.0023642867358477,1976-01-01,1976-12-31
"MEM0297",0.0902075667626739,1976-01-01,1976-12-31
"MEM0544",0.0540022545931357,1976-01-01,1976-12-31
"MEM0506",0,1976-01-01,1976-12-31
"MEM0472",0,1976-01-01,1976-12-31
"MEM0451",0.0193229294545436,1976-01-01,1976-12-31
"MEM0438",0,1976-01-01,1976-12-31
"MEM0236",0.0134937048754229,1976-01-01,1976-12-31
"MEM0509",0.0902075667626739,1976-01-01,1976-12-31
"MEM0399",0,1976-01-01,1976-12-31
"MEM0441",0,1976-01-01,1976-12-31
"MEM0372",0,1976-01-01,1976-12-31
"MEM0358",0.0041251487328652,1976-01-01,1976-12-31
"MEM0419",0.000827350260175805,1976-01-01,1976-12-31
"MEM0346",0.0138700768413605,1976-01-01,1976-12-31
"MEM0304",0,1976-01-01,1976-12-31
"MEM0351",3.86497051651847,1976-01-01,1976-12-31
"MEM0243",0,1976-01-01,1976-12-31
"MEM0490",0.000131353455572206,1976-01-01,1976-12-31
"MEM0479",0.0661680431952656,1976-01-01,1976-12-31
"MEM0360",0,1976-01-01,1976-12-31
"MEM0361",0,1976-01-01,1976-12-31
"MEM0454",0,1976-01-01,1976-12-31
"MEM0534",1.17380948531971,1976-01-01,1976-12-31
"MEM0305",0.0522792123870009,1976-01-01,1976-12-31
"MEM0422",0.00776869071499589,1976-01-01,1976-12-31
"MEM0555",0.0604206926998728,1976-01-01,1976-12-31
"MEM0269",0,1976-01-01,1976-12-31
"MEM0306",0.000642767692234748,1976-01-01,1976-12-31
"MEM0363",0,1976-01-01,1976-12-31
"MEM0279",0,1976-01-01,1976-12-31
"MEM0246",0.00783200233233061,1976-01-01,1976-12-31
"MEM0444",0.0480065780379503,1976-01-01,1976-12-31
"MEM0272",0,1976-01-01,1976-12-31
"MEM0309",0.0987959967658446,1976-01-01,1976-12-31
"MEM0311",0.124221673188548,1976-01-01,1976-12-31
"MEM0347",0,1976-01-01,1976-12-31
"MEM0499",0.000686489879967703,1976-01-01,1976-12-31
"MEM0445",0,1976-01-01,1976-12-31
"MEM0383",0,1976-01-01,1976-12-31
"MEM0384",0,1976-01-01,1976-12-31
"MEM0386",0,1976-01-01,1976-12-31
"MEM0518",0,1976-01-01,1976-12-31
"MEM0342",0.0119990981789628,1976-01-01,1976-12-31
"MEM0315",0.022407015981768,1976-01-01,1976-12-31
"MEM0316",0.0145989874432002,1976-01-01,1976-12-31
"MEM0484",0.00783200233233061,1976-01-01,1976-12-31
"MEM0462",0.180480086912751,1976-01-01,1976-12-31
"MEM0529",0,1976-01-01,1976-12-31
"MEM0333",0,1976-01-01,1976-12-31
"MEM0256",0.165648007414244,1976-01-01,1976-12-31
"MEM0392",0.158429003620491,1976-01-01,1976-12-31
"MEM0508",0,1976-01-01,1976-12-31
"MEM0396",0,1976-01-01,1976-12-31
"MEM0540",0,1976-01-01,1976-12-31
"MEM0475",0,1976-01-01,1976-12-31
"MEM0476",0,1976-01-01,1976-12-31
"MEM0300",0,1976-01-01,1976-12-31
"MEM0477",0,1976-01-01,1976-12-31
"MEM0238",0,1976-01-01,1976-12-31
"MEM0547",0.0540022545931357,1976-01-01,1976-12-31
"MEM0548",0.00123114792098107,1976-01-01,1976-12-31
"MEM0303",0.0501216754709724,1976-01-01,1976-12-31
"MEM0336",0,1976-01-01,1976-12-31
"MEM0401",0,1976-01-01,1976-12-31
"MEM0404",0.212440411524842,1976-01-01,1976-12-31
"MEM0405",0.151424115833202,1976-01-01,1976-12-31
"MEM0248",0.00114920268056789,1976-01-01,1976-12-31
"MEM0380",0,1976-01-01,1976-12-31
"MEM0523",0.114866202499363,1976-01-01,1976-12-31
"MEM0381",0,1976-01-01,1976-12-31
"MEM0310",0,1976-01-01,1976-12-31
"MEM0348",0.0578122364965811,1976-01-01,1976-12-31
"MEM0273",0,1976-01-01,1976-12-31
"MEM0349",0,1976-01-01,1976-12-31
"MEM0314",0.153589459918592,1976-01-01,1976-12-31
"MEM0275",0,1976-01-01,1976-12-31
"MEM0446",0.0578122364965811,1976-01-01,1976-12-31
"MEM0253",0.032745564431913,1976-01-01,1976-12-31
"MEM0254",0,1976-01-01,1976-12-31
"MEM0448",0,1976-01-01,1976-12-31
"MEM0535",0,1976-01-01,1976-12-31
"MEM0528",0,1976-01-01,1976-12-31
"MEM0331",0.0902075667626739,1976-01-01,1976-12-31
"MEM0483",0,1976-01-01,1976-12-31
"MEM0559",0.0540022545931357,1976-01-01,1976-12-31
"MEM0543",0.0540022545931357,1976-01-01,1976-12-31
"MEM0470",0.0902075667626739,1976-01-01,1976-12-31
"MEM0261",0,1976-01-01,1976-12-31
"MEM0235",0.146293527596054,1976-01-01,1976-12-31
"MEM0397",0.166452338718899,1976-01-01,1976-12-31
"MEM0334",0.0867353579039138,1976-01-01,1976-12-31
"MEM0322",0,1976-01-01,1976-12-31
"MEM0357",0,1976-01-01,1976-12-31
"MEM0478",0.0275037983189677,1976-01-01,1976-12-31
"MEM0359",0.0131374099846284,1976-01-01,1976-12-31
"MEM0240",0,1976-01-01,1976-12-31
"MEM0241",0.000241835284578413,1976-01-01,1976-12-31
"MEM0242",0,1976-01-01,1976-12-31
"MEM0403",0.0726217983715969,1976-01-01,1976-12-31
"MEM0327",0.027319472465501,1976-01-01,1976-12-31
"MEM0268",0.0337484065634933,1976-01-01,1976-12-31
"MEM0443",0,1976-01-01,1976-12-31
"MEM0406",7.5e-05,1976-01-01,1976-12-31
"MEM0307",0.209389381838336,1976-01-01,1976-12-31
"MEM0513",0.0324377347121205,1976-01-01,1976-12-31
"MEM0557",0.0623466460186052,1976-01-01,1976-12-31
"MEM0514",0.0707767130130315,1976-01-01,1976-12-31
"MEM0249",0,1976-01-01,1976-12-31
"MEM0312",0.143954990480131,1976-01-01,1976-12-31
"MEM0431",0.00288017509997814,1976-01-01,1976-12-31
"MEM0415",0,1976-01-01,1976-12-31
"MEM0485",0.0902075667626739,1976-01-01,1976-12-31
"MEM0434",0,1976-01-01,1976-12-31
"MEM0487",0.378904588574901,1976-01-01,1976-12-31
"MEM0571",0.0540022545931357,1976-01-01,1976-12-31
"MEM0545",0.0695576043833251,1976-01-01,1976-12-31
"MEM0450",0,1976-01-01,1976-12-31
"MEM0299",0,1976-01-01,1976-12-31
"MEM0291",0,1976-01-01,1976-12-31
"MEM0375",3.27674394319138,1976-01-01,1976-12-31
"MEM0301",0.273061987931046,1976-01-01,1976-12-31
"MEM0554",0,1976-01-01,1976-12-31
"MEM0362",0,1976-01-01,1976-12-31
"MEM0308",0,1976-01-01,1976-12-31
"MEM0501",0.0185283714692768,1976-01-01,1976-12-31
"MEM0416",0.151424115833202,1976-01-01,1976-12-31
"MEM0468",0.0678096119204261,1976-01-01,1976-12-31
"MEM0435",0.0897027224053154,1976-01-01,1976-12-31
"MEM0257",0.146821836479621,1976-01-01,1976-12-31
"MEM0469",0.13897714483533,1976-01-01,1976-12-31
"MEM0507",0.0902075667626739,1976-01-01,1976-12-31
"MEM0298",0,1976-01-01,1976-12-31
"MEM0541",0,1976-01-01,1976-12-31
"MEM0426",0.0422710850204937,1976-01-01,1976-12-31
"MEM0526",1.34355266910317,1976-01-01,1976-12-31
"MEM0517",0,1976-01-01,1976-12-31
"MEM0413",0,1976-01-01,1976-12-31
"MEM0537",0,1976-01-01,1976-12-31
"MEM0258",0.0020090968807794,1976-01-01,1976-12-31
"MEM0471",0.0902075667626739,1976-01-01,1976-12-31
"MEM0252",0.000714867687053375,1976-01-01,1976-12-31
"MEM0317",0.139433309398178,1976-01-01,1976-12-31
"MEM0417",0.124395081433706,1976-01-01,1976-12-31
"MEM0521",2.4065390626561,1976-01-01,1976-12-31
"MEM0546",0.0695576043833251,1976-01-01,1976-12-31
"MEM0313",0.0033460510775833,1976-01-01,1976-12-31
"MEM0549",0,1976-01-01,1976-12-31
"MEM0474",0.0562805788687569,1976-01-01,1976-12-31
"MEM0340",0,1976-01-01,1976-12-31
"MEM0504",0,1976-01-01,1976-12-31
"MEM0377",0,1976-01-01,1976-12-31
"MEM0567",0.0020090968807794,1976-01-01,1976-12-31
"MEM0031",0,1976-01-01,1976-12-31
"MEM0525",0.0299454916555826,1976-01-01,1976-12-31
"MEM0572",0.0540022545931357,1976-01-01,1976-12-31
"MEM0400",0,1976-01-01,1976-12-31
"MEM0228",0,1976-01-01,1976-12-31
"MEM0191",0,1976-01-01,1976-12-31
"MEM0219",0,1976-01-01,1976-12-31
"MEM0533",0.0393106748312007,1976-01-01,1976-12-31
"MEM0565",0.00407181358541245,1976-01-01,1976-12-31
"MEM0233",0,1976-01-01,1976-12-31
"MEM0207",0,1976-01-01,1976-12-31
"MEM0538",0,1976-01-01,1976-12-31
"MEM0561",0,1976-01-01,1976-12-31
"MEM0212",0,1976-01-01,1976-12-31
"MEM0568",0,1976-01-01,1976-12-31
"MEM0216",0,1976-01-01,1976-12-31
"MEM0562",7.5e-05,1976-01-01,1976-12-31
"MEM0209",0,1976-01-01,1976-12-31
"MEM0423",0,1976-01-01,1976-12-31
"MEM0368",0,1976-01-01,1976-12-31
"MEM0188",0,1976-01-01,1976-12-31
"MEM0167",0,1976-01-01,1976-12-31
"MEM0459",0,1976-01-01,1976-12-31
"MEM0260",0,1976-01-01,1976-12-31
"MEM0437",0,1976-01-01,1976-12-31
"MEM0553",0,1976-01-01,1976-12-31
"MEM0365",0,1976-01-01,1976-12-31
"MEM0323",7.28919346106392e-05,1976-01-01,1976-12-31
"MEM0515",0,1976-01-01,1976-12-31
"MEM0527",0,1976-01-01,1976-12-31
"MEM0531",0,1976-01-01,1976-12-31
"MEM0056",0,1977-01-01,1977-12-31
"MEM0094",0,1977-01-01,1977-12-31
"MEM0189",0,1977-01-01,1977-12-31
"MEM0004",0.0695013663870716,1977-01-01,1977-12-31
"MEM0006",0.303115805807405,1977-01-01,1977-12-31
"MEM0008",0.00907575577498015,1977-01-01,1977-12-31
"MEM0009",0,1977-01-01,1977-12-31
"MEM0012",0.114316938371628,1977-01-01,1977-12-31
"MEM0016",0,1977-01-01,1977-12-31
"MEM0026",0,1977-01-01,1977-12-31
"MEM0027",0,1977-01-01,1977-12-31
"MEM0035",0,1977-01-01,1977-12-31
"MEM0036",0,1977-01-01,1977-12-31
"MEM0046",0,1977-01-01,1977-12-31
"MEM0052",0,1977-01-01,1977-12-31
"MEM0054",0,1977-01-01,1977-12-31
"MEM0062",0,1977-01-01,1977-12-31
"MEM0070",0.000534988355743932,1977-01-01,1977-12-31
"MEM0077",0,1977-01-01,1977-12-31
"MEM0103",0,1977-01-01,1977-12-31
"MEM0109",0,1977-01-01,1977-12-31
"MEM0115",0.100357946990065,1977-01-01,1977-12-31
"MEM0128",0,1977-01-01,1977-12-31
"MEM0147",0.0099027570128177,1977-01-01,1977-12-31
"MEM0169",0.0922389914170786,1977-01-01,1977-12-31
"MEM0181",0.000190767942763077,1977-01-01,1977-12-31
"MEM0222",0.00283236566413179,1977-01-01,1977-12-31
"MEM0232",0,1977-01-01,1977-12-31
"MEM0080",0,1977-01-01,1977-12-31
"MEM0136",0.057815726365555,1977-01-01,1977-12-31
"MEM0015",0.000190767942763077,1977-01-01,1977-12-31
"MEM0029",0,1977-01-01,1977-12-31
"MEM0039",0,1977-01-01,1977-12-31
"MEM0048",0.383722764644445,1977-01-01,1977-12-31
"MEM0049",0,1977-01-01,1977-12-31
"MEM0051",0,1977-01-01,1977-12-31
"MEM0053",0.000180731530594366,1977-01-01,1977-12-31
"MEM0055",0.0144317058406152,1977-01-01,1977-12-31
"MEM0060",0,1977-01-01,1977-12-31
"MEM0064",0,1977-01-01,1977-12-31
"MEM0066",0,1977-01-01,1977-12-31
"MEM0069",0.317525705380433,1977-01-01,1977-12-31
"MEM0073",0.00386643320219676,1977-01-01,1977-12-31
"MEM0075",0.104325801689894,1977-01-01,1977-12-31
"MEM0082",3.04234590411448,1977-01-01,1977-12-31
"MEM0087",0.018456127858473,1977-01-01,1977-12-31
"MEM0092",0,1977-01-01,1977-12-31
"MEM0093",0,1977-01-01,1977-12-31
"MEM0102",0,1977-01-01,1977-12-31
"MEM0101",0,1977-01-01,1977-12-31
"MEM0107",0.013645055670827,1977-01-01,1977-12-31
"MEM0120",0,1977-01-01,1977-12-31
"MEM0118",0,1977-01-01,1977-12-31
"MEM0119",0.164127232974908,1977-01-01,1977-12-31
"MEM0127",0,1977-01-01,1977-12-31
"MEM0134",0.0547946358842993,1977-01-01,1977-12-31
"MEM0144",0,1977-01-01,1977-12-31
"MEM0162",0.000190767942763077,1977-01-01,1977-12-31
"MEM0168",0.237052474897849,1977-01-01,1977-12-31
"MEM0193",0.000242376712778544,1977-01-01,1977-12-31
"MEM0217",0.00220707935397022,1977-01-01,1977-12-31
"MEM0227",0,1977-01-01,1977-12-31
"MEM0071",0,1977-01-01,1977-12-31
"MEM0081",0.00807593466271842,1977-01-01,1977-12-31
"MEM0111",0.00581001871421112,1977-01-01,1977-12-31
"MEM0184",0,1977-01-01,1977-12-31
"MEM0211",0,1977-01-01,1977-12-31
"MEM0042",0,1977-01-01,1977-12-31
"MEM0043",0.00236532033238631,1977-01-01,1977-12-31
"MEM0065",0.0109248582695495,1977-01-01,1977-12-31
"MEM0076",0,1977-01-01,1977-12-31
"MEM0086",0.148550920738252,1977-01-01,1977-12-31
"MEM0113",0.0796275339270052,1977-01-01,1977-12-31
"MEM0130",0.065771166444264,1977-01-01,1977-12-31
"MEM0142",0.0289254118052306,1977-01-01,1977-12-31
"MEM0156",0.0058767044363357,1977-01-01,1977-12-31
"MEM0165",0.070582830119463,1977-01-01,1977-12-31
"MEM0174",0,1977-01-01,1977-12-31
"MEM0182",0,1977-01-01,1977-12-31
"MEM0195",0.00484154909900284,1977-01-01,1977-12-31
"MEM0202",0,1977-01-01,1977-12-31
"MEM0223",0.00562813654530823,1977-01-01,1977-12-31
"MEM0231",0.00120089467787812,1977-01-01,1977-12-31
"MEM0564",0,1977-01-01,1977-12-31
"MEM0175",0.00220707935397022,1977-01-01,1977-12-31
"MEM0045",0,1977-01-01,1977-12-31
"MEM0084",0,1977-01-01,1977-12-31
"MEM0089",0,1977-01-01,1977-12-31
"MEM0091",2.4490181995095,1977-01-01,1977-12-31
"MEM0110",0.0899042592989604,1977-01-01,1977-12-31
"MEM0116",0,1977-01-01,1977-12-31
"MEM0133",0,1977-01-01,1977-12-31
"MEM0158",0,1977-01-01,1977-12-31
"MEM0187",0.0346559179175882,1977-01-01,1977-12-31
"MEM0190",0.133699263189814,1977-01-01,1977-12-31
"MEM0210",0.0227542408452439,1977-01-01,1977-12-31
"MEM0220",0.00363055896396827,1977-01-01,1977-12-31
"MEM0228",0.00654714687897929,1977-01-01,1977-12-31
"MEM0038",0,1977-01-01,1977-12-31
"MEM0068",0,1977-01-01,1977-12-31
"MEM0199",0.0123278931373099,1977-01-01,1977-12-31
"MEM0022",0.158499660439761,1977-01-01,1977-12-31
"MEM0025",0.263292054802909,1977-01-01,1977-12-31
"MEM0104",0.00640102671239514,1977-01-01,1977-12-31
"MEM0121",0.000316616478114778,1977-01-01,1977-12-31
"MEM0141",0.00992336546777034,1977-01-01,1977-12-31
"MEM0143",0.00386643320219676,1977-01-01,1977-12-31
"MEM0149",0,1977-01-01,1977-12-31
"MEM0204",0,1977-01-01,1977-12-31
"MEM0047",0,1977-01-01,1977-12-31
"MEM0229",0.120787389789106,1977-01-01,1977-12-31
"MEM0019",0,1977-01-01,1977-12-31
"MEM0100",0.297418535706602,1977-01-01,1977-12-31
"MEM0112",0,1977-01-01,1977-12-31
"MEM0135",0.113703265859382,1977-01-01,1977-12-31
"MEM0138",0,1977-01-01,1977-12-31
"MEM0163",0.00907575577498015,1977-01-01,1977-12-31
"MEM0180",0.00380907238401048,1977-01-01,1977-12-31
"MEM0206",0.0346559179175882,1977-01-01,1977-12-31
"MEM0215",0.00220707935397022,1977-01-01,1977-12-31
"MEM0098",0.0899042592989604,1977-01-01,1977-12-31
"MEM0125",0,1977-01-01,1977-12-31
"MEM0192",0.0116814788424098,1977-01-01,1977-12-31
"MEM0024",0,1977-01-01,1977-12-31
"MEM0083",0,1977-01-01,1977-12-31
"MEM0214",0,1977-01-01,1977-12-31
"MEM0129",0.0101622535674948,1977-01-01,1977-12-31
"MEM0179",0,1977-01-01,1977-12-31
"MEM0140",0.000190767942763077,1977-01-01,1977-12-31
"MEM0114",0.0088390621105954,1977-01-01,1977-12-31
"MEM0436",0.0380101038222484,1977-01-01,1977-12-31
"MEM0390",0.0437341614854039,1977-01-01,1977-12-31
"MEM0369",0,1977-01-01,1977-12-31
"MEM0391",0.0196666062926796,1977-01-01,1977-12-31
"MEM0505",0.231183716995802,1977-01-01,1977-12-31
"MEM0320",0,1977-01-01,1977-12-31
"MEM0394",0.0690368149117006,1977-01-01,1977-12-31
"MEM0370",0,1977-01-01,1977-12-31
"MEM0473",0.150747360775833,1977-01-01,1977-12-31
"MEM0371",0,1977-01-01,1977-12-31
"MEM0373",0,1977-01-01,1977-12-31
"MEM0510",0,1977-01-01,1977-12-31
"MEM0239",0.161505921547352,1977-01-01,1977-12-31
"MEM0378",0,1977-01-01,1977-12-31
"MEM0302",0.355894237902319,1977-01-01,1977-12-31
"MEM0244",0.214162229811471,1977-01-01,1977-12-31
"MEM0492",0.0140466810263674,1977-01-01,1977-12-31
"MEM0494",0,1977-01-01,1977-12-31
"MEM0247",0.0144317058406152,1977-01-01,1977-12-31
"MEM0338",0,1977-01-01,1977-12-31
"MEM0424",0,1977-01-01,1977-12-31
"MEM0271",0.147746564489392,1977-01-01,1977-12-31
"MEM0407",0.098151541773493,1977-01-01,1977-12-31
"MEM0408",0,1977-01-01,1977-12-31
"MEM0496",0.258791952270684,1977-01-01,1977-12-31
"MEM0481",0.0214734167897147,1977-01-01,1977-12-31
"MEM0281",0.00144132175969694,1977-01-01,1977-12-31
"MEM0250",0,1977-01-01,1977-12-31
"MEM0482",0.130290091886712,1977-01-01,1977-12-31
"MEM0364",0.0743538106312066,1977-01-01,1977-12-31
"MEM0286",0,1977-01-01,1977-12-31
"MEM0251",0.523654599085766,1977-01-01,1977-12-31
"MEM0410",0,1977-01-01,1977-12-31
"MEM0542",0.0266532513499132,1977-01-01,1977-12-31
"MEM0449",0,1977-01-01,1977-12-31
"MEM0519",0.0617753946408905,1977-01-01,1977-12-31
"MEM0520",0,1977-01-01,1977-12-31
"MEM0463",0,1977-01-01,1977-12-31
"MEM0318",0,1977-01-01,1977-12-31
"MEM0486",0,1977-01-01,1977-12-31
"MEM0467",0.0380101038222484,1977-01-01,1977-12-31
"MEM0367",0.0266532513499132,1977-01-01,1977-12-31
"MEM0278",0.0442790696794378,1977-01-01,1977-12-31
"MEM0570",0,1977-01-01,1977-12-31
"MEM0353",0.000248341876224023,1977-01-01,1977-12-31
"MEM0297",0.100357946990065,1977-01-01,1977-12-31
"MEM0544",0.142452674346222,1977-01-01,1977-12-31
"MEM0506",0,1977-01-01,1977-12-31
"MEM0472",0,1977-01-01,1977-12-31
"MEM0451",0.040879241434935,1977-01-01,1977-12-31
"MEM0438",0,1977-01-01,1977-12-31
"MEM0236",0.0374539187768851,1977-01-01,1977-12-31
"MEM0509",0.100357946990065,1977-01-01,1977-12-31
"MEM0399",0,1977-01-01,1977-12-31
"MEM0441",0,1977-01-01,1977-12-31
"MEM0372",0,1977-01-01,1977-12-31
"MEM0358",0.00418263497246283,1977-01-01,1977-12-31
"MEM0304",0,1977-01-01,1977-12-31
"MEM0351",4.3910480270789,1977-01-01,1977-12-31
"MEM0243",0,1977-01-01,1977-12-31
"MEM0490",0.0200143746455554,1977-01-01,1977-12-31
"MEM0479",0.0805827944357637,1977-01-01,1977-12-31
"MEM0360",0.00289995157123775,1977-01-01,1977-12-31
"MEM0361",0,1977-01-01,1977-12-31
"MEM0454",0,1977-01-01,1977-12-31
"MEM0534",0.46028003249692,1977-01-01,1977-12-31
"MEM0305",0.159814136600977,1977-01-01,1977-12-31
"MEM0422",0.0840901593638144,1977-01-01,1977-12-31
"MEM0269",0,1977-01-01,1977-12-31
"MEM0306",0.000287041111125834,1977-01-01,1977-12-31
"MEM0363",0,1977-01-01,1977-12-31
"MEM0279",0,1977-01-01,1977-12-31
"MEM0246",0,1977-01-01,1977-12-31
"MEM0444",0.0407348430972,1977-01-01,1977-12-31
"MEM0272",0,1977-01-01,1977-12-31
"MEM0309",0.406705602648194,1977-01-01,1977-12-31
"MEM0311",0.528675944497464,1977-01-01,1977-12-31
"MEM0499",0.000185707918585649,1977-01-01,1977-12-31
"MEM0445",0,1977-01-01,1977-12-31
"MEM0383",0,1977-01-01,1977-12-31
"MEM0384",0,1977-01-01,1977-12-31
"MEM0386",0,1977-01-01,1977-12-31
"MEM0518",0,1977-01-01,1977-12-31
"MEM0315",0.0118714314159705,1977-01-01,1977-12-31
"MEM0316",0.08351669732564,1977-01-01,1977-12-31
"MEM0462",0.422625347082758,1977-01-01,1977-12-31
"MEM0529",0,1977-01-01,1977-12-31
"MEM0503",0.100357946990065,1977-01-01,1977-12-31
"MEM0434",0.100357946990065,1977-01-01,1977-12-31
"MEM0333",0,1977-01-01,1977-12-31
"MEM0256",0.0690368149117006,1977-01-01,1977-12-31
"MEM0508",0,1977-01-01,1977-12-31
"MEM0396",0,1977-01-01,1977-12-31
"MEM0540",0,1977-01-01,1977-12-31
"MEM0475",0,1977-01-01,1977-12-31
"MEM0476",0,1977-01-01,1977-12-31
"MEM0300",0,1977-01-01,1977-12-31
"MEM0477",0,1977-01-01,1977-12-31
"MEM0238",0,1977-01-01,1977-12-31
"MEM0548",0.00114052741629205,1977-01-01,1977-12-31
"MEM0419",0.00035876016862389,1977-01-01,1977-12-31
"MEM0303",0.0157765573961211,1977-01-01,1977-12-31
"MEM0346",0,1977-01-01,1977-12-31
"MEM0336",0,1977-01-01,1977-12-31
"MEM0401",0,1977-01-01,1977-12-31
"MEM0362",0,1977-01-01,1977-12-31
"MEM0404",1.10269679387135,1977-01-01,1977-12-31
"MEM0405",0.173089427224591,1977-01-01,1977-12-31
"MEM0248",0.0026010587090624,1977-01-01,1977-12-31
"MEM0380",0,1977-01-01,1977-12-31
"MEM0523",0.265435741385697,1977-01-01,1977-12-31
"MEM0381",0,1977-01-01,1977-12-31
"MEM0310",0,1977-01-01,1977-12-31
"MEM0348",0.085353199676691,1977-01-01,1977-12-31
"MEM0273",0,1977-01-01,1977-12-31
"MEM0349",0,1977-01-01,1977-12-31
"MEM0314",0.220085802761188,1977-01-01,1977-12-31
"MEM0275",0,1977-01-01,1977-12-31
"MEM0446",0.085353199676691,1977-01-01,1977-12-31
"MEM0253",0.0488777863267846,1977-01-01,1977-12-31
"MEM0254",0,1977-01-01,1977-12-31
"MEM0448",0,1977-01-01,1977-12-31
"MEM0535",0,1977-01-01,1977-12-31
"MEM0528",0,1977-01-01,1977-12-31
"MEM0331",0.100357946990065,1977-01-01,1977-12-31
"MEM0483",0,1977-01-01,1977-12-31
"MEM0559",0.142452674346222,1977-01-01,1977-12-31
"MEM0484",0,1977-01-01,1977-12-31
"MEM0543",0.142452674346222,1977-01-01,1977-12-31
"MEM0261",0,1977-01-01,1977-12-31
"MEM0235",0.185223312526919,1977-01-01,1977-12-31
"MEM0397",0.508976776474545,1977-01-01,1977-12-31
"MEM0334",0.282588209275538,1977-01-01,1977-12-31
"MEM0322",0,1977-01-01,1977-12-31
"MEM0357",0,1977-01-01,1977-12-31
"MEM0547",0.142452674346222,1977-01-01,1977-12-31
"MEM0478",0.150477207652061,1977-01-01,1977-12-31
"MEM0359",0.0421940634220207,1977-01-01,1977-12-31
"MEM0240",0,1977-01-01,1977-12-31
"MEM0241",0.000980429590314202,1977-01-01,1977-12-31
"MEM0242",0,1977-01-01,1977-12-31
"MEM0403",0.0262669187729903,1977-01-01,1977-12-31
"MEM0327",0.103927163383067,1977-01-01,1977-12-31
"MEM0268",0.121504470399765,1977-01-01,1977-12-31
"MEM0555",0.0200143746455554,1977-01-01,1977-12-31
"MEM0443",0,1977-01-01,1977-12-31
"MEM0406",0.000530029040246575,1977-01-01,1977-12-31
"MEM0307",0.184398904747954,1977-01-01,1977-12-31
"MEM0513",0.123850983527162,1977-01-01,1977-12-31
"MEM0557",0.156355608988411,1977-01-01,1977-12-31
"MEM0514",0.453390452136395,1977-01-01,1977-12-31
"MEM0249",0,1977-01-01,1977-12-31
"MEM0312",0.216881513742931,1977-01-01,1977-12-31
"MEM0431",0.00126596857934386,1977-01-01,1977-12-31
"MEM0415",0,1977-01-01,1977-12-31
"MEM0485",0.100357946990065,1977-01-01,1977-12-31
"MEM0487",0.59178238845059,1977-01-01,1977-12-31
"MEM0571",0.142452674346222,1977-01-01,1977-12-31
"MEM0470",0.100357946990065,1977-01-01,1977-12-31
"MEM0545",0.227346940280556,1977-01-01,1977-12-31
"MEM0450",0,1977-01-01,1977-12-31
"MEM0299",0,1977-01-01,1977-12-31
"MEM0291",0,1977-01-01,1977-12-31
"MEM0301",0.143143683916518,1977-01-01,1977-12-31
"MEM0554",0,1977-01-01,1977-12-31
"MEM0308",0,1977-01-01,1977-12-31
"MEM0501",0.100151204109311,1977-01-01,1977-12-31
"MEM0342",0.0153501515006396,1977-01-01,1977-12-31
"MEM0416",0.173089427224591,1977-01-01,1977-12-31
"MEM0468",0.0668115153794782,1977-01-01,1977-12-31
"MEM0257",0.287027870745399,1977-01-01,1977-12-31
"MEM0469",0.237052474897849,1977-01-01,1977-12-31
"MEM0392",0.0530804769033182,1977-01-01,1977-12-31
"MEM0507",0.100357946990065,1977-01-01,1977-12-31
"MEM0298",0,1977-01-01,1977-12-31
"MEM0541",0,1977-01-01,1977-12-31
"MEM0375",3.66565328351623,1977-01-01,1977-12-31
"MEM0426",0,1977-01-01,1977-12-31
"MEM0526",0.514654730912031,1977-01-01,1977-12-31
"MEM0517",0,1977-01-01,1977-12-31
"MEM0435",0.200120203160331,1977-01-01,1977-12-31
"MEM0537",0,1977-01-01,1977-12-31
"MEM0258",0,1977-01-01,1977-12-31
"MEM0471",0.100357946990065,1977-01-01,1977-12-31
"MEM0252",0.00509433237386876,1977-01-01,1977-12-31
"MEM0413",0,1977-01-01,1977-12-31
"MEM0317",0.116328000795945,1977-01-01,1977-12-31
"MEM0417",0.132002960427549,1977-01-01,1977-12-31
"MEM0521",0.794313584515516,1977-01-01,1977-12-31
"MEM0546",0.227346940280556,1977-01-01,1977-12-31
"MEM0313",0.00344932978691502,1977-01-01,1977-12-31
"MEM0549",0,1977-01-01,1977-12-31
"MEM0474",0.103913631951094,1977-01-01,1977-12-31
"MEM0340",0,1977-01-01,1977-12-31
"MEM0504",0,1977-01-01,1977-12-31
"MEM0377",0,1977-01-01,1977-12-31
"MEM0567",0,1977-01-01,1977-12-31
"MEM0031",0,1977-01-01,1977-12-31
"MEM0525",0.0115276591544027,1977-01-01,1977-12-31
"MEM0572",0.142452674346222,1977-01-01,1977-12-31
"MEM0400",0,1977-01-01,1977-12-31
"MEM0191",0,1977-01-01,1977-12-31
"MEM0219",0,1977-01-01,1977-12-31
"MEM0533",0.00710265718119429,1977-01-01,1977-12-31
"MEM0565",0.0294461590354344,1977-01-01,1977-12-31
"MEM0207",0,1977-01-01,1977-12-31
"MEM0538",0,1977-01-01,1977-12-31
"MEM0561",0,1977-01-01,1977-12-31
"MEM0212",0,1977-01-01,1977-12-31
"MEM0568",0,1977-01-01,1977-12-31
"MEM0216",0,1977-01-01,1977-12-31
"MEM0562",0.000530029040246575,1977-01-01,1977-12-31
"MEM0423",0,1977-01-01,1977-12-31
"MEM0560",0,1977-01-01,1977-12-31
"MEM0230",0,1977-01-01,1977-12-31
"MEM0188",0,1977-01-01,1977-12-31
"MEM0167",0,1977-01-01,1977-12-31
"MEM0459",0,1977-01-01,1977-12-31
"MEM0260",0,1977-01-01,1977-12-31
"MEM0437",0,1977-01-01,1977-12-31
"MEM0553",0,1977-01-01,1977-12-31
"MEM0365",0,1977-01-01,1977-12-31
"MEM0491",0,1977-01-01,1977-12-31
"MEM0323",0.000226274233896185,1977-01-01,1977-12-31
"MEM0515",0,1977-01-01,1977-12-31
"MEM0527",0,1977-01-01,1977-12-31
"MEM0531",0,1977-01-01,1977-12-31
"MEM0056",0,1978-01-01,1978-12-31
"MEM0094",0,1978-01-01,1978-12-31
"MEM0189",0,1978-01-01,1978-12-31
"MEM0004",0.06785011428181,1978-01-01,1978-12-31
"MEM0005",0,1978-01-01,1978-12-31
"MEM0006",0.323598370458191,1978-01-01,1978-12-31
"MEM0008",0.00806972231391934,1978-01-01,1978-12-31
"MEM0009",0,1978-01-01,1978-12-31
"MEM0012",0.050477317119714,1978-01-01,1978-12-31
"MEM0016",0,1978-01-01,1978-12-31
"MEM0023",0,1978-01-01,1978-12-31
"MEM0026",0,1978-01-01,1978-12-31
"MEM0027",0,1978-01-01,1978-12-31
"MEM0035",0,1978-01-01,1978-12-31
"MEM0036",0,1978-01-01,1978-12-31
"MEM0044",0,1978-01-01,1978-12-31
"MEM0046",0,1978-01-01,1978-12-31
"MEM0052",0,1978-01-01,1978-12-31
"MEM0054",0,1978-01-01,1978-12-31
"MEM0062",0,1978-01-01,1978-12-31
"MEM0077",0,1978-01-01,1978-12-31
"MEM0084",0.020568830660598,1978-01-01,1978-12-31
"MEM0103",0,1978-01-01,1978-12-31
"MEM0109",0,1978-01-01,1978-12-31
"MEM0115",0.319110054240863,1978-01-01,1978-12-31
"MEM0128",1.20991994222577,1978-01-01,1978-12-31
"MEM0133",0,1978-01-01,1978-12-31
"MEM0147",0.00673008130712332,1978-01-01,1978-12-31
"MEM0169",0.0681966230527132,1978-01-01,1978-12-31
"MEM0222",0.00220800509552687,1978-01-01,1978-12-31
"MEM0232",0,1978-01-01,1978-12-31
"MEM0080",0,1978-01-01,1978-12-31
"MEM0136",0.186250106105991,1978-01-01,1978-12-31
"MEM0029",0,1978-01-01,1978-12-31
"MEM0039",0,1978-01-01,1978-12-31
"MEM0048",0.285076022226865,1978-01-01,1978-12-31
"MEM0049",0,1978-01-01,1978-12-31
"MEM0051",0,1978-01-01,1978-12-31
"MEM0053",0.00600821263949589,1978-01-01,1978-12-31
"MEM0055",0.0196002599351991,1978-01-01,1978-12-31
"MEM0060",0,1978-01-01,1978-12-31
"MEM0064",0,1978-01-01,1978-12-31
"MEM0066",0,1978-01-01,1978-12-31
"MEM0070",0,1978-01-01,1978-12-31
"MEM0073",0.00455275514356006,1978-01-01,1978-12-31
"MEM0075",0.15451552652568,1978-01-01,1978-12-31
"MEM0082",0.198906798821326,1978-01-01,1978-12-31
"MEM0087",0.0437141158002549,1978-01-01,1978-12-31
"MEM0088",0,1978-01-01,1978-12-31
"MEM0092",0,1978-01-01,1978-12-31
"MEM0093",0,1978-01-01,1978-12-31
"MEM0102",0,1978-01-01,1978-12-31
"MEM0101",0,1978-01-01,1978-12-31
"MEM0107",0.0259116368228581,1978-01-01,1978-12-31
"MEM0120",0.113082525477608,1978-01-01,1978-12-31
"MEM0118",0,1978-01-01,1978-12-31
"MEM0127",0,1978-01-01,1978-12-31
"MEM0134",0.0433199102753247,1978-01-01,1978-12-31
"MEM0144",0,1978-01-01,1978-12-31
"MEM0152",0,1978-01-01,1978-12-31
"MEM0154",0,1978-01-01,1978-12-31
"MEM0162",0,1978-01-01,1978-12-31
"MEM0168",0.184966095904407,1978-01-01,1978-12-31
"MEM0181",0.00417399811170614,1978-01-01,1978-12-31
"MEM0201",0.00450393245287551,1978-01-01,1978-12-31
"MEM0217",0.00271421838384318,1978-01-01,1978-12-31
"MEM0227",0,1978-01-01,1978-12-31
"MEM0071",0,1978-01-01,1978-12-31
"MEM0081",0.00513186665928024,1978-01-01,1978-12-31
"MEM0111",0.0119084612129887,1978-01-01,1978-12-31
"MEM0184",0.00329574158875559,1978-01-01,1978-12-31
"MEM0211",0,1978-01-01,1978-12-31
"MEM0015",0.0157209999174247,1978-01-01,1978-12-31
"MEM0028",0,1978-01-01,1978-12-31
"MEM0042",0,1978-01-01,1978-12-31
"MEM0065",0.00626431702903892,1978-01-01,1978-12-31
"MEM0069",0.0119556038069317,1978-01-01,1978-12-31
"MEM0076",0,1978-01-01,1978-12-31
"MEM0086",0.223162189937928,1978-01-01,1978-12-31
"MEM0113",0.0734624523957783,1978-01-01,1978-12-31
"MEM0130",0.0475133676245785,1978-01-01,1978-12-31
"MEM0132",0,1978-01-01,1978-12-31
"MEM0142",0.029272256666752,1978-01-01,1978-12-31
"MEM0156",0.00109644739034037,1978-01-01,1978-12-31
"MEM0165",0.0368587646287798,1978-01-01,1978-12-31
"MEM0174",0,1978-01-01,1978-12-31
"MEM0182",0,1978-01-01,1978-12-31
"MEM0183",0.000265055660606801,1978-01-01,1978-12-31
"MEM0193",0,1978-01-01,1978-12-31
"MEM0195",0.0036092465277275,1978-01-01,1978-12-31
"MEM0202",0,1978-01-01,1978-12-31
"MEM0223",0.0161431850729308,1978-01-01,1978-12-31
"MEM0231",0.00170273507203249,1978-01-01,1978-12-31
"MEM0564",0,1978-01-01,1978-12-31
"MEM0175",0.00271421838384318,1978-01-01,1978-12-31
"MEM0032",0,1978-01-01,1978-12-31
"MEM0067",0,1978-01-01,1978-12-31
"MEM0089",0,1978-01-01,1978-12-31
"MEM0091",2.41983988445148,1978-01-01,1978-12-31
"MEM0110",0.164182414469367,1978-01-01,1978-12-31
"MEM0116",0,1978-01-01,1978-12-31
"MEM0158",0,1978-01-01,1978-12-31
"MEM0187",0.0318399984796242,1978-01-01,1978-12-31
"MEM0190",0.0862851279837733,1978-01-01,1978-12-31
"MEM0210",0.0253097145456086,1978-01-01,1978-12-31
"MEM0220",0.0507172847933451,1978-01-01,1978-12-31
"MEM0228",0.0074051013556468,1978-01-01,1978-12-31
"MEM0038",0,1978-01-01,1978-12-31
"MEM0068",0,1978-01-01,1978-12-31
"MEM0199",0.0178346900428809,1978-01-01,1978-12-31
"MEM0022",0.276116875999677,1978-01-01,1978-12-31
"MEM0025",0.345600991624635,1978-01-01,1978-12-31
"MEM0043",0,1978-01-01,1978-12-31
"MEM0141",0.0468227562004495,1978-01-01,1978-12-31
"MEM0143",0.00455275514356006,1978-01-01,1978-12-31
"MEM0149",0,1978-01-01,1978-12-31
"MEM0204",0,1978-01-01,1978-12-31
"MEM0209",0.00125140317381387,1978-01-01,1978-12-31
"MEM0047",0,1978-01-01,1978-12-31
"MEM0229",0.111456120703597,1978-01-01,1978-12-31
"MEM0019",0,1978-01-01,1978-12-31
"MEM0100",0.206696934208197,1978-01-01,1978-12-31
"MEM0104",2.03053931124107e-05,1978-01-01,1978-12-31
"MEM0112",0,1978-01-01,1978-12-31
"MEM0119",0.0010445201803498,1978-01-01,1978-12-31
"MEM0135",0.103572113479432,1978-01-01,1978-12-31
"MEM0163",0.00806972231391934,1978-01-01,1978-12-31
"MEM0180",0.00698859359468838,1978-01-01,1978-12-31
"MEM0206",0.0489206503756885,1978-01-01,1978-12-31
"MEM0215",0.00271421838384318,1978-01-01,1978-12-31
"MEM0098",0,1978-01-01,1978-12-31
"MEM0125",0.00398087832664768,1978-01-01,1978-12-31
"MEM0192",0.00191396196064184,1978-01-01,1978-12-31
"MEM0024",0,1978-01-01,1978-12-31
"MEM0083",0,1978-01-01,1978-12-31
"MEM0121",0.00192063403438692,1978-01-01,1978-12-31
"MEM0214",0.00925381321538519,1978-01-01,1978-12-31
"MEM0129",0.018019105851072,1978-01-01,1978-12-31
"MEM0179",0.00398087832664768,1978-01-01,1978-12-31
"MEM0140",0,1978-01-01,1978-12-31
"MEM0114",0.0272166781326455,1978-01-01,1978-12-31
"MEM0436",0.0313000390855824,1978-01-01,1978-12-31
"MEM0390",0.0276751882803144,1978-01-01,1978-12-31
"MEM0369",0,1978-01-01,1978-12-31
"MEM0391",0.015504236493811,1978-01-01,1978-12-31
"MEM0505",0.15632409999238,1978-01-01,1978-12-31
"MEM0320",0,1978-01-01,1978-12-31
"MEM0394",0.0532066533299825,1978-01-01,1978-12-31
"MEM0370",0,1978-01-01,1978-12-31
"MEM0473",0.103605535931799,1978-01-01,1978-12-31
"MEM0371",0,1978-01-01,1978-12-31
"MEM0373",0,1978-01-01,1978-12-31
"MEM0510",0,1978-01-01,1978-12-31
"MEM0239",0.145922621510759,1978-01-01,1978-12-31
"MEM0378",0,1978-01-01,1978-12-31
"MEM0302",0.271562474895658,1978-01-01,1978-12-31
"MEM0244",0.13388202280153,1978-01-01,1978-12-31
"MEM0492",0.000237495336640742,1978-01-01,1978-12-31
"MEM0247",0.0196002599351991,1978-01-01,1978-12-31
"MEM0338",0,1978-01-01,1978-12-31
"MEM0424",0,1978-01-01,1978-12-31
"MEM0271",0.119052718277072,1978-01-01,1978-12-31
"MEM0407",0.0717531767296539,1978-01-01,1978-12-31
"MEM0408",0.0178061943050708,1978-01-01,1978-12-31
"MEM0496",0.202244034920661,1978-01-01,1978-12-31
"MEM0481",0.0224025258719549,1978-01-01,1978-12-31
"MEM0281",0.00103986910113555,1978-01-01,1978-12-31
"MEM0250",0,1978-01-01,1978-12-31
"MEM0482",0.107904830228445,1978-01-01,1978-12-31
"MEM0364",0.0623044521792317,1978-01-01,1978-12-31
"MEM0286",0,1978-01-01,1978-12-31
"MEM0251",0.437336929262698,1978-01-01,1978-12-31
"MEM0410",0,1978-01-01,1978-12-31
"MEM0542",0.0216055011204512,1978-01-01,1978-12-31
"MEM0449",0,1978-01-01,1978-12-31
"MEM0519",0.0639747969062675,1978-01-01,1978-12-31
"MEM0520",0,1978-01-01,1978-12-31
"MEM0463",0,1978-01-01,1978-12-31
"MEM0318",0,1978-01-01,1978-12-31
"MEM0486",0,1978-01-01,1978-12-31
"MEM0467",0.0313000390855824,1978-01-01,1978-12-31
"MEM0367",0.0216055011204512,1978-01-01,1978-12-31
"MEM0278",0.0379097601512218,1978-01-01,1978-12-31
"MEM0570",0,1978-01-01,1978-12-31
"MEM0353",0.000231541560126255,1978-01-01,1978-12-31
"MEM0297",0.0822230672088188,1978-01-01,1978-12-31
"MEM0544",0.0962926225012295,1978-01-01,1978-12-31
"MEM0506",0,1978-01-01,1978-12-31
"MEM0472",0,1978-01-01,1978-12-31
"MEM0451",0.0184885883022576,1978-01-01,1978-12-31
"MEM0438",0,1978-01-01,1978-12-31
"MEM0236",0.0187394953700422,1978-01-01,1978-12-31
"MEM0509",0.0822230672088188,1978-01-01,1978-12-31
"MEM0399",0,1978-01-01,1978-12-31
"MEM0441",0,1978-01-01,1978-12-31
"MEM0372",0,1978-01-01,1978-12-31
"MEM0358",0.00270689413566439,1978-01-01,1978-12-31
"MEM0304",0,1978-01-01,1978-12-31
"MEM0351",3.735564285504,1978-01-01,1978-12-31
"MEM0243",0,1978-01-01,1978-12-31
"MEM0479",0.053987886330057,1978-01-01,1978-12-31
"MEM0360",0.00204846914112413,1978-01-01,1978-12-31
"MEM0361",0,1978-01-01,1978-12-31
"MEM0454",0,1978-01-01,1978-12-31
"MEM0534",0.350006926478681,1978-01-01,1978-12-31
"MEM0305",0.132203930554338,1978-01-01,1978-12-31
"MEM0422",0.0743812509104422,1978-01-01,1978-12-31
"MEM0269",0,1978-01-01,1978-12-31
"MEM0494",0,1978-01-01,1978-12-31
"MEM0306",0.000174742259907786,1978-01-01,1978-12-31
"MEM0363",0,1978-01-01,1978-12-31
"MEM0279",0,1978-01-01,1978-12-31
"MEM0444",0.0376009855005134,1978-01-01,1978-12-31
"MEM0272",0,1978-01-01,1978-12-31
"MEM0309",0.321475614619844,1978-01-01,1978-12-31
"MEM0311",0.379978559083969,1978-01-01,1978-12-31
"MEM0499",0.000467044648115244,1978-01-01,1978-12-31
"MEM0445",0,1978-01-01,1978-12-31
"MEM0383",0,1978-01-01,1978-12-31
"MEM0384",0,1978-01-01,1978-12-31
"MEM0386",0,1978-01-01,1978-12-31
"MEM0518",0,1978-01-01,1978-12-31
"MEM0315",0.00839376525415735,1978-01-01,1978-12-31
"MEM0316",0.0672168415430627,1978-01-01,1978-12-31
"MEM0462",0.380348836502582,1978-01-01,1978-12-31
"MEM0529",0,1978-01-01,1978-12-31
"MEM0503",0.0822230672088188,1978-01-01,1978-12-31
"MEM0434",0.0822230672088188,1978-01-01,1978-12-31
"MEM0333",0,1978-01-01,1978-12-31
"MEM0256",0.0532066533299825,1978-01-01,1978-12-31
"MEM0508",0,1978-01-01,1978-12-31
"MEM0396",0,1978-01-01,1978-12-31
"MEM0540",0,1978-01-01,1978-12-31
"MEM0475",0,1978-01-01,1978-12-31
"MEM0476",0,1978-01-01,1978-12-31
"MEM0300",0,1978-01-01,1978-12-31
"MEM0477",0,1978-01-01,1978-12-31
"MEM0238",0,1978-01-01,1978-12-31
"MEM0548",0.0292072202463566,1978-01-01,1978-12-31
"MEM0419",0.00198502079607689,1978-01-01,1978-12-31
"MEM0303",0.0105354956692938,1978-01-01,1978-12-31
"MEM0346",0,1978-01-01,1978-12-31
"MEM0336",0,1978-01-01,1978-12-31
"MEM0401",0,1978-01-01,1978-12-31
"MEM0362",0,1978-01-01,1978-12-31
"MEM0404",1.04167153907823,1978-01-01,1978-12-31
"MEM0405",0.146459485963764,1978-01-01,1978-12-31
"MEM0248",0.00249047765687408,1978-01-01,1978-12-31
"MEM0380",0,1978-01-01,1978-12-31
"MEM0381",0,1978-01-01,1978-12-31
"MEM0310",0,1978-01-01,1978-12-31
"MEM0348",0.0557256141111331,1978-01-01,1978-12-31
"MEM0428",0,1978-01-01,1978-12-31
"MEM0349",0,1978-01-01,1978-12-31
"MEM0314",0.332542678895141,1978-01-01,1978-12-31
"MEM0275",0,1978-01-01,1978-12-31
"MEM0446",0.0557256141111331,1978-01-01,1978-12-31
"MEM0253",0.0593859570563511,1978-01-01,1978-12-31
"MEM0254",0,1978-01-01,1978-12-31
"MEM0448",0,1978-01-01,1978-12-31
"MEM0535",0,1978-01-01,1978-12-31
"MEM0528",0,1978-01-01,1978-12-31
"MEM0331",0.0822230672088188,1978-01-01,1978-12-31
"MEM0483",0.00966669284834094,1978-01-01,1978-12-31
"MEM0559",0.0962926225012295,1978-01-01,1978-12-31
"MEM0484",0,1978-01-01,1978-12-31
"MEM0543",0.0962926225012295,1978-01-01,1978-12-31
"MEM0261",0,1978-01-01,1978-12-31
"MEM0235",0.150520501595067,1978-01-01,1978-12-31
"MEM0397",0.359669074568372,1978-01-01,1978-12-31
"MEM0334",0.210243452795895,1978-01-01,1978-12-31
"MEM0322",0,1978-01-01,1978-12-31
"MEM0357",0,1978-01-01,1978-12-31
"MEM0478",0.119857583982244,1978-01-01,1978-12-31
"MEM0359",0.0315153328920605,1978-01-01,1978-12-31
"MEM0240",0,1978-01-01,1978-12-31
"MEM0241",0.000124659309880156,1978-01-01,1978-12-31
"MEM0242",0,1978-01-01,1978-12-31
"MEM0403",0.019770714814895,1978-01-01,1978-12-31
"MEM0327",0.0794765863314098,1978-01-01,1978-12-31
"MEM0490",0.0301787368099951,1978-01-01,1978-12-31
"MEM0268",0.0859094855842062,1978-01-01,1978-12-31
"MEM0555",0.0301787368099951,1978-01-01,1978-12-31
"MEM0443",0,1978-01-01,1978-12-31
"MEM0406",0.00050599586072559,1978-01-01,1978-12-31
"MEM0246",0,1978-01-01,1978-12-31
"MEM0307",0.229102737779669,1978-01-01,1978-12-31
"MEM0513",0.0967569986978701,1978-01-01,1978-12-31
"MEM0273",0,1978-01-01,1978-12-31
"MEM0557",0.108558956358212,1978-01-01,1978-12-31
"MEM0514",0.404869950844988,1978-01-01,1978-12-31
"MEM0249",0,1978-01-01,1978-12-31
"MEM0312",0.162253682682781,1978-01-01,1978-12-31
"MEM0431",0.000777313743002468,1978-01-01,1978-12-31
"MEM0415",0,1978-01-01,1978-12-31
"MEM0571",0.0962926225012295,1978-01-01,1978-12-31
"MEM0470",0.0822230672088188,1978-01-01,1978-12-31
"MEM0545",0.191156373164103,1978-01-01,1978-12-31
"MEM0299",0,1978-01-01,1978-12-31
"MEM0547",0.0962926225012295,1978-01-01,1978-12-31
"MEM0291",0,1978-01-01,1978-12-31
"MEM0301",0.12336483915637,1978-01-01,1978-12-31
"MEM0554",0,1978-01-01,1978-12-31
"MEM0308",0,1978-01-01,1978-12-31
"MEM0523",0.0776342210663439,1978-01-01,1978-12-31
"MEM0515",0,1978-01-01,1978-12-31
"MEM0501",0.0796608920670269,1978-01-01,1978-12-31
"MEM0342",0.0130338994510727,1978-01-01,1978-12-31
"MEM0485",0.0822230672088188,1978-01-01,1978-12-31
"MEM0416",0.146459485963764,1978-01-01,1978-12-31
"MEM0468",0.0590556809082483,1978-01-01,1978-12-31
"MEM0257",0.249903167393246,1978-01-01,1978-12-31
"MEM0469",0.184966095904407,1978-01-01,1978-12-31
"MEM0392",0.0539929114700598,1978-01-01,1978-12-31
"MEM0507",0,1978-01-01,1978-12-31
"MEM0450",0,1978-01-01,1978-12-31
"MEM0298",0,1978-01-01,1978-12-31
"MEM0375",3.62169531054823,1978-01-01,1978-12-31
"MEM0423",0.000243615591397849,1978-01-01,1978-12-31
"MEM0426",0.0333180168810616,1978-01-01,1978-12-31
"MEM0526",0.37347366336867,1978-01-01,1978-12-31
"MEM0517",0,1978-01-01,1978-12-31
"MEM0560",0,1978-01-01,1978-12-31
"MEM0435",0.139701490043936,1978-01-01,1978-12-31
"MEM0537",0,1978-01-01,1978-12-31
"MEM0487",0.3191689723502,1978-01-01,1978-12-31
"MEM0258",0,1978-01-01,1978-12-31
"MEM0471",0.0822230672088188,1978-01-01,1978-12-31
"MEM0541",0,1978-01-01,1978-12-31
"MEM0252",0.00934759438156131,1978-01-01,1978-12-31
"MEM0413",0,1978-01-01,1978-12-31
"MEM0317",0.0975691464087141,1978-01-01,1978-12-31
"MEM0417",0.184702180562028,1978-01-01,1978-12-31
"MEM0521",0.683502591529042,1978-01-01,1978-12-31
"MEM0546",0.233063490662227,1978-01-01,1978-12-31
"MEM0313",0.00320323594582654,1978-01-01,1978-12-31
"MEM0549",0,1978-01-01,1978-12-31
"MEM0474",0.0853928784300824,1978-01-01,1978-12-31
"MEM0340",0,1978-01-01,1978-12-31
"MEM0504",0,1978-01-01,1978-12-31
"MEM0377",0,1978-01-01,1978-12-31
"MEM0567",0,1978-01-01,1978-12-31
"MEM0031",0,1978-01-01,1978-12-31
"MEM0572",0.0962926225012295,1978-01-01,1978-12-31
"MEM0525",0.00722901117152336,1978-01-01,1978-12-31
"MEM0400",0,1978-01-01,1978-12-31
"MEM0191",0,1978-01-01,1978-12-31
"MEM0219",0,1978-01-01,1978-12-31
"MEM0533",0.00490795385722448,1978-01-01,1978-12-31
"MEM0194",0,1978-01-01,1978-12-31
"MEM0565",0.0282476162495509,1978-01-01,1978-12-31
"MEM0207",0,1978-01-01,1978-12-31
"MEM0538",0,1978-01-01,1978-12-31
"MEM0561",0,1978-01-01,1978-12-31
"MEM0212",0,1978-01-01,1978-12-31
"MEM0085",0,1978-01-01,1978-12-31
"MEM0568",0.000778437264923751,1978-01-01,1978-12-31
"MEM0216",0,1978-01-01,1978-12-31
"MEM0562",0.00050599586072559,1978-01-01,1978-12-31
"MEM0230",0,1978-01-01,1978-12-31
"MEM0188",0,1978-01-01,1978-12-31
"MEM0167",0,1978-01-01,1978-12-31
"MEM0459",0,1978-01-01,1978-12-31
"MEM0260",0,1978-01-01,1978-12-31
"MEM0437",0,1978-01-01,1978-12-31
"MEM0553",0,1978-01-01,1978-12-31
"MEM0365",0,1978-01-01,1978-12-31
"MEM0491",0,1978-01-01,1978-12-31
"MEM0323",0.000212050270673654,1978-01-01,1978-12-31
"MEM0522",0,1978-01-01,1978-12-31
"MEM0527",0,1978-01-01,1978-12-31
"MEM0531",0,1978-01-01,1978-12-31
"MEM0056",0,1979-01-01,1979-12-31
"MEM0094",0,1979-01-01,1979-12-31
"MEM0004",0.0583377280160865,1979-01-01,1979-12-31
"MEM0005",0,1979-01-01,1979-12-31
"MEM0006",0.243446421035787,1979-01-01,1979-12-31
"MEM0008",0.00330124525593861,1979-01-01,1979-12-31
"MEM0009",0,1979-01-01,1979-12-31
"MEM0012",0.0377228314909903,1979-01-01,1979-12-31
"MEM0016",0,1979-01-01,1979-12-31
"MEM0023",0,1979-01-01,1979-12-31
"MEM0026",0,1979-01-01,1979-12-31
"MEM0027",0,1979-01-01,1979-12-31
"MEM0035",0,1979-01-01,1979-12-31
"MEM0036",0,1979-01-01,1979-12-31
"MEM0044",0,1979-01-01,1979-12-31
"MEM0046",0,1979-01-01,1979-12-31
"MEM0052",0,1979-01-01,1979-12-31
"MEM0054",0,1979-01-01,1979-12-31
"MEM0062",0,1979-01-01,1979-12-31
"MEM0077",0,1979-01-01,1979-12-31
"MEM0084",0.0162204157878759,1979-01-01,1979-12-31
"MEM0103",0,1979-01-01,1979-12-31
"MEM0109",0,1979-01-01,1979-12-31
"MEM0115",0.286818419686216,1979-01-01,1979-12-31
"MEM0133",0,1979-01-01,1979-12-31
"MEM0147",0.011374176928815,1979-01-01,1979-12-31
"MEM0161",0,1979-01-01,1979-12-31
"MEM0169",0.065741431002643,1979-01-01,1979-12-31
"MEM0222",0.00261166921543003,1979-01-01,1979-12-31
"MEM0232",0,1979-01-01,1979-12-31
"MEM0061",0,1979-01-01,1979-12-31
"MEM0080",0,1979-01-01,1979-12-31
"MEM0136",0.156982441911804,1979-01-01,1979-12-31
"MEM0029",0,1979-01-01,1979-12-31
"MEM0039",0,1979-01-01,1979-12-31
"MEM0048",0.21141273598114,1979-01-01,1979-12-31
"MEM0049",0,1979-01-01,1979-12-31
"MEM0051",0.00213892748086976,1979-01-01,1979-12-31
"MEM0053",0.00375308852010503,1979-01-01,1979-12-31
"MEM0055",0.0160959991512826,1979-01-01,1979-12-31
"MEM0060",0,1979-01-01,1979-12-31
"MEM0064",0,1979-01-01,1979-12-31
"MEM0066",0,1979-01-01,1979-12-31
"MEM0070",0,1979-01-01,1979-12-31
"MEM0073",0.00469959067553458,1979-01-01,1979-12-31
"MEM0075",0.135864893181735,1979-01-01,1979-12-31
"MEM0082",0.169921976072641,1979-01-01,1979-12-31
"MEM0087",0.0436371368473618,1979-01-01,1979-12-31
"MEM0088",0,1979-01-01,1979-12-31
"MEM0092",0,1979-01-01,1979-12-31
"MEM0093",0,1979-01-01,1979-12-31
"MEM0102",0,1979-01-01,1979-12-31
"MEM0101",0,1979-01-01,1979-12-31
"MEM0107",0.0213439821229693,1979-01-01,1979-12-31
"MEM0120",0.0888518325169273,1979-01-01,1979-12-31
"MEM0118",0,1979-01-01,1979-12-31
"MEM0127",0,1979-01-01,1979-12-31
"MEM0128",0,1979-01-01,1979-12-31
"MEM0134",0.0309148232334006,1979-01-01,1979-12-31
"MEM0152",0,1979-01-01,1979-12-31
"MEM0154",0.00198833875780033,1979-01-01,1979-12-31
"MEM0162",0,1979-01-01,1979-12-31
"MEM0168",0.116466327575375,1979-01-01,1979-12-31
"MEM0181",0.00331123403200674,1979-01-01,1979-12-31
"MEM0201",0.00285528854684898,1979-01-01,1979-12-31
"MEM0217",0.00247358884626057,1979-01-01,1979-12-31
"MEM0227",0,1979-01-01,1979-12-31
"MEM0071",0,1979-01-01,1979-12-31
"MEM0081",0.00468128052556414,1979-01-01,1979-12-31
"MEM0111",0.0202783671614248,1979-01-01,1979-12-31
"MEM0184",0.00346153634213101,1979-01-01,1979-12-31
"MEM0211",0,1979-01-01,1979-12-31
"MEM0015",0.0153626612565747,1979-01-01,1979-12-31
"MEM0028",0,1979-01-01,1979-12-31
"MEM0042",0,1979-01-01,1979-12-31
"MEM0065",0.00104844539036232,1979-01-01,1979-12-31
"MEM0069",0.00888542897636618,1979-01-01,1979-12-31
"MEM0076",0,1979-01-01,1979-12-31
"MEM0086",0.181138507015512,1979-01-01,1979-12-31
"MEM0113",0.062721352451903,1979-01-01,1979-12-31
"MEM0130",0.0396348759126232,1979-01-01,1979-12-31
"MEM0132",0,1979-01-01,1979-12-31
"MEM0142",0.0280018701327516,1979-01-01,1979-12-31
"MEM0144",0,1979-01-01,1979-12-31
"MEM0156",0.000792609965483455,1979-01-01,1979-12-31
"MEM0165",0.0284766787739423,1979-01-01,1979-12-31
"MEM0174",0,1979-01-01,1979-12-31
"MEM0183",0.000167518298781137,1979-01-01,1979-12-31
"MEM0193",0,1979-01-01,1979-12-31
"MEM0195",0.00161732365325809,1979-01-01,1979-12-31
"MEM0202",0,1979-01-01,1979-12-31
"MEM0223",0.0125998226457674,1979-01-01,1979-12-31
"MEM0231",0.00460491009271137,1979-01-01,1979-12-31
"MEM0041",0,1979-01-01,1979-12-31
"MEM0564",0,1979-01-01,1979-12-31
"MEM0175",0.00247358884626057,1979-01-01,1979-12-31
"MEM0032",0,1979-01-01,1979-12-31
"MEM0067",0,1979-01-01,1979-12-31
"MEM0089",0,1979-01-01,1979-12-31
"MEM0091",1.80612062356248,1979-01-01,1979-12-31
"MEM0110",0.116187651773362,1979-01-01,1979-12-31
"MEM0116",0,1979-01-01,1979-12-31
"MEM0158",0,1979-01-01,1979-12-31
"MEM0182",0,1979-01-01,1979-12-31
"MEM0187",0.0277864711317308,1979-01-01,1979-12-31
"MEM0190",0.0753866581293456,1979-01-01,1979-12-31
"MEM0210",0.0217368143744431,1979-01-01,1979-12-31
"MEM0220",0.0429050844395643,1979-01-01,1979-12-31
"MEM0228",0.00556577171381129,1979-01-01,1979-12-31
"MEM0038",0.0357082768493775,1979-01-01,1979-12-31
"MEM0068",0,1979-01-01,1979-12-31
"MEM0022",0.2075949454206,1979-01-01,1979-12-31
"MEM0025",0.265072765209663,1979-01-01,1979-12-31
"MEM0043",0,1979-01-01,1979-12-31
"MEM0141",0.167761281303642,1979-01-01,1979-12-31
"MEM0143",0.00469959067553458,1979-01-01,1979-12-31
"MEM0149",0,1979-01-01,1979-12-31
"MEM0204",0,1979-01-01,1979-12-31
"MEM0209",0.00285528854684898,1979-01-01,1979-12-31
"MEM0047",0,1979-01-01,1979-12-31
"MEM0199",0,1979-01-01,1979-12-31
"MEM0229",0.109009547793262,1979-01-01,1979-12-31
"MEM0019",0,1979-01-01,1979-12-31
"MEM0083",0.00120223187665048,1979-01-01,1979-12-31
"MEM0100",0.262510695558562,1979-01-01,1979-12-31
"MEM0104",0,1979-01-01,1979-12-31
"MEM0112",0,1979-01-01,1979-12-31
"MEM0119",0.000222003202878999,1979-01-01,1979-12-31
"MEM0135",0.0494257166888965,1979-01-01,1979-12-31
"MEM0163",0.00330124525593861,1979-01-01,1979-12-31
"MEM0180",0.00609027321924867,1979-01-01,1979-12-31
"MEM0206",0.0440671625441987,1979-01-01,1979-12-31
"MEM0215",0.00247358884626057,1979-01-01,1979-12-31
"MEM0098",0,1979-01-01,1979-12-31
"MEM0125",0.00349628347201774,1979-01-01,1979-12-31
"MEM0192",0.00178993210710812,1979-01-01,1979-12-31
"MEM0024",0,1979-01-01,1979-12-31
"MEM0121",0.000847660649585684,1979-01-01,1979-12-31
"MEM0214",0.00685348810156687,1979-01-01,1979-12-31
"MEM0129",0.0141356215763003,1979-01-01,1979-12-31
"MEM0179",0.00349628347201774,1979-01-01,1979-12-31
"MEM0140",0,1979-01-01,1979-12-31
"MEM0114",0.0190639051413732,1979-01-01,1979-12-31
"MEM0293",1.76548012427949e-05,1979-01-01,1979-12-31
"MEM0390",0.0237841274327985,1979-01-01,1979-12-31
"MEM0369",0,1979-01-01,1979-12-31
"MEM0391",0.00711848285875399,1979-01-01,1979-12-31
"MEM0505",0.119762485872265,1979-01-01,1979-12-31
"MEM0320",0,1979-01-01,1979-12-31
"MEM0394",0.0472002552476422,1979-01-01,1979-12-31
"MEM0370",0,1979-01-01,1979-12-31
"MEM0473",0.0876706258389321,1979-01-01,1979-12-31
"MEM0371",0,1979-01-01,1979-12-31
"MEM0373",0,1979-01-01,1979-12-31
"MEM0510",0.111627410354553,1979-01-01,1979-12-31
"MEM0239",0.169380040488049,1979-01-01,1979-12-31
"MEM0378",0,1979-01-01,1979-12-31
"MEM0302",0.192283931733243,1979-01-01,1979-12-31
"MEM0492",0.000614787489799794,1979-01-01,1979-12-31
"MEM0247",0.0160959991512826,1979-01-01,1979-12-31
"MEM0338",0,1979-01-01,1979-12-31
"MEM0424",0,1979-01-01,1979-12-31
"MEM0407",0.065741431002643,1979-01-01,1979-12-31
"MEM0408",0.000965270793692995,1979-01-01,1979-12-31
"MEM0496",0.16200465929679,1979-01-01,1979-12-31
"MEM0481",0.00428088188169756,1979-01-01,1979-12-31
"MEM0281",0.00917983440636461,1979-01-01,1979-12-31
"MEM0250",0,1979-01-01,1979-12-31
"MEM0482",0.0793868448752767,1979-01-01,1979-12-31
"MEM0364",0.0885798643210452,1979-01-01,1979-12-31
"MEM0286",0.0074175448972638,1979-01-01,1979-12-31
"MEM0251",0.472397913048565,1979-01-01,1979-12-31
"MEM0410",0,1979-01-01,1979-12-31
"MEM0542",0.0316003998185028,1979-01-01,1979-12-31
"MEM0449",0,1979-01-01,1979-12-31
"MEM0519",0.00465531379086761,1979-01-01,1979-12-31
"MEM0520",0,1979-01-01,1979-12-31
"MEM0318",0,1979-01-01,1979-12-31
"MEM0486",0,1979-01-01,1979-12-31
"MEM0467",0.0222526346917909,1979-01-01,1979-12-31
"MEM0367",0.0316003998185028,1979-01-01,1979-12-31
"MEM0278",0.0427747825481827,1979-01-01,1979-12-31
"MEM0570",0,1979-01-01,1979-12-31
"MEM0233",0,1979-01-01,1979-12-31
"MEM0234",0,1979-01-01,1979-12-31
"MEM0353",0.0423319029540442,1979-01-01,1979-12-31
"MEM0297",0.0578095883396164,1979-01-01,1979-12-31
"MEM0544",0.0700793274443987,1979-01-01,1979-12-31
"MEM0472",0,1979-01-01,1979-12-31
"MEM0451",0.0178305483399552,1979-01-01,1979-12-31
"MEM0438",0,1979-01-01,1979-12-31
"MEM0236",0.0233692492857455,1979-01-01,1979-12-31
"MEM0509",0.0577919335383736,1979-01-01,1979-12-31
"MEM0399",0,1979-01-01,1979-12-31
"MEM0441",0,1979-01-01,1979-12-31
"MEM0372",0,1979-01-01,1979-12-31
"MEM0358",0.00290085091216022,1979-01-01,1979-12-31
"MEM0304",0,1979-01-01,1979-12-31
"MEM0351",0.163949446027895,1979-01-01,1979-12-31
"MEM0243",0,1979-01-01,1979-12-31
"MEM0479",0.0451588137898379,1979-01-01,1979-12-31
"MEM0360",0,1979-01-01,1979-12-31
"MEM0244",0.0389624934890242,1979-01-01,1979-12-31
"MEM0361",0,1979-01-01,1979-12-31
"MEM0454",0,1979-01-01,1979-12-31
"MEM0534",0.196444586780983,1979-01-01,1979-12-31
"MEM0305",0.103166789022544,1979-01-01,1979-12-31
"MEM0422",0.0532732647561234,1979-01-01,1979-12-31
"MEM0269",0,1979-01-01,1979-12-31
"MEM0494",0,1979-01-01,1979-12-31
"MEM0306",0.0256244819764394,1979-01-01,1979-12-31
"MEM0363",0,1979-01-01,1979-12-31
"MEM0279",0,1979-01-01,1979-12-31
"MEM0444",0.0225964906033936,1979-01-01,1979-12-31
"MEM0272",0,1979-01-01,1979-12-31
"MEM0309",0.197036416842426,1979-01-01,1979-12-31
"MEM0311",0.26527393745447,1979-01-01,1979-12-31
"MEM0428",0.0577919335383736,1979-01-01,1979-12-31
"MEM0499",0.000514777735858375,1979-01-01,1979-12-31
"MEM0445",0,1979-01-01,1979-12-31
"MEM0383",0,1979-01-01,1979-12-31
"MEM0384",0,1979-01-01,1979-12-31
"MEM0386",0,1979-01-01,1979-12-31
"MEM0518",0,1979-01-01,1979-12-31
"MEM0315",0.00442105062186558,1979-01-01,1979-12-31
"MEM0316",0.0484876862021275,1979-01-01,1979-12-31
"MEM0462",0.34635522829641,1979-01-01,1979-12-31
"MEM0529",0,1979-01-01,1979-12-31
"MEM0503",0.0577919335383736,1979-01-01,1979-12-31
"MEM0434",0.0577919335383736,1979-01-01,1979-12-31
"MEM0333",0,1979-01-01,1979-12-31
"MEM0256",0.0472002552476422,1979-01-01,1979-12-31
"MEM0489",0,1979-01-01,1979-12-31
"MEM0506",0,1979-01-01,1979-12-31
"MEM0508",0,1979-01-01,1979-12-31
"MEM0396",0,1979-01-01,1979-12-31
"MEM0540",0,1979-01-01,1979-12-31
"MEM0475",0,1979-01-01,1979-12-31
"MEM0476",0,1979-01-01,1979-12-31
"MEM0300",0,1979-01-01,1979-12-31
"MEM0477",0,1979-01-01,1979-12-31
"MEM0238",0,1979-01-01,1979-12-31
"MEM0548",0.0279417775902361,1979-01-01,1979-12-31
"MEM0419",0.0016078406906532,1979-01-01,1979-12-31
"MEM0303",0.00620871987044882,1979-01-01,1979-12-31
"MEM0346",0,1979-01-01,1979-12-31
"MEM0336",0,1979-01-01,1979-12-31
"MEM0401",0,1979-01-01,1979-12-31
"MEM0362",0,1979-01-01,1979-12-31
"MEM0404",0.716332375885897,1979-01-01,1979-12-31
"MEM0405",0.117593373284883,1979-01-01,1979-12-31
"MEM0248",0.00158458931906055,1979-01-01,1979-12-31
"MEM0380",0,1979-01-01,1979-12-31
"MEM0381",0,1979-01-01,1979-12-31
"MEM0349",0,1979-01-01,1979-12-31
"MEM0314",0.353358600565334,1979-01-01,1979-12-31
"MEM0275",0.0074175448972638,1979-01-01,1979-12-31
"MEM0446",0.033024915996011,1979-01-01,1979-12-31
"MEM0253",0.0426607156083094,1979-01-01,1979-12-31
"MEM0254",0.00493028517621051,1979-01-01,1979-12-31
"MEM0448",0,1979-01-01,1979-12-31
"MEM0535",0,1979-01-01,1979-12-31
"MEM0317",0.111180258167356,1979-01-01,1979-12-31
"MEM0528",0,1979-01-01,1979-12-31
"MEM0483",0.000827565563220421,1979-01-01,1979-12-31
"MEM0559",0.0700793274443987,1979-01-01,1979-12-31
"MEM0484",0,1979-01-01,1979-12-31
"MEM0436",0,1979-01-01,1979-12-31
"MEM0543",0.0700793274443987,1979-01-01,1979-12-31
"MEM0261",0,1979-01-01,1979-12-31
"MEM0235",0.125808583918024,1979-01-01,1979-12-31
"MEM0397",0.296345137508979,1979-01-01,1979-12-31
"MEM0334",0.119594987643889,1979-01-01,1979-12-31
"MEM0322",0,1979-01-01,1979-12-31
"MEM0357",0,1979-01-01,1979-12-31
"MEM0478",0.0697304323858028,1979-01-01,1979-12-31
"MEM0359",0.019548033725726,1979-01-01,1979-12-31
"MEM0240",0,1979-01-01,1979-12-31
"MEM0241",0.000185631845925637,1979-01-01,1979-12-31
"MEM0242",0,1979-01-01,1979-12-31
"MEM0403",0.012425903498716,1979-01-01,1979-12-31
"MEM0327",0.101700755581803,1979-01-01,1979-12-31
"MEM0490",0.0147189380180721,1979-01-01,1979-12-31
"MEM0268",0.0125147140018834,1979-01-01,1979-12-31
"MEM0555",0.0147189380180721,1979-01-01,1979-12-31
"MEM0443",0,1979-01-01,1979-12-31
"MEM0406",0.000612244897959184,1979-01-01,1979-12-31
"MEM0246",0,1979-01-01,1979-12-31
"MEM0271",0,1979-01-01,1979-12-31
"MEM0307",0.219088549490833,1979-01-01,1979-12-31
"MEM0513",0.123750157359337,1979-01-01,1979-12-31
"MEM0273",0,1979-01-01,1979-12-31
"MEM0557",0.0756972502589765,1979-01-01,1979-12-31
"MEM0514",0.289670521075442,1979-01-01,1979-12-31
"MEM0249",0,1979-01-01,1979-12-31
"MEM0312",0.0784484684552344,1979-01-01,1979-12-31
"MEM0431",0.00219046026038276,1979-01-01,1979-12-31
"MEM0415",0,1979-01-01,1979-12-31
"MEM0331",0,1979-01-01,1979-12-31
"MEM0571",0.0700793274443987,1979-01-01,1979-12-31
"MEM0470",0.0577919335383736,1979-01-01,1979-12-31
"MEM0545",0.141365841712245,1979-01-01,1979-12-31
"MEM0299",0.0074175448972638,1979-01-01,1979-12-31
"MEM0547",0.0700793274443987,1979-01-01,1979-12-31
"MEM0291",0,1979-01-01,1979-12-31
"MEM0301",0.0431781663460378,1979-01-01,1979-12-31
"MEM0554",0,1979-01-01,1979-12-31
"MEM0308",0,1979-01-01,1979-12-31
"MEM0523",0.118145858942753,1979-01-01,1979-12-31
"MEM0515",0,1979-01-01,1979-12-31
"MEM0501",0.0606250573268352,1979-01-01,1979-12-31
"MEM0485",0.0577919335383736,1979-01-01,1979-12-31
"MEM0416",0.12408383750384,1979-01-01,1979-12-31
"MEM0257",0.347146551147426,1979-01-01,1979-12-31
"MEM0469",0.116466327575375,1979-01-01,1979-12-31
"MEM0392",0.0369715727098641,1979-01-01,1979-12-31
"MEM0507",0,1979-01-01,1979-12-31
"MEM0450",0,1979-01-01,1979-12-31
"MEM0298",0,1979-01-01,1979-12-31
"MEM0375",3.60448930914046,1979-01-01,1979-12-31
"MEM0423",0.000321151716500554,1979-01-01,1979-12-31
"MEM0348",0,1979-01-01,1979-12-31
"MEM0526",0.200261502985356,1979-01-01,1979-12-31
"MEM0342",0,1979-01-01,1979-12-31
"MEM0560",0,1979-01-01,1979-12-31
"MEM0468",0.0303452623418385,1979-01-01,1979-12-31
"MEM0435",0.0810851655987802,1979-01-01,1979-12-31
"MEM0537",0,1979-01-01,1979-12-31
"MEM0487",0.223203284684886,1979-01-01,1979-12-31
"MEM0258",0,1979-01-01,1979-12-31
"MEM0471",0.0577919335383736,1979-01-01,1979-12-31
"MEM0541",0,1979-01-01,1979-12-31
"MEM0252",0.00813435955752678,1979-01-01,1979-12-31
"MEM0517",0,1979-01-01,1979-12-31
"MEM0413",0,1979-01-01,1979-12-31
"MEM0417",0.105142017522651,1979-01-01,1979-12-31
"MEM0521",0.685734197412629,1979-01-01,1979-12-31
"MEM0546",0.159489423239128,1979-01-01,1979-12-31
"MEM0426",0.0374579218208556,1979-01-01,1979-12-31
"MEM0313",0.00167553437341297,1979-01-01,1979-12-31
"MEM0549",0,1979-01-01,1979-12-31
"MEM0474",0.07831756541099,1979-01-01,1979-12-31
"MEM0340",0,1979-01-01,1979-12-31
"MEM0504",0,1979-01-01,1979-12-31
"MEM0377",0,1979-01-01,1979-12-31
"MEM0567",0,1979-01-01,1979-12-31
"MEM0031",0,1979-01-01,1979-12-31
"MEM0572",0.0700793274443987,1979-01-01,1979-12-31
"MEM0525",0.00383126359713073,1979-01-01,1979-12-31
"MEM0400",0,1979-01-01,1979-12-31
"MEM0191",0,1979-01-01,1979-12-31
"MEM0219",0,1979-01-01,1979-12-31
"MEM0533",0.026822991049943,1979-01-01,1979-12-31
"MEM0565",0.0339357264617089,1979-01-01,1979-12-31
"MEM0085",0,1979-01-01,1979-12-31
"MEM0207",0,1979-01-01,1979-12-31
"MEM0538",0,1979-01-01,1979-12-31
"MEM0561",0,1979-01-01,1979-12-31
"MEM0323",7.65228037955311e-05,1979-01-01,1979-12-31
"MEM0568",0.000713925878761044,1979-01-01,1979-12-31
"MEM0216",0,1979-01-01,1979-12-31
"MEM0194",0,1979-01-01,1979-12-31
"MEM0562",0.000612244897959184,1979-01-01,1979-12-31
"MEM0189",0,1979-01-01,1979-12-31
"MEM0230",0,1979-01-01,1979-12-31
"MEM0188",0,1979-01-01,1979-12-31
"MEM0459",0,1979-01-01,1979-12-31
"MEM0167",0,1979-01-01,1979-12-31
"MEM0260",0,1979-01-01,1979-12-31
"MEM0553",0,1979-01-01,1979-12-31
"MEM0365",0,1979-01-01,1979-12-31
"MEM0522",0,1979-01-01,1979-12-31
"MEM0527",0,1979-01-01,1979-12-31
"MEM0491",0,1979-01-01,1979-12-31
"MEM0531",0,1979-01-01,1979-12-31
"MEM0056",0.020604575712828,1980-01-01,1980-12-31
"MEM0094",0,1980-01-01,1980-12-31
"MEM0170",0,1980-01-01,1980-12-31
"MEM0296",0,1980-01-01,1980-12-31
"MEM0219",0,1980-01-01,1980-12-31
"MEM0004",0.00799905689617412,1980-01-01,1980-12-31
"MEM0005",0,1980-01-01,1980-12-31
"MEM0006",0.0364744402570234,1980-01-01,1980-12-31
"MEM0007",0.0018032694351635,1980-01-01,1980-12-31
"MEM0008",0,1980-01-01,1980-12-31
"MEM0009",0,1980-01-01,1980-12-31
"MEM0010",0,1980-01-01,1980-12-31
"MEM0012",0.00886437676218899,1980-01-01,1980-12-31
"MEM0013",0,1980-01-01,1980-12-31
"MEM0016",0.000396698673114211,1980-01-01,1980-12-31
"MEM0023",0.00122737159209712,1980-01-01,1980-12-31
"MEM0026",0,1980-01-01,1980-12-31
"MEM0027",0,1980-01-01,1980-12-31
"MEM0035",0.0438113179371941,1980-01-01,1980-12-31
"MEM0036",0.11420656011536,1980-01-01,1980-12-31
"MEM0044",0.000825021290042958,1980-01-01,1980-12-31
"MEM0046",0.020604575712828,1980-01-01,1980-12-31
"MEM0050",0,1980-01-01,1980-12-31
"MEM0052",0,1980-01-01,1980-12-31
"MEM0054",0.020604575712828,1980-01-01,1980-12-31
"MEM0062",0,1980-01-01,1980-12-31
"MEM0064",0,1980-01-01,1980-12-31
"MEM0065",0.00880717743367606,1980-01-01,1980-12-31
"MEM0066",0.020604575712828,1980-01-01,1980-12-31
"MEM0067",0,1980-01-01,1980-12-31
"MEM0077",0,1980-01-01,1980-12-31
"MEM0084",0.00321739678260057,1980-01-01,1980-12-31
"MEM0097",0,1980-01-01,1980-12-31
"MEM0103",0.0149517337253018,1980-01-01,1980-12-31
"MEM0109",0,1980-01-01,1980-12-31
"MEM0115",0.0279744800266139,1980-01-01,1980-12-31
"MEM0124",0.0018032694351635,1980-01-01,1980-12-31
"MEM0133",0,1980-01-01,1980-12-31
"MEM0147",0.0292397271412887,1980-01-01,1980-12-31
"MEM0145",0,1980-01-01,1980-12-31
"MEM0161",0.0121043603949506,1980-01-01,1980-12-31
"MEM0213",0,1980-01-01,1980-12-31
"MEM0222",0.00387853320729065,1980-01-01,1980-12-31
"MEM0232",0.0186172380058954,1980-01-01,1980-12-31
"MEM0033",0,1980-01-01,1980-12-31
"MEM0061",0.00306641068785048,1980-01-01,1980-12-31
"MEM0080",0,1980-01-01,1980-12-31
"MEM0095",0,1980-01-01,1980-12-31
"MEM0136",0.0463073771170159,1980-01-01,1980-12-31
"MEM0011",0,1980-01-01,1980-12-31
"MEM0029",0.0192671089787421,1980-01-01,1980-12-31
"MEM0031",0,1980-01-01,1980-12-31
"MEM0037",0,1980-01-01,1980-12-31
"MEM0039",0.00846752934425229,1980-01-01,1980-12-31
"MEM0048",0.0304377954650716,1980-01-01,1980-12-31
"MEM0049",0,1980-01-01,1980-12-31
"MEM0053",0.000912864198395583,1980-01-01,1980-12-31
"MEM0055",0.000553535720681922,1980-01-01,1980-12-31
"MEM0059",7.02589060770539e-05,1980-01-01,1980-12-31
"MEM0063",0,1980-01-01,1980-12-31
"MEM0070",0,1980-01-01,1980-12-31
"MEM0072",0,1980-01-01,1980-12-31
"MEM0073",0.00396833049125961,1980-01-01,1980-12-31
"MEM0075",0.0249192461618688,1980-01-01,1980-12-31
"MEM0082",0.0208377858330114,1980-01-01,1980-12-31
"MEM0087",0.00399134089573583,1980-01-01,1980-12-31
"MEM0088",0,1980-01-01,1980-12-31
"MEM0092",0.00255359023208431,1980-01-01,1980-12-31
"MEM0093",0.000341867946131902,1980-01-01,1980-12-31
"MEM0102",0.0133024435911476,1980-01-01,1980-12-31
"MEM0101",0.00630918034062634,1980-01-01,1980-12-31
"MEM0120",0.0772543611691939,1980-01-01,1980-12-31
"MEM0118",0.0657550814823077,1980-01-01,1980-12-31
"MEM0122",0,1980-01-01,1980-12-31
"MEM0126",0,1980-01-01,1980-12-31
"MEM0127",0,1980-01-01,1980-12-31
"MEM0128",0.013302443591149,1980-01-01,1980-12-31
"MEM0134",0.00122896602019856,1980-01-01,1980-12-31
"MEM0152",0.0657550814823077,1980-01-01,1980-12-31
"MEM0154",0,1980-01-01,1980-12-31
"MEM0162",0.00411419102521131,1980-01-01,1980-12-31
"MEM0168",0.0175906623123253,1980-01-01,1980-12-31
"MEM0181",4.52559542026674e-05,1980-01-01,1980-12-31
"MEM0186",0.0622265011675446,1980-01-01,1980-12-31
"MEM0200",0,1980-01-01,1980-12-31
"MEM0201",4.37634525310656e-05,1980-01-01,1980-12-31
"MEM0217",3.33772177860134e-05,1980-01-01,1980-12-31
"MEM0227",0.00770727210314791,1980-01-01,1980-12-31
"MEM0071",0,1980-01-01,1980-12-31
"MEM0081",0.00090003260759209,1980-01-01,1980-12-31
"MEM0111",0.00231896287672738,1980-01-01,1980-12-31
"MEM0153",0,1980-01-01,1980-12-31
"MEM0167",0,1980-01-01,1980-12-31
"MEM0184",0.0283318511371212,1980-01-01,1980-12-31
"MEM0189",0.00031715564121583,1980-01-01,1980-12-31
"MEM0295",0,1980-01-01,1980-12-31
"MEM0003",0,1980-01-01,1980-12-31
"MEM0015",0.000406420265007471,1980-01-01,1980-12-31
"MEM0024",0.0276698900077531,1980-01-01,1980-12-31
"MEM0028",0,1980-01-01,1980-12-31
"MEM0042",0.000837319440889781,1980-01-01,1980-12-31
"MEM0051",0.0990799294893173,1980-01-01,1980-12-31
"MEM0057",0.00637230756617535,1980-01-01,1980-12-31
"MEM0060",0.0153325920401638,1980-01-01,1980-12-31
"MEM0069",0.0014629997989372,1980-01-01,1980-12-31
"MEM0076",0.0297926600965513,1980-01-01,1980-12-31
"MEM0085",0.0267622154906061,1980-01-01,1980-12-31
"MEM0086",0.040896333996191,1980-01-01,1980-12-31
"MEM0099",0,1980-01-01,1980-12-31
"MEM0113",0.0733904583695299,1980-01-01,1980-12-31
"MEM0130",0.0022138257950142,1980-01-01,1980-12-31
"MEM0132",0.00122737159209712,1980-01-01,1980-12-31
"MEM0142",0.0790575250734575,1980-01-01,1980-12-31
"MEM0144",0.0138178488130402,1980-01-01,1980-12-31
"MEM0156",0.0019613352283441,1980-01-01,1980-12-31
"MEM0165",0.0243355577284731,1980-01-01,1980-12-31
"MEM0169",0,1980-01-01,1980-12-31
"MEM0174",0,1980-01-01,1980-12-31
"MEM0183",0.0011928557938065,1980-01-01,1980-12-31
"MEM0185",0,1980-01-01,1980-12-31
"MEM0191",0.013302443591149,1980-01-01,1980-12-31
"MEM0193",0,1980-01-01,1980-12-31
"MEM0195",0.00122737159209712,1980-01-01,1980-12-31
"MEM0202",0,1980-01-01,1980-12-31
"MEM0208",0,1980-01-01,1980-12-31
"MEM0212",0,1980-01-01,1980-12-31
"MEM0223",0.00558117506624642,1980-01-01,1980-12-31
"MEM0231",0.0316579704280652,1980-01-01,1980-12-31
"MEM0041",0.0329921338906326,1980-01-01,1980-12-31
"MEM0123",0,1980-01-01,1980-12-31
"MEM0155",0,1980-01-01,1980-12-31
"MEM0564",0.0657550814823077,1980-01-01,1980-12-31
"MEM0175",0.0196467395228011,1980-01-01,1980-12-31
"MEM0211",0,1980-01-01,1980-12-31
"MEM0032",0,1980-01-01,1980-12-31
"MEM0034",0,1980-01-01,1980-12-31
"MEM0045",0,1980-01-01,1980-12-31
"MEM0089",0.0657550814823077,1980-01-01,1980-12-31
"MEM0091",0.000482142756147112,1980-01-01,1980-12-31
"MEM0096",0,1980-01-01,1980-12-31
"MEM0105",0,1980-01-01,1980-12-31
"MEM0107",0.00014056195576105,1980-01-01,1980-12-31
"MEM0110",0.0248339407246894,1980-01-01,1980-12-31
"MEM0116",0.0217848920394042,1980-01-01,1980-12-31
"MEM0150",0,1980-01-01,1980-12-31
"MEM0158",0,1980-01-01,1980-12-31
"MEM0160",0,1980-01-01,1980-12-31
"MEM0177",0,1980-01-01,1980-12-31
"MEM0182",0.00534777325689538,1980-01-01,1980-12-31
"MEM0187",1.53617780342473e-05,1980-01-01,1980-12-31
"MEM0190",0.0574928460727445,1980-01-01,1980-12-31
"MEM0210",0.0832224596214729,1980-01-01,1980-12-31
"MEM0220",0.00184568983063912,1980-01-01,1980-12-31
"MEM0038",0.00642543631261599,1980-01-01,1980-12-31
"MEM0068",0.0149517337253018,1980-01-01,1980-12-31
"MEM0203",0,1980-01-01,1980-12-31
"MEM0022",0.0879546348176721,1980-01-01,1980-12-31
"MEM0025",0.0340936767985333,1980-01-01,1980-12-31
"MEM0043",0.00306641068785048,1980-01-01,1980-12-31
"MEM0141",0.0233621304401606,1980-01-01,1980-12-31
"MEM0143",0.00294282253797708,1980-01-01,1980-12-31
"MEM0149",0,1980-01-01,1980-12-31
"MEM0204",0,1980-01-01,1980-12-31
"MEM0209",0.00122737159209712,1980-01-01,1980-12-31
"MEM0218",0,1980-01-01,1980-12-31
"MEM0228",0.00224734468488744,1980-01-01,1980-12-31
"MEM0047",0.00294282253797708,1980-01-01,1980-12-31
"MEM0199",0.020604575712828,1980-01-01,1980-12-31
"MEM0229",0.113624742622537,1980-01-01,1980-12-31
"MEM0019",0.00715931660337796,1980-01-01,1980-12-31
"MEM0083",4.33158136231877e-05,1980-01-01,1980-12-31
"MEM0100",0.0944902276408737,1980-01-01,1980-12-31
"MEM0104",7.45875238894469e-05,1980-01-01,1980-12-31
"MEM0112",0.00534777325689538,1980-01-01,1980-12-31
"MEM0119",0,1980-01-01,1980-12-31
"MEM0135",0.10192690267518,1980-01-01,1980-12-31
"MEM0138",0,1980-01-01,1980-12-31
"MEM0151",0,1980-01-01,1980-12-31
"MEM0163",0.00307594555668723,1980-01-01,1980-12-31
"MEM0180",0.00872968388789723,1980-01-01,1980-12-31
"MEM0206",0.0166149455779821,1980-01-01,1980-12-31
"MEM0215",0.0286217009802266,1980-01-01,1980-12-31
"MEM0098",0,1980-01-01,1980-12-31
"MEM0106",0,1980-01-01,1980-12-31
"MEM0125",0.013866034999256,1980-01-01,1980-12-31
"MEM0192",0.00129060228418494,1980-01-01,1980-12-31
"MEM0121",0.00162290669439226,1980-01-01,1980-12-31
"MEM0172",0,1980-01-01,1980-12-31
"MEM0205",0.000192743114749691,1980-01-01,1980-12-31
"MEM0214",0.0298931101044487,1980-01-01,1980-12-31
"MEM0129",0.00177448314474259,1980-01-01,1980-12-31
"MEM0179",0.0253651524500572,1980-01-01,1980-12-31
"MEM0140",0.108253637728885,1980-01-01,1980-12-31
"MEM0114",0.00273050918460637,1980-01-01,1980-12-31
"MEM0293",8.28326101394886e-05,1980-01-01,1980-12-31
"MEM0390",0.000256965146614472,1980-01-01,1980-12-31
"MEM0369",0.000385718824080758,1980-01-01,1980-12-31
"MEM0391",0.00331834112075073,1980-01-01,1980-12-31
"MEM0505",0.0429978098811752,1980-01-01,1980-12-31
"MEM0320",0,1980-01-01,1980-12-31
"MEM0394",0.00344296435499393,1980-01-01,1980-12-31
"MEM0370",0,1980-01-01,1980-12-31
"MEM0473",0.00581434832969121,1980-01-01,1980-12-31
"MEM0371",0,1980-01-01,1980-12-31
"MEM0373",0,1980-01-01,1980-12-31
"MEM0510",0.00344777605448209,1980-01-01,1980-12-31
"MEM0239",0.0160141322293922,1980-01-01,1980-12-31
"MEM0378",0,1980-01-01,1980-12-31
"MEM0302",0.0185126340786016,1980-01-01,1980-12-31
"MEM0492",9.00975425119099e-05,1980-01-01,1980-12-31
"MEM0247",0.000553535720681922,1980-01-01,1980-12-31
"MEM0338",0,1980-01-01,1980-12-31
"MEM0424",0,1980-01-01,1980-12-31
"MEM0407",0.00289047035785266,1980-01-01,1980-12-31
"MEM0408",0.000461493279760366,1980-01-01,1980-12-31
"MEM0425",0,1980-01-01,1980-12-31
"MEM0496",0.0732690266602557,1980-01-01,1980-12-31
"MEM0524",0,1980-01-01,1980-12-31
"MEM0481",0.00562624736874577,1980-01-01,1980-12-31
"MEM0281",0.000637339245470821,1980-01-01,1980-12-31
"MEM0250",0,1980-01-01,1980-12-31
"MEM0482",0.0153423981891352,1980-01-01,1980-12-31
"MEM0364",0.0139678456522889,1980-01-01,1980-12-31
"MEM0286",0.00746604985785006,1980-01-01,1980-12-31
"MEM0251",0.0399949890427724,1980-01-01,1980-12-31
"MEM0410",0,1980-01-01,1980-12-31
"MEM0542",0.0197040333396986,1980-01-01,1980-12-31
"MEM0349",0,1980-01-01,1980-12-31
"MEM0449",0,1980-01-01,1980-12-31
"MEM0519",0.00602536477475588,1980-01-01,1980-12-31
"MEM0520",0,1980-01-01,1980-12-31
"MEM0318",0,1980-01-01,1980-12-31
"MEM0486",0.0053384273394866,1980-01-01,1980-12-31
"MEM0277",0,1980-01-01,1980-12-31
"MEM0467",0.0107821116107443,1980-01-01,1980-12-31
"MEM0367",0.0197040333396986,1980-01-01,1980-12-31
"MEM0278",0.00687281579285082,1980-01-01,1980-12-31
"MEM0567",0.020604575712828,1980-01-01,1980-12-31
"MEM0570",0,1980-01-01,1980-12-31
"MEM0233",0,1980-01-01,1980-12-31
"MEM0234",0,1980-01-01,1980-12-31
"MEM0353",0.0142039493225892,1980-01-01,1980-12-31
"MEM0297",0.0138675744009424,1980-01-01,1980-12-31
"MEM0544",0.00715931660337796,1980-01-01,1980-12-31
"MEM0472",0,1980-01-01,1980-12-31
"MEM0451",0.00542151207907138,1980-01-01,1980-12-31
"MEM0438",0,1980-01-01,1980-12-31
"MEM0236",0.0124709917731324,1980-01-01,1980-12-31
"MEM0509",0.0132159696587593,1980-01-01,1980-12-31
"MEM0399",0.0228839795281974,1980-01-01,1980-12-31
"MEM0441",0,1980-01-01,1980-12-31
"MEM0372",0,1980-01-01,1980-12-31
"MEM0358",0.00213217234783639,1980-01-01,1980-12-31
"MEM0304",0,1980-01-01,1980-12-31
"MEM0351",0.0691428023589924,1980-01-01,1980-12-31
"MEM0479",0.0197773551478772,1980-01-01,1980-12-31
"MEM0360",0,1980-01-01,1980-12-31
"MEM0244",0.00353730399535574,1980-01-01,1980-12-31
"MEM0361",0,1980-01-01,1980-12-31
"MEM0454",0,1980-01-01,1980-12-31
"MEM0534",0.0217107427144117,1980-01-01,1980-12-31
"MEM0305",0.102892812241424,1980-01-01,1980-12-31
"MEM0269",0,1980-01-01,1980-12-31
"MEM0443",0,1980-01-01,1980-12-31
"MEM0494",0,1980-01-01,1980-12-31
"MEM0306",0.079375003357423,1980-01-01,1980-12-31
"MEM0363",0.00710527847219139,1980-01-01,1980-12-31
"MEM0279",0,1980-01-01,1980-12-31
"MEM0444",0.000262118464082413,1980-01-01,1980-12-31
"MEM0272",0.000725455685536176,1980-01-01,1980-12-31
"MEM0309",0.0349109556067228,1980-01-01,1980-12-31
"MEM0311",0.021223948482313,1980-01-01,1980-12-31
"MEM0428",0,1980-01-01,1980-12-31
"MEM0499",0.000172592160720923,1980-01-01,1980-12-31
"MEM0445",0,1980-01-01,1980-12-31
"MEM0383",0,1980-01-01,1980-12-31
"MEM0384",0,1980-01-01,1980-12-31
"MEM0386",0,1980-01-01,1980-12-31
"MEM0518",0.000815813980755534,1980-01-01,1980-12-31
"MEM0502",0.016504018501616,1980-01-01,1980-12-31
"MEM0315",0.000262118464082413,1980-01-01,1980-12-31
"MEM0316",0.00269674245999328,1980-01-01,1980-12-31
"MEM0462",0.0978037260445407,1980-01-01,1980-12-31
"MEM0529",0,1980-01-01,1980-12-31
"MEM0503",0.0132159696587593,1980-01-01,1980-12-31
"MEM0333",0,1980-01-01,1980-12-31
"MEM0256",0.00344296435499393,1980-01-01,1980-12-31
"MEM0506",0.0111410571848213,1980-01-01,1980-12-31
"MEM0508",0,1980-01-01,1980-12-31
"MEM0396",0,1980-01-01,1980-12-31
"MEM0540",0.00539105580537214,1980-01-01,1980-12-31
"MEM0475",0,1980-01-01,1980-12-31
"MEM0476",0,1980-01-01,1980-12-31
"MEM0300",0,1980-01-01,1980-12-31
"MEM0477",0,1980-01-01,1980-12-31
"MEM0238",0,1980-01-01,1980-12-31
"MEM0548",0.0132591610426726,1980-01-01,1980-12-31
"MEM0419",0,1980-01-01,1980-12-31
"MEM0303",0.00131757813245437,1980-01-01,1980-12-31
"MEM0346",0,1980-01-01,1980-12-31
"MEM0336",0,1980-01-01,1980-12-31
"MEM0401",0,1980-01-01,1980-12-31
"MEM0490",0.000807336957239696,1980-01-01,1980-12-31
"MEM0404",0.148469209116841,1980-01-01,1980-12-31
"MEM0405",0.0208731393948356,1980-01-01,1980-12-31
"MEM0248",1.33353978920276e-06,1980-01-01,1980-12-31
"MEM0380",0,1980-01-01,1980-12-31
"MEM0381",0.00232366567592078,1980-01-01,1980-12-31
"MEM0314",0.0958296956638065,1980-01-01,1980-12-31
"MEM0275",0.00746604985785006,1980-01-01,1980-12-31
"MEM0446",0.00290875768320752,1980-01-01,1980-12-31
"MEM0253",0.0140664979999121,1980-01-01,1980-12-31
"MEM0254",0.000132150358074937,1980-01-01,1980-12-31
"MEM0535",0,1980-01-01,1980-12-31
"MEM0317",0.0427265752065315,1980-01-01,1980-12-31
"MEM0528",0,1980-01-01,1980-12-31
"MEM0483",5.47588544111257e-05,1980-01-01,1980-12-31
"MEM0559",0.00715931660337796,1980-01-01,1980-12-31
"MEM0484",0,1980-01-01,1980-12-31
"MEM0436",0,1980-01-01,1980-12-31
"MEM0543",0.00715931660337796,1980-01-01,1980-12-31
"MEM0261",0,1980-01-01,1980-12-31
"MEM0489",0,1980-01-01,1980-12-31
"MEM0235",0.0163962433498111,1980-01-01,1980-12-31
"MEM0397",0.0157550787210969,1980-01-01,1980-12-31
"MEM0334",0.0123221202190169,1980-01-01,1980-12-31
"MEM0322",0,1980-01-01,1980-12-31
"MEM0357",0,1980-01-01,1980-12-31
"MEM0478",0.00996419507917793,1980-01-01,1980-12-31
"MEM0359",0.00539190595681967,1980-01-01,1980-12-31
"MEM0240",0,1980-01-01,1980-12-31
"MEM0241",7.20389170259356e-05,1980-01-01,1980-12-31
"MEM0242",0,1980-01-01,1980-12-31
"MEM0403",0.00139036720940745,1980-01-01,1980-12-31
"MEM0327",0.0253890887378286,1980-01-01,1980-12-31
"MEM0268",0.00225217153347238,1980-01-01,1980-12-31
"MEM0422",0,1980-01-01,1980-12-31
"MEM0555",0.000807336957239696,1980-01-01,1980-12-31
"MEM0406",0.000106691053193111,1980-01-01,1980-12-31
"MEM0246",0,1980-01-01,1980-12-31
"MEM0271",0,1980-01-01,1980-12-31
"MEM0307",0.0353511760984305,1980-01-01,1980-12-31
"MEM0513",0.00859372038577312,1980-01-01,1980-12-31
"MEM0273",0,1980-01-01,1980-12-31
"MEM0557",0.00788513223988434,1980-01-01,1980-12-31
"MEM0514",0.0769289983256247,1980-01-01,1980-12-31
"MEM0249",0,1980-01-01,1980-12-31
"MEM0312",0.0167545582013332,1980-01-01,1980-12-31
"MEM0525",0.0100138736757704,1980-01-01,1980-12-31
"MEM0431",0.00279381345797319,1980-01-01,1980-12-31
"MEM0448",0,1980-01-01,1980-12-31
"MEM0415",0,1980-01-01,1980-12-31
"MEM0331",0,1980-01-01,1980-12-31
"MEM0434",0,1980-01-01,1980-12-31
"MEM0571",0.0327073877017157,1980-01-01,1980-12-31
"MEM0470",0.0132159696587593,1980-01-01,1980-12-31
"MEM0545",0.0115333747990324,1980-01-01,1980-12-31
"MEM0299",0.00746604985785006,1980-01-01,1980-12-31
"MEM0547",0.00715931660337796,1980-01-01,1980-12-31
"MEM0291",0,1980-01-01,1980-12-31
"MEM0301",0.00823384469023539,1980-01-01,1980-12-31
"MEM0377",0,1980-01-01,1980-12-31
"MEM0243",0,1980-01-01,1980-12-31
"MEM0554",0,1980-01-01,1980-12-31
"MEM0308",0,1980-01-01,1980-12-31
"MEM0523",0.0150614488808095,1980-01-01,1980-12-31
"MEM0515",0,1980-01-01,1980-12-31
"MEM0501",0.00633553086488494,1980-01-01,1980-12-31
"MEM0485",0.0132159696587593,1980-01-01,1980-12-31
"MEM0416",0.0220253997415377,1980-01-01,1980-12-31
"MEM0257",0.0581915680137762,1980-01-01,1980-12-31
"MEM0469",0.0175906623123253,1980-01-01,1980-12-31
"MEM0392",0.0128063755755727,1980-01-01,1980-12-31
"MEM0507",0,1980-01-01,1980-12-31
"MEM0450",0,1980-01-01,1980-12-31
"MEM0298",0.00290875768320752,1980-01-01,1980-12-31
"MEM0375",0.000512597869831372,1980-01-01,1980-12-31
"MEM0362",0,1980-01-01,1980-12-31
"MEM0423",0.00021457514660747,1980-01-01,1980-12-31
"MEM0348",0,1980-01-01,1980-12-31
"MEM0526",0.0235718579731454,1980-01-01,1980-12-31
"MEM0342",0,1980-01-01,1980-12-31
"MEM0560",0,1980-01-01,1980-12-31
"MEM0468",0.00765677055314319,1980-01-01,1980-12-31
"MEM0435",0.00560438908543506,1980-01-01,1980-12-31
"MEM0537",0,1980-01-01,1980-12-31
"MEM0487",0.0319923226863064,1980-01-01,1980-12-31
"MEM0258",0.000491530356885974,1980-01-01,1980-12-31
"MEM0471",0.0132159696587593,1980-01-01,1980-12-31
"MEM0274",0,1980-01-01,1980-12-31
"MEM0252",0.0120309598742733,1980-01-01,1980-12-31
"MEM0517",0.00539105580537214,1980-01-01,1980-12-31
"MEM0413",0,1980-01-01,1980-12-31
"MEM0417",0.00977264300376758,1980-01-01,1980-12-31
"MEM0521",0.109746217867384,1980-01-01,1980-12-31
"MEM0546",0.0138275416396579,1980-01-01,1980-12-31
"MEM0541",0,1980-01-01,1980-12-31
"MEM0426",0.00122776469390976,1980-01-01,1980-12-31
"MEM0313",0.0216656136278178,1980-01-01,1980-12-31
"MEM0549",0,1980-01-01,1980-12-31
"MEM0504",0,1980-01-01,1980-12-31
"MEM0474",0.00486582604048121,1980-01-01,1980-12-31
"MEM0340",0,1980-01-01,1980-12-31
"MEM0572",0.00715931660337796,1980-01-01,1980-12-31
"MEM0198",0,1980-01-01,1980-12-31
"MEM0400",0,1980-01-01,1980-12-31
"MEM0533",0.00394475784513191,1980-01-01,1980-12-31
"MEM0166",0,1980-01-01,1980-12-31
"MEM0565",0.002685233326257,1980-01-01,1980-12-31
"MEM0207",0,1980-01-01,1980-12-31
"MEM0538",0,1980-01-01,1980-12-31
"MEM0159",0,1980-01-01,1980-12-31
"MEM0561",0,1980-01-01,1980-12-31
"MEM0568",2.93944738389183e-05,1980-01-01,1980-12-31
"MEM0216",0,1980-01-01,1980-12-31
"MEM0194",0,1980-01-01,1980-12-31
"MEM0562",0.000106691053193111,1980-01-01,1980-12-31
"MEM0221",0,1980-01-01,1980-12-31
"MEM0323",1.66471340294055e-06,1980-01-01,1980-12-31
"MEM0230",0,1980-01-01,1980-12-31
"MEM0188",0,1980-01-01,1980-12-31
"MEM0459",0,1980-01-01,1980-12-31
"MEM0260",0,1980-01-01,1980-12-31
"MEM0553",0,1980-01-01,1980-12-31
"MEM0365",0,1980-01-01,1980-12-31
"MEM0522",0,1980-01-01,1980-12-31
"MEM0461",0,1980-01-01,1980-12-31
"MEM0527",0,1980-01-01,1980-12-31
"MEM0531",0,1980-01-01,1980-12-31
"MEM0491",0,1980-01-01,1980-12-31
"MEM0056",0.0269679228495029,1981-01-01,1981-12-31
"MEM0080",0,1981-01-01,1981-12-31
"MEM0094",0,1981-01-01,1981-12-31
"MEM0170",0,1981-01-01,1981-12-31
"MEM0296",0,1981-01-01,1981-12-31
"MEM0219",0,1981-01-01,1981-12-31
"MEM0004",0.000795487235196957,1981-01-01,1981-12-31
"MEM0006",0.0377615778083628,1981-01-01,1981-12-31
"MEM0007",0.00131797335395675,1981-01-01,1981-12-31
"MEM0008",0.0165347198648007,1981-01-01,1981-12-31
"MEM0009",0.000525446755769765,1981-01-01,1981-12-31
"MEM0012",0.00126957603042808,1981-01-01,1981-12-31
"MEM0013",0,1981-01-01,1981-12-31
"MEM0016",0.00226633662363473,1981-01-01,1981-12-31
"MEM0023",0.000211033471694137,1981-01-01,1981-12-31
"MEM0026",1.65713483891374,1981-01-01,1981-12-31
"MEM0027",0,1981-01-01,1981-12-31
"MEM0035",0.0658745965595963,1981-01-01,1981-12-31
"MEM0036",0.00181398064402964,1981-01-01,1981-12-31
"MEM0044",2.81493515986782e-05,1981-01-01,1981-12-31
"MEM0046",0.0320355883350505,1981-01-01,1981-12-31
"MEM0054",0.0269679228495029,1981-01-01,1981-12-31
"MEM0062",0,1981-01-01,1981-12-31
"MEM0064",0,1981-01-01,1981-12-31
"MEM0065",0.00858765662807132,1981-01-01,1981-12-31
"MEM0066",0.0269679228495029,1981-01-01,1981-12-31
"MEM0067",0,1981-01-01,1981-12-31
"MEM0077",0.00116142208363104,1981-01-01,1981-12-31
"MEM0099",0.00243687010735674,1981-01-01,1981-12-31
"MEM0105",0,1981-01-01,1981-12-31
"MEM0109",0.000542210581019643,1981-01-01,1981-12-31
"MEM0115",0.00740879277634328,1981-01-01,1981-12-31
"MEM0147",0.0249038914345591,1981-01-01,1981-12-31
"MEM0145",0.00952376344203308,1981-01-01,1981-12-31
"MEM0150",0,1981-01-01,1981-12-31
"MEM0161",0.00118899151829432,1981-01-01,1981-12-31
"MEM0198",0.000197326974005268,1981-01-01,1981-12-31
"MEM0213",0,1981-01-01,1981-12-31
"MEM0232",0.0114945169477572,1981-01-01,1981-12-31
"MEM0033",0,1981-01-01,1981-12-31
"MEM0061",0.00232632359934741,1981-01-01,1981-12-31
"MEM0095",0,1981-01-01,1981-12-31
"MEM0136",0.0269679228495029,1981-01-01,1981-12-31
"MEM0010",0.000323922119563443,1981-01-01,1981-12-31
"MEM0018",0,1981-01-01,1981-12-31
"MEM0029",0.0303382512827707,1981-01-01,1981-12-31
"MEM0031",0,1981-01-01,1981-12-31
"MEM0039",0.00301512062594041,1981-01-01,1981-12-31
"MEM0048",0.0142604795196288,1981-01-01,1981-12-31
"MEM0049",0,1981-01-01,1981-12-31
"MEM0050",0,1981-01-01,1981-12-31
"MEM0053",0.000747186780540965,1981-01-01,1981-12-31
"MEM0055",0.144702390579489,1981-01-01,1981-12-31
"MEM0059",0.000301896529818478,1981-01-01,1981-12-31
"MEM0063",0,1981-01-01,1981-12-31
"MEM0070",0,1981-01-01,1981-12-31
"MEM0072",0.000301896529818478,1981-01-01,1981-12-31
"MEM0073",0.00349894208816157,1981-01-01,1981-12-31
"MEM0075",0.0367663279512787,1981-01-01,1981-12-31
"MEM0082",0.153839686897,1981-01-01,1981-12-31
"MEM0084",0.00195013186002723,1981-01-01,1981-12-31
"MEM0087",0.00699561365414296,1981-01-01,1981-12-31
"MEM0088",0,1981-01-01,1981-12-31
"MEM0092",0.000169564689720207,1981-01-01,1981-12-31
"MEM0102",0.00963839843265688,1981-01-01,1981-12-31
"MEM0101",0.00158510259954574,1981-01-01,1981-12-31
"MEM0120",0.152959362695199,1981-01-01,1981-12-31
"MEM0122",0,1981-01-01,1981-12-31
"MEM0124",0.00069410905084853,1981-01-01,1981-12-31
"MEM0126",0,1981-01-01,1981-12-31
"MEM0127",0,1981-01-01,1981-12-31
"MEM0128",0.00952376344203308,1981-01-01,1981-12-31
"MEM0134",0.000433084547698048,1981-01-01,1981-12-31
"MEM0148",0,1981-01-01,1981-12-31
"MEM0152",0,1981-01-01,1981-12-31
"MEM0154",0.00412559678111521,1981-01-01,1981-12-31
"MEM0162",0.000211033471694137,1981-01-01,1981-12-31
"MEM0168",0.00650257289649461,1981-01-01,1981-12-31
"MEM0178",0,1981-01-01,1981-12-31
"MEM0181",0.000232058424063058,1981-01-01,1981-12-31
"MEM0200",0,1981-01-01,1981-12-31
"MEM0201",0.000211033471694137,1981-01-01,1981-12-31
"MEM0217",0.000545614340871053,1981-01-01,1981-12-31
"MEM0227",0.00688960576979861,1981-01-01,1981-12-31
"MEM0230",0,1981-01-01,1981-12-31
"MEM0071",0,1981-01-01,1981-12-31
"MEM0081",0.000335754741799657,1981-01-01,1981-12-31
"MEM0111",0.00166208201268356,1981-01-01,1981-12-31
"MEM0139",0,1981-01-01,1981-12-31
"MEM0153",0.0041215287547492,1981-01-01,1981-12-31
"MEM0167",0,1981-01-01,1981-12-31
"MEM0184",0.0259075755242567,1981-01-01,1981-12-31
"MEM0189",0.000715367242232254,1981-01-01,1981-12-31
"MEM0295",0,1981-01-01,1981-12-31
"MEM0003",0,1981-01-01,1981-12-31
"MEM0005",0.0564067287664996,1981-01-01,1981-12-31
"MEM0011",0,1981-01-01,1981-12-31
"MEM0015",2.91714501254556e-05,1981-01-01,1981-12-31
"MEM0024",0.0528178607462857,1981-01-01,1981-12-31
"MEM0051",0.0176387461981774,1981-01-01,1981-12-31
"MEM0057",0,1981-01-01,1981-12-31
"MEM0060",0.0207705237554759,1981-01-01,1981-12-31
"MEM0069",0.00227342405563526,1981-01-01,1981-12-31
"MEM0076",0.0207931817318291,1981-01-01,1981-12-31
"MEM0085",0.00232632359934741,1981-01-01,1981-12-31
"MEM0086",0.0287873598563526,1981-01-01,1981-12-31
"MEM0093",0,1981-01-01,1981-12-31
"MEM0103",0,1981-01-01,1981-12-31
"MEM0113",0.036234374937901,1981-01-01,1981-12-31
"MEM0117",0,1981-01-01,1981-12-31
"MEM0118",0.00146607778802586,1981-01-01,1981-12-31
"MEM0130",0.00101050433246612,1981-01-01,1981-12-31
"MEM0131",0,1981-01-01,1981-12-31
"MEM0142",0.180555029688525,1981-01-01,1981-12-31
"MEM0144",0.012264574724155,1981-01-01,1981-12-31
"MEM0156",0.000306733291215213,1981-01-01,1981-12-31
"MEM0165",0.0412942183042743,1981-01-01,1981-12-31
"MEM0169",0.000338174355619524,1981-01-01,1981-12-31
"MEM0174",0.000110084009934935,1981-01-01,1981-12-31
"MEM0183",2.86332813217977e-05,1981-01-01,1981-12-31
"MEM0185",0.000338174355619524,1981-01-01,1981-12-31
"MEM0195",0.000509166526614826,1981-01-01,1981-12-31
"MEM0202",3.36573080457418e-06,1981-01-01,1981-12-31
"MEM0208",0.000301896529818478,1981-01-01,1981-12-31
"MEM0212",8.74963922983674e-05,1981-01-01,1981-12-31
"MEM0222",6.6632999466936e-05,1981-01-01,1981-12-31
"MEM0223",0.00271785635129248,1981-01-01,1981-12-31
"MEM0231",0.0223474960032215,1981-01-01,1981-12-31
"MEM0041",0.00904351381702659,1981-01-01,1981-12-31
"MEM0123",0,1981-01-01,1981-12-31
"MEM0155",8.74963922983674e-05,1981-01-01,1981-12-31
"MEM0564",0.000301896529818478,1981-01-01,1981-12-31
"MEM0175",0.00276102805888952,1981-01-01,1981-12-31
"MEM0211",0,1981-01-01,1981-12-31
"MEM0032",0,1981-01-01,1981-12-31
"MEM0034",0,1981-01-01,1981-12-31
"MEM0042",0.00192490518370636,1981-01-01,1981-12-31
"MEM0045",0.000301896529818478,1981-01-01,1981-12-31
"MEM0089",0.163403879730407,1981-01-01,1981-12-31
"MEM0107",0.000297361847865109,1981-01-01,1981-12-31
"MEM0110",0.0317318018671693,1981-01-01,1981-12-31
"MEM0116",0.00070543382151614,1981-01-01,1981-12-31
"MEM0133",0.00101941418845704,1981-01-01,1981-12-31
"MEM0158",0.00107159183873597,1981-01-01,1981-12-31
"MEM0160",0.000323922119563443,1981-01-01,1981-12-31
"MEM0177",0.000301896529818478,1981-01-01,1981-12-31
"MEM0182",0,1981-01-01,1981-12-31
"MEM0186",0.00164441595430944,1981-01-01,1981-12-31
"MEM0187",0,1981-01-01,1981-12-31
"MEM0190",0.0433970534168322,1981-01-01,1981-12-31
"MEM0193",0.00191335788366956,1981-01-01,1981-12-31
"MEM0210",0.174590930553491,1981-01-01,1981-12-31
"MEM0220",0.00115752905816899,1981-01-01,1981-12-31
"MEM0038",0,1981-01-01,1981-12-31
"MEM0068",0.0395395404559395,1981-01-01,1981-12-31
"MEM0203",0,1981-01-01,1981-12-31
"MEM0022",0.204908815898638,1981-01-01,1981-12-31
"MEM0025",0.0338755080479592,1981-01-01,1981-12-31
"MEM0132",0.000211033471694137,1981-01-01,1981-12-31
"MEM0141",0.000509166526614826,1981-01-01,1981-12-31
"MEM0143",0.00576985248485167,1981-01-01,1981-12-31
"MEM0149",0,1981-01-01,1981-12-31
"MEM0188",0.0169655068573711,1981-01-01,1981-12-31
"MEM0204",0.00199508171054971,1981-01-01,1981-12-31
"MEM0218",0,1981-01-01,1981-12-31
"MEM0228",0.000211033471694137,1981-01-01,1981-12-31
"MEM0199",0.0269679228495029,1981-01-01,1981-12-31
"MEM0229",0.0689768992157646,1981-01-01,1981-12-31
"MEM0019",0.00370926457123574,1981-01-01,1981-12-31
"MEM0037",0.00164441595430944,1981-01-01,1981-12-31
"MEM0043",0.00395243230211736,1981-01-01,1981-12-31
"MEM0083",3.2112307984582e-05,1981-01-01,1981-12-31
"MEM0100",0.165568838773249,1981-01-01,1981-12-31
"MEM0104",0,1981-01-01,1981-12-31
"MEM0112",0,1981-01-01,1981-12-31
"MEM0119",0.000211033471694137,1981-01-01,1981-12-31
"MEM0135",0.153166950476574,1981-01-01,1981-12-31
"MEM0138",0.0165623690399521,1981-01-01,1981-12-31
"MEM0151",0,1981-01-01,1981-12-31
"MEM0180",0.00110270543758248,1981-01-01,1981-12-31
"MEM0206",0.00311085738735088,1981-01-01,1981-12-31
"MEM0215",0.0203424487600206,1981-01-01,1981-12-31
"MEM0047",0,1981-01-01,1981-12-31
"MEM0091",0,1981-01-01,1981-12-31
"MEM0098",0,1981-01-01,1981-12-31
"MEM0106",0,1981-01-01,1981-12-31
"MEM0125",0.00370016523985001,1981-01-01,1981-12-31
"MEM0163",0.0165347198648007,1981-01-01,1981-12-31
"MEM0192",7.89604385366909e-05,1981-01-01,1981-12-31
"MEM0172",0.000338174355619524,1981-01-01,1981-12-31
"MEM0205",0.00659406383834668,1981-01-01,1981-12-31
"MEM0214",0.00349097786368178,1981-01-01,1981-12-31
"MEM0129",0.000747186780540965,1981-01-01,1981-12-31
"MEM0221",0,1981-01-01,1981-12-31
"MEM0096",0,1981-01-01,1981-12-31
"MEM0121",0.000301896529818478,1981-01-01,1981-12-31
"MEM0146",0,1981-01-01,1981-12-31
"MEM0164",0.00013467808587603,1981-01-01,1981-12-31
"MEM0179",0.0182241510536625,1981-01-01,1981-12-31
"MEM0209",0.000338174355619524,1981-01-01,1981-12-31
"MEM0140",0.00191655681621757,1981-01-01,1981-12-31
"MEM0114",0.000711274234114402,1981-01-01,1981-12-31
"MEM0293",0.00019802432989868,1981-01-01,1981-12-31
"MEM0390",9.22003788157553e-05,1981-01-01,1981-12-31
"MEM0369",0.000349974041692624,1981-01-01,1981-12-31
"MEM0391",0.00134397682971865,1981-01-01,1981-12-31
"MEM0505",0.0141206752199576,1981-01-01,1981-12-31
"MEM0320",0,1981-01-01,1981-12-31
"MEM0370",0,1981-01-01,1981-12-31
"MEM0473",0.0145476815796185,1981-01-01,1981-12-31
"MEM0371",0,1981-01-01,1981-12-31
"MEM0373",0,1981-01-01,1981-12-31
"MEM0510",0.00188380535923906,1981-01-01,1981-12-31
"MEM0239",0.00437591522591088,1981-01-01,1981-12-31
"MEM0400",0.000780251821853628,1981-01-01,1981-12-31
"MEM0378",0,1981-01-01,1981-12-31
"MEM0302",0.0129501344220079,1981-01-01,1981-12-31
"MEM0492",0.000179993662277298,1981-01-01,1981-12-31
"MEM0247",0.00331897399734762,1981-01-01,1981-12-31
"MEM0338",0,1981-01-01,1981-12-31
"MEM0424",0,1981-01-01,1981-12-31
"MEM0407",0.00257539001728598,1981-01-01,1981-12-31
"MEM0408",6.2302232562697e-05,1981-01-01,1981-12-31
"MEM0425",0,1981-01-01,1981-12-31
"MEM0496",0.0250445099367937,1981-01-01,1981-12-31
"MEM0524",0,1981-01-01,1981-12-31
"MEM0481",0.00431723945780976,1981-01-01,1981-12-31
"MEM0497",0,1981-01-01,1981-12-31
"MEM0281",0.000178326707218497,1981-01-01,1981-12-31
"MEM0250",0,1981-01-01,1981-12-31
"MEM0364",0.0180552302603112,1981-01-01,1981-12-31
"MEM0286",0.0128153421336984,1981-01-01,1981-12-31
"MEM0251",0.0181633261133058,1981-01-01,1981-12-31
"MEM0410",0,1981-01-01,1981-12-31
"MEM0542",0,1981-01-01,1981-12-31
"MEM0349",0,1981-01-01,1981-12-31
"MEM0449",0,1981-01-01,1981-12-31
"MEM0447",0.000628730926425738,1981-01-01,1981-12-31
"MEM0519",0.001758538754555,1981-01-01,1981-12-31
"MEM0520",0,1981-01-01,1981-12-31
"MEM0318",0,1981-01-01,1981-12-31
"MEM0486",0.00131452867365943,1981-01-01,1981-12-31
"MEM0277",0,1981-01-01,1981-12-31
"MEM0333",0,1981-01-01,1981-12-31
"MEM0467",0.0133583608676814,1981-01-01,1981-12-31
"MEM0367",0.0386037242926555,1981-01-01,1981-12-31
"MEM0278",0.00101073143700845,1981-01-01,1981-12-31
"MEM0567",0.0275309808902889,1981-01-01,1981-12-31
"MEM0294",0,1981-01-01,1981-12-31
"MEM0570",0,1981-01-01,1981-12-31
"MEM0233",0.00122398216706432,1981-01-01,1981-12-31
"MEM0234",0,1981-01-01,1981-12-31
"MEM0353",0.000445158332952783,1981-01-01,1981-12-31
"MEM0297",0.0164094185138017,1981-01-01,1981-12-31
"MEM0544",0.00370926457123574,1981-01-01,1981-12-31
"MEM0472",0,1981-01-01,1981-12-31
"MEM0451",0.00303718681911224,1981-01-01,1981-12-31
"MEM0438",0,1981-01-01,1981-12-31
"MEM0236",0.00515902933453267,1981-01-01,1981-12-31
"MEM0509",0.00470799194289,1981-01-01,1981-12-31
"MEM0399",0.0257661335890276,1981-01-01,1981-12-31
"MEM0441",0,1981-01-01,1981-12-31
"MEM0372",0,1981-01-01,1981-12-31
"MEM0237",0,1981-01-01,1981-12-31
"MEM0358",4.46581153673345e-05,1981-01-01,1981-12-31
"MEM0336",0,1981-01-01,1981-12-31
"MEM0304",0,1981-01-01,1981-12-31
"MEM0351",0.0197317579521792,1981-01-01,1981-12-31
"MEM0479",0.00677805747499198,1981-01-01,1981-12-31
"MEM0360",0,1981-01-01,1981-12-31
"MEM0244",0,1981-01-01,1981-12-31
"MEM0361",0,1981-01-01,1981-12-31
"MEM0454",0,1981-01-01,1981-12-31
"MEM0534",0.0193009251623337,1981-01-01,1981-12-31
"MEM0305",0.153360975229815,1981-01-01,1981-12-31
"MEM0337",0,1981-01-01,1981-12-31
"MEM0269",0,1981-01-01,1981-12-31
"MEM0443",0,1981-01-01,1981-12-31
"MEM0494",0,1981-01-01,1981-12-31
"MEM0306",0.167749241599355,1981-01-01,1981-12-31
"MEM0363",0.00246677555363638,1981-01-01,1981-12-31
"MEM0279",0,1981-01-01,1981-12-31
"MEM0444",0.000379232373484085,1981-01-01,1981-12-31
"MEM0272",0.000301896529818478,1981-01-01,1981-12-31
"MEM0309",0.00182619070465877,1981-01-01,1981-12-31
"MEM0311",0.0157422150588539,1981-01-01,1981-12-31
"MEM0409",0,1981-01-01,1981-12-31
"MEM0499",0.000204131435482179,1981-01-01,1981-12-31
"MEM0445",0,1981-01-01,1981-12-31
"MEM0383",0,1981-01-01,1981-12-31
"MEM0384",0,1981-01-01,1981-12-31
"MEM0482",0.00520378673556604,1981-01-01,1981-12-31
"MEM0386",0,1981-01-01,1981-12-31
"MEM0502",0.00122398216706432,1981-01-01,1981-12-31
"MEM0315",0.000379232373484085,1981-01-01,1981-12-31
"MEM0316",0.000428848873524801,1981-01-01,1981-12-31
"MEM0462",0.0222294337874094,1981-01-01,1981-12-31
"MEM0529",0,1981-01-01,1981-12-31
"MEM0503",0.00470799194289,1981-01-01,1981-12-31
"MEM0256",0.00448929749470617,1981-01-01,1981-12-31
"MEM0506",0.0117502168069484,1981-01-01,1981-12-31
"MEM0508",0.00333959021692036,1981-01-01,1981-12-31
"MEM0396",0,1981-01-01,1981-12-31
"MEM0540",0.00333959021692036,1981-01-01,1981-12-31
"MEM0475",0,1981-01-01,1981-12-31
"MEM0476",0,1981-01-01,1981-12-31
"MEM0300",0.0178202615328947,1981-01-01,1981-12-31
"MEM0477",0,1981-01-01,1981-12-31
"MEM0238",0.00240040557910157,1981-01-01,1981-12-31
"MEM0548",0.00240040557910157,1981-01-01,1981-12-31
"MEM0419",0,1981-01-01,1981-12-31
"MEM0303",0.00111648222442936,1981-01-01,1981-12-31
"MEM0346",0,1981-01-01,1981-12-31
"MEM0401",0,1981-01-01,1981-12-31
"MEM0490",0.000537842502526122,1981-01-01,1981-12-31
"MEM0404",0.160456776936788,1981-01-01,1981-12-31
"MEM0405",0.0164258022122315,1981-01-01,1981-12-31
"MEM0248",0.000498951417816914,1981-01-01,1981-12-31
"MEM0380",0,1981-01-01,1981-12-31
"MEM0287",0,1981-01-01,1981-12-31
"MEM0314",0.0440480368854641,1981-01-01,1981-12-31
"MEM0275",0.0128153421336984,1981-01-01,1981-12-31
"MEM0446",0.00240040557910157,1981-01-01,1981-12-31
"MEM0253",0.00105384876968436,1981-01-01,1981-12-31
"MEM0254",0.0124568669784851,1981-01-01,1981-12-31
"MEM0535",0,1981-01-01,1981-12-31
"MEM0518",0.0178202615328947,1981-01-01,1981-12-31
"MEM0317",0.00557398516166604,1981-01-01,1981-12-31
"MEM0528",0,1981-01-01,1981-12-31
"MEM0483",0.000117250685674415,1981-01-01,1981-12-31
"MEM0559",0.00370926457123574,1981-01-01,1981-12-31
"MEM0484",0,1981-01-01,1981-12-31
"MEM0436",0,1981-01-01,1981-12-31
"MEM0543",0.00370926457123574,1981-01-01,1981-12-31
"MEM0261",0,1981-01-01,1981-12-31
"MEM0489",0,1981-01-01,1981-12-31
"MEM0235",0.0158681859200166,1981-01-01,1981-12-31
"MEM0397",0.00690327040291196,1981-01-01,1981-12-31
"MEM0334",0.0124606251135159,1981-01-01,1981-12-31
"MEM0322",0,1981-01-01,1981-12-31
"MEM0357",0.00144662544976127,1981-01-01,1981-12-31
"MEM0478",0.0125939042989573,1981-01-01,1981-12-31
"MEM0359",0.00316654105385218,1981-01-01,1981-12-31
"MEM0240",0.00333959021692036,1981-01-01,1981-12-31
"MEM0241",5.23048318660701e-05,1981-01-01,1981-12-31
"MEM0242",0,1981-01-01,1981-12-31
"MEM0403",0.00100375757400798,1981-01-01,1981-12-31
"MEM0327",0.00251667175577365,1981-01-01,1981-12-31
"MEM0268",0.000847128030404477,1981-01-01,1981-12-31
"MEM0422",0,1981-01-01,1981-12-31
"MEM0406",8.52200993182392e-05,1981-01-01,1981-12-31
"MEM0246",0,1981-01-01,1981-12-31
"MEM0381",0.00251667175577365,1981-01-01,1981-12-31
"MEM0271",0,1981-01-01,1981-12-31
"MEM0557",0.000128672622365261,1981-01-01,1981-12-31
"MEM0514",0.0300864206763499,1981-01-01,1981-12-31
"MEM0249",0.00522323506329452,1981-01-01,1981-12-31
"MEM0312",0.0064265802013917,1981-01-01,1981-12-31
"MEM0525",0.0115828574343763,1981-01-01,1981-12-31
"MEM0431",0.00537089132738839,1981-01-01,1981-12-31
"MEM0448",0,1981-01-01,1981-12-31
"MEM0415",0,1981-01-01,1981-12-31
"MEM0331",0,1981-01-01,1981-12-31
"MEM0434",0,1981-01-01,1981-12-31
"MEM0571",0.0114798131867701,1981-01-01,1981-12-31
"MEM0470",0.00470799194289,1981-01-01,1981-12-31
"MEM0545",0.0051473065949634,1981-01-01,1981-12-31
"MEM0394",0.00448929749470617,1981-01-01,1981-12-31
"MEM0299",0.0128153421336984,1981-01-01,1981-12-31
"MEM0547",0.00370926457123574,1981-01-01,1981-12-31
"MEM0291",0,1981-01-01,1981-12-31
"MEM0301",0.00813398724620468,1981-01-01,1981-12-31
"MEM0377",0,1981-01-01,1981-12-31
"MEM0243",0,1981-01-01,1981-12-31
"MEM0554",0,1981-01-01,1981-12-31
"MEM0555",0,1981-01-01,1981-12-31
"MEM0308",0,1981-01-01,1981-12-31
"MEM0523",0.0149440896490722,1981-01-01,1981-12-31
"MEM0307",0.0292303365597831,1981-01-01,1981-12-31
"MEM0273",0,1981-01-01,1981-12-31
"MEM0515",0,1981-01-01,1981-12-31
"MEM0501",0.00123274646944487,1981-01-01,1981-12-31
"MEM0485",0.00470799194289,1981-01-01,1981-12-31
"MEM0416",0.0168143842281195,1981-01-01,1981-12-31
"MEM0257",0.00404709292499156,1981-01-01,1981-12-31
"MEM0469",0.00650257289649461,1981-01-01,1981-12-31
"MEM0392",0.0147189479583237,1981-01-01,1981-12-31
"MEM0507",0,1981-01-01,1981-12-31
"MEM0450",0,1981-01-01,1981-12-31
"MEM0375",0,1981-01-01,1981-12-31
"MEM0362",0,1981-01-01,1981-12-31
"MEM0423",0.000173339191025899,1981-01-01,1981-12-31
"MEM0348",0,1981-01-01,1981-12-31
"MEM0513",0.0227927955602486,1981-01-01,1981-12-31
"MEM0526",0.0307946783963116,1981-01-01,1981-12-31
"MEM0342",0,1981-01-01,1981-12-31
"MEM0560",0,1981-01-01,1981-12-31
"MEM0468",0.00348967732810721,1981-01-01,1981-12-31
"MEM0435",0.00532076433170258,1981-01-01,1981-12-31
"MEM0537",0,1981-01-01,1981-12-31
"MEM0258",1.16185061164253e-05,1981-01-01,1981-12-31
"MEM0504",0.00014352015618374,1981-01-01,1981-12-31
"MEM0471",0.00470799194289,1981-01-01,1981-12-31
"MEM0298",0.00240040557910157,1981-01-01,1981-12-31
"MEM0274",0,1981-01-01,1981-12-31
"MEM0252",0.0047708243300876,1981-01-01,1981-12-31
"MEM0517",0.00333959021692036,1981-01-01,1981-12-31
"MEM0413",0,1981-01-01,1981-12-31
"MEM0487",0.0319415532311852,1981-01-01,1981-12-31
"MEM0417",0.00566704792030983,1981-01-01,1981-12-31
"MEM0521",0.0394855014116833,1981-01-01,1981-12-31
"MEM0546",0.00589359917120826,1981-01-01,1981-12-31
"MEM0541",0,1981-01-01,1981-12-31
"MEM0426",0.000452035002047695,1981-01-01,1981-12-31
"MEM0313",0.00161675715769872,1981-01-01,1981-12-31
"MEM0549",0,1981-01-01,1981-12-31
"MEM0428",0,1981-01-01,1981-12-31
"MEM0474",0.00106536551337507,1981-01-01,1981-12-31
"MEM0340",0,1981-01-01,1981-12-31
"MEM0207",0,1981-01-01,1981-12-31
"MEM0533",0.00310237350822853,1981-01-01,1981-12-31
"MEM0191",0.828567419456881,1981-01-01,1981-12-31
"MEM0572",0.00671663161927652,1981-01-01,1981-12-31
"MEM0565",0.000126469150060141,1981-01-01,1981-12-31
"MEM0166",0,1981-01-01,1981-12-31
"MEM0538",0,1981-01-01,1981-12-31
"MEM0159",0,1981-01-01,1981-12-31
"MEM0561",0.00168657378468858,1981-01-01,1981-12-31
"MEM0568",1.31814826531688e-05,1981-01-01,1981-12-31
"MEM0216",0,1981-01-01,1981-12-31
"MEM0194",0,1981-01-01,1981-12-31
"MEM0562",8.52200993182392e-05,1981-01-01,1981-12-31
"MEM0260",0,1981-01-01,1981-12-31
"MEM0323",1.48312940304042e-06,1981-01-01,1981-12-31
"MEM0531",0,1981-01-01,1981-12-31
"MEM0553",0,1981-01-01,1981-12-31
"MEM0365",0,1981-01-01,1981-12-31
"MEM0393",0,1981-01-01,1981-12-31
"MEM0522",0,1981-01-01,1981-12-31
"MEM0461",0,1981-01-01,1981-12-31
"MEM0527",0,1981-01-01,1981-12-31
"MEM0491",0,1981-01-01,1981-12-31
"MEM0056",0.0457372857499659,1982-01-01,1982-12-31
"MEM0080",0,1982-01-01,1982-12-31
"MEM0094",0,1982-01-01,1982-12-31
"MEM0170",0,1982-01-01,1982-12-31
"MEM0003",0,1982-01-01,1982-12-31
"MEM0004",0.0398783295409653,1982-01-01,1982-12-31
"MEM0006",0.0861259517257458,1982-01-01,1982-12-31
"MEM0008",0,1982-01-01,1982-12-31
"MEM0009",0.00116127037592855,1982-01-01,1982-12-31
"MEM0012",0.00519066059696765,1982-01-01,1982-12-31
"MEM0013",0,1982-01-01,1982-12-31
"MEM0016",0.00703351905085875,1982-01-01,1982-12-31
"MEM0022",0.00457004577991257,1982-01-01,1982-12-31
"MEM0026",0,1982-01-01,1982-12-31
"MEM0035",0.0269688060255509,1982-01-01,1982-12-31
"MEM0036",0.0296290154296582,1982-01-01,1982-12-31
"MEM0046",0.0689673585561734,1982-01-01,1982-12-31
"MEM0054",0.0615253253945848,1982-01-01,1982-12-31
"MEM0062",0,1982-01-01,1982-12-31
"MEM0064",0,1982-01-01,1982-12-31
"MEM0065",0.0391139641525745,1982-01-01,1982-12-31
"MEM0066",0.062387910205997,1982-01-01,1982-12-31
"MEM0077",0.00412059747666072,1982-01-01,1982-12-31
"MEM0105",0,1982-01-01,1982-12-31
"MEM0109",0.00361312031557875,1982-01-01,1982-12-31
"MEM0115",0.0155926883173864,1982-01-01,1982-12-31
"MEM0147",0.032277201726474,1982-01-01,1982-12-31
"MEM0145",0.0141066131496299,1982-01-01,1982-12-31
"MEM0150",0,1982-01-01,1982-12-31
"MEM0157",0,1982-01-01,1982-12-31
"MEM0161",0.00693471297193601,1982-01-01,1982-12-31
"MEM0213",0.0141066131496299,1982-01-01,1982-12-31
"MEM0232",0.0150430451622522,1982-01-01,1982-12-31
"MEM0033",0,1982-01-01,1982-12-31
"MEM0061",0.010578091573633,1982-01-01,1982-12-31
"MEM0095",0,1982-01-01,1982-12-31
"MEM0136",0.0460917547580289,1982-01-01,1982-12-31
"MEM0139",0.016576723417763,1982-01-01,1982-12-31
"MEM0159",0,1982-01-01,1982-12-31
"MEM0023",0,1982-01-01,1982-12-31
"MEM0027",0,1982-01-01,1982-12-31
"MEM0028",1.18912992552479e-06,1982-01-01,1982-12-31
"MEM0029",0.0439491493084214,1982-01-01,1982-12-31
"MEM0031",0,1982-01-01,1982-12-31
"MEM0039",0.0190701346068858,1982-01-01,1982-12-31
"MEM0049",0,1982-01-01,1982-12-31
"MEM0053",0.00052867729166336,1982-01-01,1982-12-31
"MEM0055",0.00648360433920092,1982-01-01,1982-12-31
"MEM0059",0.0171406609921756,1982-01-01,1982-12-31
"MEM0067",1.19492562925458,1982-01-01,1982-12-31
"MEM0070",0,1982-01-01,1982-12-31
"MEM0072",0.0141066131496299,1982-01-01,1982-12-31
"MEM0073",0.0114798665317013,1982-01-01,1982-12-31
"MEM0087",0.00506428878228602,1982-01-01,1982-12-31
"MEM0088",0,1982-01-01,1982-12-31
"MEM0092",0.00324508911876463,1982-01-01,1982-12-31
"MEM0102",0.0296290154296577,1982-01-01,1982-12-31
"MEM0101",2.4617080104525e-05,1982-01-01,1982-12-31
"MEM0127",0,1982-01-01,1982-12-31
"MEM0128",0.0229205591059614,1982-01-01,1982-12-31
"MEM0134",0.0100944135437705,1982-01-01,1982-12-31
"MEM0148",0,1982-01-01,1982-12-31
"MEM0152",0,1982-01-01,1982-12-31
"MEM0154",0.0174381357219151,1982-01-01,1982-12-31
"MEM0162",0.0163256981605399,1982-01-01,1982-12-31
"MEM0168",0.0175789055722124,1982-01-01,1982-12-31
"MEM0200",0,1982-01-01,1982-12-31
"MEM0201",0,1982-01-01,1982-12-31
"MEM0217",0.0389973709299465,1982-01-01,1982-12-31
"MEM0225",0,1982-01-01,1982-12-31
"MEM0227",0.0255632478530165,1982-01-01,1982-12-31
"MEM0071",0,1982-01-01,1982-12-31
"MEM0111",0.00278621381064299,1982-01-01,1982-12-31
"MEM0153",0.0140776805878622,1982-01-01,1982-12-31
"MEM0184",0.0113755589470488,1982-01-01,1982-12-31
"MEM0189",0.00425943404415214,1982-01-01,1982-12-31
"MEM0011",0,1982-01-01,1982-12-31
"MEM0015",4.74468207086119e-06,1982-01-01,1982-12-31
"MEM0024",1.47020527751942,1982-01-01,1982-12-31
"MEM0044",0,1982-01-01,1982-12-31
"MEM0048",0.00474248257167707,1982-01-01,1982-12-31
"MEM0051",0.00278922827265904,1982-01-01,1982-12-31
"MEM0057",0.00946333778419148,1982-01-01,1982-12-31
"MEM0060",0,1982-01-01,1982-12-31
"MEM0069",0.000440787028350079,1982-01-01,1982-12-31
"MEM0076",2.20327406526098e-05,1982-01-01,1982-12-31
"MEM0082",0.0224925781738175,1982-01-01,1982-12-31
"MEM0086",0.00948689837812278,1982-01-01,1982-12-31
"MEM0093",0,1982-01-01,1982-12-31
"MEM0103",0,1982-01-01,1982-12-31
"MEM0113",0.093756866565593,1982-01-01,1982-12-31
"MEM0118",0,1982-01-01,1982-12-31
"MEM0122",7.07519409468592e-06,1982-01-01,1982-12-31
"MEM0130",0.0155392476960402,1982-01-01,1982-12-31
"MEM0142",0.948790536594314,1982-01-01,1982-12-31
"MEM0144",0,1982-01-01,1982-12-31
"MEM0156",0.0385132308306844,1982-01-01,1982-12-31
"MEM0165",0.0358714554688627,1982-01-01,1982-12-31
"MEM0169",0.0141066131496299,1982-01-01,1982-12-31
"MEM0174",0.00117201869696379,1982-01-01,1982-12-31
"MEM0183",0.0012276458654481,1982-01-01,1982-12-31
"MEM0185",0.0243083260824073,1982-01-01,1982-12-31
"MEM0195",0.0141066131496299,1982-01-01,1982-12-31
"MEM0202",0,1982-01-01,1982-12-31
"MEM0204",0,1982-01-01,1982-12-31
"MEM0208",0.0141066131496299,1982-01-01,1982-12-31
"MEM0212",0,1982-01-01,1982-12-31
"MEM0222",0.000371188098314335,1982-01-01,1982-12-31
"MEM0223",0.0239142654089274,1982-01-01,1982-12-31
"MEM0230",0.000952739211785249,1982-01-01,1982-12-31
"MEM0231",0.0113755589470488,1982-01-01,1982-12-31
"MEM0155",0,1982-01-01,1982-12-31
"MEM0564",0.0141066131496299,1982-01-01,1982-12-31
"MEM0175",0.00438932613320096,1982-01-01,1982-12-31
"MEM0211",0,1982-01-01,1982-12-31
"MEM0007",0,1982-01-01,1982-12-31
"MEM0032",0,1982-01-01,1982-12-31
"MEM0042",0,1982-01-01,1982-12-31
"MEM0045",0,1982-01-01,1982-12-31
"MEM0084",0.0205306514714409,1982-01-01,1982-12-31
"MEM0089",0.0137271738139483,1982-01-01,1982-12-31
"MEM0099",0,1982-01-01,1982-12-31
"MEM0110",0.0457372857499659,1982-01-01,1982-12-31
"MEM0131",0,1982-01-01,1982-12-31
"MEM0133",0.00704056594515427,1982-01-01,1982-12-31
"MEM0158",0.000508149716483705,1982-01-01,1982-12-31
"MEM0186",0.0124650048487615,1982-01-01,1982-12-31
"MEM0187",0.000112546878351257,1982-01-01,1982-12-31
"MEM0190",0.0352758151618512,1982-01-01,1982-12-31
"MEM0193",0,1982-01-01,1982-12-31
"MEM0220",0.00392641313638075,1982-01-01,1982-12-31
"MEM0038",0,1982-01-01,1982-12-31
"MEM0068",0.0399249877104268,1982-01-01,1982-12-31
"MEM0203",0,1982-01-01,1982-12-31
"MEM0025",0.114509513048689,1982-01-01,1982-12-31
"MEM0075",0,1982-01-01,1982-12-31
"MEM0116",0.000577701095444374,1982-01-01,1982-12-31
"MEM0117",0,1982-01-01,1982-12-31
"MEM0124",0,1982-01-01,1982-12-31
"MEM0141",0.0168646732411824,1982-01-01,1982-12-31
"MEM0143",0.0155955522810694,1982-01-01,1982-12-31
"MEM0149",0.000935186511305184,1982-01-01,1982-12-31
"MEM0160",0,1982-01-01,1982-12-31
"MEM0177",0.0304045222285218,1982-01-01,1982-12-31
"MEM0218",0,1982-01-01,1982-12-31
"MEM0228",0,1982-01-01,1982-12-31
"MEM0041",0,1982-01-01,1982-12-31
"MEM0081",0.00312597614680727,1982-01-01,1982-12-31
"MEM0199",0.114509513048689,1982-01-01,1982-12-31
"MEM0229",0.116031617004496,1982-01-01,1982-12-31
"MEM0005",0.000312507980514991,1982-01-01,1982-12-31
"MEM0043",0.0141066131496299,1982-01-01,1982-12-31
"MEM0050",0,1982-01-01,1982-12-31
"MEM0083",0.000417434534127593,1982-01-01,1982-12-31
"MEM0104",0.000219219033328382,1982-01-01,1982-12-31
"MEM0112",0.0229205591059637,1982-01-01,1982-12-31
"MEM0135",0.0165850590344813,1982-01-01,1982-12-31
"MEM0138",1.25107042429307,1982-01-01,1982-12-31
"MEM0180",0.00048824204532672,1982-01-01,1982-12-31
"MEM0206",0.0589756103560499,1982-01-01,1982-12-31
"MEM0215",0.059621816055781,1982-01-01,1982-12-31
"MEM0010",0,1982-01-01,1982-12-31
"MEM0034",0,1982-01-01,1982-12-31
"MEM0037",0.0141066131496299,1982-01-01,1982-12-31
"MEM0085",0.000935186511305184,1982-01-01,1982-12-31
"MEM0091",0,1982-01-01,1982-12-31
"MEM0098",0,1982-01-01,1982-12-31
"MEM0106",0.0141066131496299,1982-01-01,1982-12-31
"MEM0125",0.00141179469669834,1982-01-01,1982-12-31
"MEM0163",0,1982-01-01,1982-12-31
"MEM0178",0,1982-01-01,1982-12-31
"MEM0181",8.48940719561053e-06,1982-01-01,1982-12-31
"MEM0192",0.000154322492843384,1982-01-01,1982-12-31
"MEM0019",0,1982-01-01,1982-12-31
"MEM0100",0,1982-01-01,1982-12-31
"MEM0172",0.0141066131496299,1982-01-01,1982-12-31
"MEM0188",0.0100872004420556,1982-01-01,1982-12-31
"MEM0214",0.0403675477362746,1982-01-01,1982-12-31
"MEM0047",0,1982-01-01,1982-12-31
"MEM0096",0.028580244137177,1982-01-01,1982-12-31
"MEM0107",0.00846817304759151,1982-01-01,1982-12-31
"MEM0205",1.56820012588749,1982-01-01,1982-12-31
"MEM0146",0,1982-01-01,1982-12-31
"MEM0164",0,1982-01-01,1982-12-31
"MEM0179",0.0223675219430468,1982-01-01,1982-12-31
"MEM0129",0.000458811139338428,1982-01-01,1982-12-31
"MEM0210",0.0098680810610185,1982-01-01,1982-12-31
"MEM0120",0,1982-01-01,1982-12-31
"MEM0209",0,1982-01-01,1982-12-31
"MEM0121",0,1982-01-01,1982-12-31
"MEM0114",0.000841021632653682,1982-01-01,1982-12-31
"MEM0140",0,1982-01-01,1982-12-31
"MEM0293",0.00895907799407819,1982-01-01,1982-12-31
"MEM0390",4.26285169288564e-05,1982-01-01,1982-12-31
"MEM0369",0.00150930876985435,1982-01-01,1982-12-31
"MEM0391",0.018121862252055,1982-01-01,1982-12-31
"MEM0505",0.0258977041031886,1982-01-01,1982-12-31
"MEM0320",0,1982-01-01,1982-12-31
"MEM0370",0,1982-01-01,1982-12-31
"MEM0473",0.0218816286989194,1982-01-01,1982-12-31
"MEM0371",0.00152106088696082,1982-01-01,1982-12-31
"MEM0373",0,1982-01-01,1982-12-31
"MEM0510",0.0770269679039906,1982-01-01,1982-12-31
"MEM0239",0.0108767949491626,1982-01-01,1982-12-31
"MEM0400",0.000914098826718732,1982-01-01,1982-12-31
"MEM0378",0,1982-01-01,1982-12-31
"MEM0302",0.0390463686755716,1982-01-01,1982-12-31
"MEM0247",0.0112242108018663,1982-01-01,1982-12-31
"MEM0338",0,1982-01-01,1982-12-31
"MEM0424",0,1982-01-01,1982-12-31
"MEM0407",0.00261459313346542,1982-01-01,1982-12-31
"MEM0408",0.000142499811966674,1982-01-01,1982-12-31
"MEM0425",0,1982-01-01,1982-12-31
"MEM0496",0.0752991883490733,1982-01-01,1982-12-31
"MEM0524",0,1982-01-01,1982-12-31
"MEM0481",0.00670930109196508,1982-01-01,1982-12-31
"MEM0497",0,1982-01-01,1982-12-31
"MEM0281",0.011589097900675,1982-01-01,1982-12-31
"MEM0250",0,1982-01-01,1982-12-31
"MEM0364",0.00592446516345022,1982-01-01,1982-12-31
"MEM0286",0.00728945067621029,1982-01-01,1982-12-31
"MEM0251",0.0454726441094445,1982-01-01,1982-12-31
"MEM0410",0,1982-01-01,1982-12-31
"MEM0542",0,1982-01-01,1982-12-31
"MEM0349",0,1982-01-01,1982-12-31
"MEM0449",0,1982-01-01,1982-12-31
"MEM0447",0.00175019287011423,1982-01-01,1982-12-31
"MEM0519",0.0124545763781326,1982-01-01,1982-12-31
"MEM0520",0,1982-01-01,1982-12-31
"MEM0318",0,1982-01-01,1982-12-31
"MEM0486",0.0392576507597551,1982-01-01,1982-12-31
"MEM0277",0,1982-01-01,1982-12-31
"MEM0333",0,1982-01-01,1982-12-31
"MEM0467",0.012566337836764,1982-01-01,1982-12-31
"MEM0367",0,1982-01-01,1982-12-31
"MEM0278",0.0103572068296343,1982-01-01,1982-12-31
"MEM0567",0.0523144236630606,1982-01-01,1982-12-31
"MEM0294",0,1982-01-01,1982-12-31
"MEM0233",0,1982-01-01,1982-12-31
"MEM0234",0.000295823592651819,1982-01-01,1982-12-31
"MEM0353",0.0148897398877184,1982-01-01,1982-12-31
"MEM0297",0.0469393522359276,1982-01-01,1982-12-31
"MEM0544",0.0398206259756279,1982-01-01,1982-12-31
"MEM0489",0.0392576507597551,1982-01-01,1982-12-31
"MEM0472",0,1982-01-01,1982-12-31
"MEM0451",0.000291795481323789,1982-01-01,1982-12-31
"MEM0438",0,1982-01-01,1982-12-31
"MEM0236",0.00270419341669523,1982-01-01,1982-12-31
"MEM0509",0.0145093813927201,1982-01-01,1982-12-31
"MEM0399",0.0112390936222206,1982-01-01,1982-12-31
"MEM0441",0,1982-01-01,1982-12-31
"MEM0372",0,1982-01-01,1982-12-31
"MEM0237",0,1982-01-01,1982-12-31
"MEM0358",6.75245826094566e-05,1982-01-01,1982-12-31
"MEM0336",0,1982-01-01,1982-12-31
"MEM0304",0,1982-01-01,1982-12-31
"MEM0351",0.0912068587569819,1982-01-01,1982-12-31
"MEM0479",0.0141034109282755,1982-01-01,1982-12-31
"MEM0360",0,1982-01-01,1982-12-31
"MEM0361",0,1982-01-01,1982-12-31
"MEM0454",0,1982-01-01,1982-12-31
"MEM0534",0.0122151327954921,1982-01-01,1982-12-31
"MEM0305",0.0019075583469154,1982-01-01,1982-12-31
"MEM0337",0,1982-01-01,1982-12-31
"MEM0269",0,1982-01-01,1982-12-31
"MEM0443",0,1982-01-01,1982-12-31
"MEM0494",0,1982-01-01,1982-12-31
"MEM0306",0.00436767071776219,1982-01-01,1982-12-31
"MEM0363",0.00926051254710034,1982-01-01,1982-12-31
"MEM0279",0,1982-01-01,1982-12-31
"MEM0444",0.00567818004029554,1982-01-01,1982-12-31
"MEM0272",0.0141066131496299,1982-01-01,1982-12-31
"MEM0309",0.013826937940176,1982-01-01,1982-12-31
"MEM0311",0.00360216577107497,1982-01-01,1982-12-31
"MEM0409",0,1982-01-01,1982-12-31
"MEM0499",0.000107868472132176,1982-01-01,1982-12-31
"MEM0445",0,1982-01-01,1982-12-31
"MEM0383",0,1982-01-01,1982-12-31
"MEM0384",0,1982-01-01,1982-12-31
"MEM0482",0.0470140446072636,1982-01-01,1982-12-31
"MEM0274",0.00157869908897511,1982-01-01,1982-12-31
"MEM0386",0,1982-01-01,1982-12-31
"MEM0502",0,1982-01-01,1982-12-31
"MEM0315",0.00567818004029554,1982-01-01,1982-12-31
"MEM0316",0.00210906287331379,1982-01-01,1982-12-31
"MEM0462",0.0920445769134593,1982-01-01,1982-12-31
"MEM0529",0.00306736201606047,1982-01-01,1982-12-31
"MEM0503",0.0145093813927201,1982-01-01,1982-12-31
"MEM0256",0.00125937184726225,1982-01-01,1982-12-31
"MEM0508",0.00314158445919101,1982-01-01,1982-12-31
"MEM0396",0,1982-01-01,1982-12-31
"MEM0540",0.00314158445919101,1982-01-01,1982-12-31
"MEM0475",0,1982-01-01,1982-12-31
"MEM0476",0,1982-01-01,1982-12-31
"MEM0300",0.00138181657795543,1982-01-01,1982-12-31
"MEM0477",0.00142166631232281,1982-01-01,1982-12-31
"MEM0238",0.00361364768548065,1982-01-01,1982-12-31
"MEM0419",0,1982-01-01,1982-12-31
"MEM0303",0.0176025335894345,1982-01-01,1982-12-31
"MEM0346",0,1982-01-01,1982-12-31
"MEM0401",0,1982-01-01,1982-12-31
"MEM0490",0.00436767071776219,1982-01-01,1982-12-31
"MEM0244",0,1982-01-01,1982-12-31
"MEM0404",0.171401186216726,1982-01-01,1982-12-31
"MEM0405",0.0251500578776312,1982-01-01,1982-12-31
"MEM0248",0.0025882577060608,1982-01-01,1982-12-31
"MEM0380",0,1982-01-01,1982-12-31
"MEM0314",0.135171380051921,1982-01-01,1982-12-31
"MEM0275",0.00728945067621029,1982-01-01,1982-12-31
"MEM0446",0.00361364768548065,1982-01-01,1982-12-31
"MEM0253",0.00998176590204691,1982-01-01,1982-12-31
"MEM0254",0.00177259920306393,1982-01-01,1982-12-31
"MEM0535",4.46081248070808e-05,1982-01-01,1982-12-31
"MEM0518",0.00138181657795543,1982-01-01,1982-12-31
"MEM0528",0,1982-01-01,1982-12-31
"MEM0483",0.000103361949428689,1982-01-01,1982-12-31
"MEM0559",0.000559140529561857,1982-01-01,1982-12-31
"MEM0484",0,1982-01-01,1982-12-31
"MEM0436",0,1982-01-01,1982-12-31
"MEM0261",0,1982-01-01,1982-12-31
"MEM0393",7.61109032347886e-05,1982-01-01,1982-12-31
"MEM0506",0.00304709205536211,1982-01-01,1982-12-31
"MEM0235",0.00524526618732291,1982-01-01,1982-12-31
"MEM0397",0.0163280735177395,1982-01-01,1982-12-31
"MEM0322",0,1982-01-01,1982-12-31
"MEM0357",0.0569923233362533,1982-01-01,1982-12-31
"MEM0548",0.00361364768548065,1982-01-01,1982-12-31
"MEM0478",0.0168884002857615,1982-01-01,1982-12-31
"MEM0359",0.0065727411715935,1982-01-01,1982-12-31
"MEM0240",0.00314158445919101,1982-01-01,1982-12-31
"MEM0241",0.000925026267038102,1982-01-01,1982-12-31
"MEM0242",0.0010417627346241,1982-01-01,1982-12-31
"MEM0403",0.000845166836933933,1982-01-01,1982-12-31
"MEM0327",0.0017210912160541,1982-01-01,1982-12-31
"MEM0268",0.00264404231816069,1982-01-01,1982-12-31
"MEM0422",0,1982-01-01,1982-12-31
"MEM0492",0,1982-01-01,1982-12-31
"MEM0406",0.00029055829850352,1982-01-01,1982-12-31
"MEM0246",0.0114408003466671,1982-01-01,1982-12-31
"MEM0381",0.0017210912160541,1982-01-01,1982-12-31
"MEM0271",0,1982-01-01,1982-12-31
"MEM0310",0,1982-01-01,1982-12-31
"MEM0557",0.00413049248000101,1982-01-01,1982-12-31
"MEM0249",0.0469899139715972,1982-01-01,1982-12-31
"MEM0312",0.0279032347468485,1982-01-01,1982-12-31
"MEM0287",0,1982-01-01,1982-12-31
"MEM0431",0.00877947690885345,1982-01-01,1982-12-31
"MEM0448",0,1982-01-01,1982-12-31
"MEM0415",0,1982-01-01,1982-12-31
"MEM0331",0,1982-01-01,1982-12-31
"MEM0434",0,1982-01-01,1982-12-31
"MEM0543",0.0844760484820569,1982-01-01,1982-12-31
"MEM0470",0.0145093813927201,1982-01-01,1982-12-31
"MEM0545",0.00168192060518475,1982-01-01,1982-12-31
"MEM0299",0.00728945067621029,1982-01-01,1982-12-31
"MEM0291",0,1982-01-01,1982-12-31
"MEM0301",0.00749921726534632,1982-01-01,1982-12-31
"MEM0554",0,1982-01-01,1982-12-31
"MEM0308",0,1982-01-01,1982-12-31
"MEM0523",0.000178272601088909,1982-01-01,1982-12-31
"MEM0307",0.0281684431068243,1982-01-01,1982-12-31
"MEM0513",0.0110265588483587,1982-01-01,1982-12-31
"MEM0273",0,1982-01-01,1982-12-31
"MEM0514",0.00862843733513372,1982-01-01,1982-12-31
"MEM0515",0,1982-01-01,1982-12-31
"MEM0501",0.00172814606504165,1982-01-01,1982-12-31
"MEM0416",0.025503004737339,1982-01-01,1982-12-31
"MEM0257",0.00345762826377695,1982-01-01,1982-12-31
"MEM0469",0.0175789055722124,1982-01-01,1982-12-31
"MEM0507",0,1982-01-01,1982-12-31
"MEM0334",0,1982-01-01,1982-12-31
"MEM0547",0.0398206259756279,1982-01-01,1982-12-31
"MEM0375",0,1982-01-01,1982-12-31
"MEM0377",0,1982-01-01,1982-12-31
"MEM0243",0,1982-01-01,1982-12-31
"MEM0362",0,1982-01-01,1982-12-31
"MEM0555",0,1982-01-01,1982-12-31
"MEM0423",0.00654001404035191,1982-01-01,1982-12-31
"MEM0348",0,1982-01-01,1982-12-31
"MEM0526",0.0384168495634837,1982-01-01,1982-12-31
"MEM0342",0,1982-01-01,1982-12-31
"MEM0485",0.0145093813927201,1982-01-01,1982-12-31
"MEM0468",0.00176595948076043,1982-01-01,1982-12-31
"MEM0435",0.00567988303169669,1982-01-01,1982-12-31
"MEM0537",0,1982-01-01,1982-12-31
"MEM0258",0.00415588827859086,1982-01-01,1982-12-31
"MEM0504",0,1982-01-01,1982-12-31
"MEM0471",0.0145093813927201,1982-01-01,1982-12-31
"MEM0394",0.00466725216527885,1982-01-01,1982-12-31
"MEM0450",0,1982-01-01,1982-12-31
"MEM0298",0.00361364768548065,1982-01-01,1982-12-31
"MEM0252",0.0123833775011501,1982-01-01,1982-12-31
"MEM0517",0.00314158445919101,1982-01-01,1982-12-31
"MEM0413",0,1982-01-01,1982-12-31
"MEM0417",0.197007084449046,1982-01-01,1982-12-31
"MEM0521",0.304643682387915,1982-01-01,1982-12-31
"MEM0392",0.000637355838370812,1982-01-01,1982-12-31
"MEM0546",0.00280633569378195,1982-01-01,1982-12-31
"MEM0541",0,1982-01-01,1982-12-31
"MEM0426",0.00698022462600299,1982-01-01,1982-12-31
"MEM0317",0.00717614219872371,1982-01-01,1982-12-31
"MEM0428",0,1982-01-01,1982-12-31
"MEM0474",0.0005413151401191,1982-01-01,1982-12-31
"MEM0340",0,1982-01-01,1982-12-31
"MEM0487",0.00670831310411649,1982-01-01,1982-12-31
"MEM0313",0.00324869844535293,1982-01-01,1982-12-31
"MEM0525",0.00596809341557526,1982-01-01,1982-12-31
"MEM0207",1.21478963261599,1982-01-01,1982-12-31
"MEM0260",0,1982-01-01,1982-12-31
"MEM0533",0.0113891439573626,1982-01-01,1982-12-31
"MEM0347",0,1982-01-01,1982-12-31
"MEM0191",0,1982-01-01,1982-12-31
"MEM0572",0.0188876187637989,1982-01-01,1982-12-31
"MEM0565",0.000229199450144285,1982-01-01,1982-12-31
"MEM0221",5.54630174886883e-05,1982-01-01,1982-12-31
"MEM0219",0,1982-01-01,1982-12-31
"MEM0538",0,1982-01-01,1982-12-31
"MEM0549",0,1982-01-01,1982-12-31
"MEM0216",0,1982-01-01,1982-12-31
"MEM0194",0,1982-01-01,1982-12-31
"MEM0562",0.00029055829850352,1982-01-01,1982-12-31
"MEM0323",3.22475667309167e-05,1982-01-01,1982-12-31
"MEM0531",0,1982-01-01,1982-12-31
"MEM0561",0.000255123376219611,1982-01-01,1982-12-31
"MEM0167",0,1982-01-01,1982-12-31
"MEM0560",0,1982-01-01,1982-12-31
"MEM0182",0,1982-01-01,1982-12-31
"MEM0553",0.000436948866935744,1982-01-01,1982-12-31
"MEM0365",0,1982-01-01,1982-12-31
"MEM0350",0,1982-01-01,1982-12-31
"MEM0522",0,1982-01-01,1982-12-31
"MEM0461",0,1982-01-01,1982-12-31
"MEM0527",0,1982-01-01,1982-12-31
"MEM0056",0.131870286245465,1983-01-01,1983-12-31
"MEM0080",0,1983-01-01,1983-12-31
"MEM0094",0,1983-01-01,1983-12-31
"MEM0170",0,1983-01-01,1983-12-31
"MEM0003",0.00013641353188343,1983-01-01,1983-12-31
"MEM0004",0.0196170720747659,1983-01-01,1983-12-31
"MEM0006",0.18559500946356,1983-01-01,1983-12-31
"MEM0008",0,1983-01-01,1983-12-31
"MEM0009",0.0010778935505306,1983-01-01,1983-12-31
"MEM0012",0.00639193120209803,1983-01-01,1983-12-31
"MEM0013",0,1983-01-01,1983-12-31
"MEM0016",0.0201141460319291,1983-01-01,1983-12-31
"MEM0022",0.0110784792639882,1983-01-01,1983-12-31
"MEM0026",0,1983-01-01,1983-12-31
"MEM0035",0,1983-01-01,1983-12-31
"MEM0036",0.0243660709778386,1983-01-01,1983-12-31
"MEM0046",0.15225038220511,1983-01-01,1983-12-31
"MEM0054",0.131870286245465,1983-01-01,1983-12-31
"MEM0062",0,1983-01-01,1983-12-31
"MEM0064",0,1983-01-01,1983-12-31
"MEM0065",0.058826947703979,1983-01-01,1983-12-31
"MEM0066",0.15225038220511,1983-01-01,1983-12-31
"MEM0077",0,1983-01-01,1983-12-31
"MEM0105",0,1983-01-01,1983-12-31
"MEM0109",0.00976191144330834,1983-01-01,1983-12-31
"MEM0115",0.042076538431958,1983-01-01,1983-12-31
"MEM0145",0,1983-01-01,1983-12-31
"MEM0150",0,1983-01-01,1983-12-31
"MEM0157",0,1983-01-01,1983-12-31
"MEM0161",0,1983-01-01,1983-12-31
"MEM0213",0,1983-01-01,1983-12-31
"MEM0232",0.0312424238915741,1983-01-01,1983-12-31
"MEM0021",0,1983-01-01,1983-12-31
"MEM0033",0,1983-01-01,1983-12-31
"MEM0061",0.00336961855186071,1983-01-01,1983-12-31
"MEM0095",0,1983-01-01,1983-12-31
"MEM0136",0.17747927336767,1983-01-01,1983-12-31
"MEM0139",0.0170030623113389,1983-01-01,1983-12-31
"MEM0023",0,1983-01-01,1983-12-31
"MEM0027",0,1983-01-01,1983-12-31
"MEM0028",0,1983-01-01,1983-12-31
"MEM0029",0.0901069753569916,1983-01-01,1983-12-31
"MEM0031",2.97650464589275e-06,1983-01-01,1983-12-31
"MEM0039",0.0339015014896176,1983-01-01,1983-12-31
"MEM0049",0,1983-01-01,1983-12-31
"MEM0053",0.00863841973263117,1983-01-01,1983-12-31
"MEM0055",0.036995327775405,1983-01-01,1983-12-31
"MEM0059",0.00257907538169322,1983-01-01,1983-12-31
"MEM0067",0.931866598510842,1983-01-01,1983-12-31
"MEM0070",0.00943202747529293,1983-01-01,1983-12-31
"MEM0072",0,1983-01-01,1983-12-31
"MEM0087",0.02582412366509,1983-01-01,1983-12-31
"MEM0088",0,1983-01-01,1983-12-31
"MEM0092",0,1983-01-01,1983-12-31
"MEM0102",0.0243660709778383,1983-01-01,1983-12-31
"MEM0101",7.06207784326031e-05,1983-01-01,1983-12-31
"MEM0128",0.0122815807439699,1983-01-01,1983-12-31
"MEM0147",0,1983-01-01,1983-12-31
"MEM0152",0,1983-01-01,1983-12-31
"MEM0162",0,1983-01-01,1983-12-31
"MEM0168",0,1983-01-01,1983-12-31
"MEM0194",0,1983-01-01,1983-12-31
"MEM0200",0,1983-01-01,1983-12-31
"MEM0201",0,1983-01-01,1983-12-31
"MEM0217",0.0244350742114552,1983-01-01,1983-12-31
"MEM0225",0,1983-01-01,1983-12-31
"MEM0227",0.0246416569038248,1983-01-01,1983-12-31
"MEM0071",0,1983-01-01,1983-12-31
"MEM0111",0.00704424599442049,1983-01-01,1983-12-31
"MEM0153",0.0102777888483858,1983-01-01,1983-12-31
"MEM0184",0.0221229093873071,1983-01-01,1983-12-31
"MEM0189",0.00109154540778778,1983-01-01,1983-12-31
"MEM0011",0,1983-01-01,1983-12-31
"MEM0015",0,1983-01-01,1983-12-31
"MEM0024",0.0110784792639882,1983-01-01,1983-12-31
"MEM0044",6.36849316798065e-06,1983-01-01,1983-12-31
"MEM0048",0,1983-01-01,1983-12-31
"MEM0051",0.145854567032903,1983-01-01,1983-12-31
"MEM0057",0.00608830343200424,1983-01-01,1983-12-31
"MEM0060",0,1983-01-01,1983-12-31
"MEM0069",0.000337580463264167,1983-01-01,1983-12-31
"MEM0076",0.000824878598681928,1983-01-01,1983-12-31
"MEM0082",0.0606299380263402,1983-01-01,1983-12-31
"MEM0086",0.145424584767355,1983-01-01,1983-12-31
"MEM0093",0,1983-01-01,1983-12-31
"MEM0103",0,1983-01-01,1983-12-31
"MEM0113",0.016595872443709,1983-01-01,1983-12-31
"MEM0118",0,1983-01-01,1983-12-31
"MEM0122",2.97309350379069e-06,1983-01-01,1983-12-31
"MEM0126",0,1983-01-01,1983-12-31
"MEM0130",0.0172305583208011,1983-01-01,1983-12-31
"MEM0134",0,1983-01-01,1983-12-31
"MEM0142",0,1983-01-01,1983-12-31
"MEM0144",0,1983-01-01,1983-12-31
"MEM0154",0.0136869925461748,1983-01-01,1983-12-31
"MEM0156",0.0151518178544286,1983-01-01,1983-12-31
"MEM0165",0.0424167937943911,1983-01-01,1983-12-31
"MEM0169",0,1983-01-01,1983-12-31
"MEM0174",0,1983-01-01,1983-12-31
"MEM0183",0.00734521502580681,1983-01-01,1983-12-31
"MEM0185",0.0165093912622079,1983-01-01,1983-12-31
"MEM0195",0,1983-01-01,1983-12-31
"MEM0202",0.000830073194169874,1983-01-01,1983-12-31
"MEM0204",0,1983-01-01,1983-12-31
"MEM0208",0,1983-01-01,1983-12-31
"MEM0212",0,1983-01-01,1983-12-31
"MEM0222",0.000824878598681928,1983-01-01,1983-12-31
"MEM0223",0.00608830343200424,1983-01-01,1983-12-31
"MEM0230",0.00171881717622999,1983-01-01,1983-12-31
"MEM0231",0.0463751196689432,1983-01-01,1983-12-31
"MEM0155",0,1983-01-01,1983-12-31
"MEM0564",0,1983-01-01,1983-12-31
"MEM0175",0.00514406566930093,1983-01-01,1983-12-31
"MEM0211",0.0292714615199084,1983-01-01,1983-12-31
"MEM0042",0,1983-01-01,1983-12-31
"MEM0045",0,1983-01-01,1983-12-31
"MEM0084",0.00846416288587433,1983-01-01,1983-12-31
"MEM0089",0.00648884478402533,1983-01-01,1983-12-31
"MEM0099",0,1983-01-01,1983-12-31
"MEM0110",0.131870286245465,1983-01-01,1983-12-31
"MEM0131",0,1983-01-01,1983-12-31
"MEM0133",0.0135910128092145,1983-01-01,1983-12-31
"MEM0158",0,1983-01-01,1983-12-31
"MEM0186",0.0480113968454267,1983-01-01,1983-12-31
"MEM0187",7.84541797959167e-05,1983-01-01,1983-12-31
"MEM0190",0.0681373248969365,1983-01-01,1983-12-31
"MEM0193",0,1983-01-01,1983-12-31
"MEM0220",0.0045538588485626,1983-01-01,1983-12-31
"MEM0038",0,1983-01-01,1983-12-31
"MEM0068",0.0225337049247645,1983-01-01,1983-12-31
"MEM0203",0,1983-01-01,1983-12-31
"MEM0025",0.131870286245465,1983-01-01,1983-12-31
"MEM0032",0,1983-01-01,1983-12-31
"MEM0075",0.0107158246088357,1983-01-01,1983-12-31
"MEM0116",0.000775761453460298,1983-01-01,1983-12-31
"MEM0141",0.0019573056100661,1983-01-01,1983-12-31
"MEM0149",0.00412982701233473,1983-01-01,1983-12-31
"MEM0177",0.0126558521850897,1983-01-01,1983-12-31
"MEM0218",0,1983-01-01,1983-12-31
"MEM0228",0,1983-01-01,1983-12-31
"MEM0041",0,1983-01-01,1983-12-31
"MEM0081",0.000611972121866123,1983-01-01,1983-12-31
"MEM0199",0.131870286245465,1983-01-01,1983-12-31
"MEM0229",2.1058699247551,1983-01-01,1983-12-31
"MEM0050",0,1983-01-01,1983-12-31
"MEM0083",0.00113929132453824,1983-01-01,1983-12-31
"MEM0104",0.000141947445116468,1983-01-01,1983-12-31
"MEM0112",0.0188670280440885,1983-01-01,1983-12-31
"MEM0117",0,1983-01-01,1983-12-31
"MEM0127",0,1983-01-01,1983-12-31
"MEM0135",0.0430919619821826,1983-01-01,1983-12-31
"MEM0138",1.02749180757659,1983-01-01,1983-12-31
"MEM0180",0.00135183270276408,1983-01-01,1983-12-31
"MEM0206",0.0391144516448159,1983-01-01,1983-12-31
"MEM0215",0.0490423714816434,1983-01-01,1983-12-31
"MEM0034",0,1983-01-01,1983-12-31
"MEM0037",0.00708769268874018,1983-01-01,1983-12-31
"MEM0043",0.0104333975400518,1983-01-01,1983-12-31
"MEM0085",0.00412982701233473,1983-01-01,1983-12-31
"MEM0091",0,1983-01-01,1983-12-31
"MEM0098",0,1983-01-01,1983-12-31
"MEM0106",0.00515815076338652,1983-01-01,1983-12-31
"MEM0125",0.000139385532428276,1983-01-01,1983-12-31
"MEM0143",0,1983-01-01,1983-12-31
"MEM0163",0,1983-01-01,1983-12-31
"MEM0178",0,1983-01-01,1983-12-31
"MEM0181",2.02712352739688e-05,1983-01-01,1983-12-31
"MEM0192",0.000514140475531229,1983-01-01,1983-12-31
"MEM0100",0,1983-01-01,1983-12-31
"MEM0172",0,1983-01-01,1983-12-31
"MEM0188",0.00952733329274583,1983-01-01,1983-12-31
"MEM0214",0.0396609059889389,1983-01-01,1983-12-31
"MEM0047",0,1983-01-01,1983-12-31
"MEM0005",0,1983-01-01,1983-12-31
"MEM0010",0,1983-01-01,1983-12-31
"MEM0096",0.039426768992216,1983-01-01,1983-12-31
"MEM0107",0.0108483494618127,1983-01-01,1983-12-31
"MEM0205",0.0690338847770629,1983-01-01,1983-12-31
"MEM0146",0,1983-01-01,1983-12-31
"MEM0179",0.0169270535558934,1983-01-01,1983-12-31
"MEM0129",0.000319474352741012,1983-01-01,1983-12-31
"MEM0210",0.00405536055233677,1983-01-01,1983-12-31
"MEM0120",0,1983-01-01,1983-12-31
"MEM0209",0.00939742378209485,1983-01-01,1983-12-31
"MEM0114",0.000193115374710641,1983-01-01,1983-12-31
"MEM0140",0.000611972121866123,1983-01-01,1983-12-31
"MEM0293",0.0131665172254647,1983-01-01,1983-12-31
"MEM0390",0.000475811432837115,1983-01-01,1983-12-31
"MEM0369",0.00220459288224445,1983-01-01,1983-12-31
"MEM0391",0.0131267155455751,1983-01-01,1983-12-31
"MEM0505",0.0466494025074284,1983-01-01,1983-12-31
"MEM0320",0,1983-01-01,1983-12-31
"MEM0370",0,1983-01-01,1983-12-31
"MEM0473",0,1983-01-01,1983-12-31
"MEM0371",0.00518382646575549,1983-01-01,1983-12-31
"MEM0373",0,1983-01-01,1983-12-31
"MEM0510",0.0163585666542516,1983-01-01,1983-12-31
"MEM0239",0.0141333518790158,1983-01-01,1983-12-31
"MEM0400",0.00506145645377263,1983-01-01,1983-12-31
"MEM0302",0.0518315166914931,1983-01-01,1983-12-31
"MEM0247",0.0195042616723355,1983-01-01,1983-12-31
"MEM0338",0,1983-01-01,1983-12-31
"MEM0424",0,1983-01-01,1983-12-31
"MEM0407",0.0101808264725287,1983-01-01,1983-12-31
"MEM0408",0.000341514533482952,1983-01-01,1983-12-31
"MEM0425",0,1983-01-01,1983-12-31
"MEM0496",1.14446780875968,1983-01-01,1983-12-31
"MEM0524",0,1983-01-01,1983-12-31
"MEM0481",0.00660153660475285,1983-01-01,1983-12-31
"MEM0497",0,1983-01-01,1983-12-31
"MEM0281",0.0113461921206245,1983-01-01,1983-12-31
"MEM0250",0,1983-01-01,1983-12-31
"MEM0364",0.00744186017893364,1983-01-01,1983-12-31
"MEM0286",0.00807904850874443,1983-01-01,1983-12-31
"MEM0251",0.0998142209425751,1983-01-01,1983-12-31
"MEM0410",0,1983-01-01,1983-12-31
"MEM0542",0,1983-01-01,1983-12-31
"MEM0349",0,1983-01-01,1983-12-31
"MEM0449",0,1983-01-01,1983-12-31
"MEM0447",0.00330359925197229,1983-01-01,1983-12-31
"MEM0414",0,1983-01-01,1983-12-31
"MEM0519",0.012558721288866,1983-01-01,1983-12-31
"MEM0520",0,1983-01-01,1983-12-31
"MEM0318",0,1983-01-01,1983-12-31
"MEM0486",0.0561382233324678,1983-01-01,1983-12-31
"MEM0277",0,1983-01-01,1983-12-31
"MEM0333",0,1983-01-01,1983-12-31
"MEM0467",0.0175916090210853,1983-01-01,1983-12-31
"MEM0367",0,1983-01-01,1983-12-31
"MEM0278",0.0112547383345998,1983-01-01,1983-12-31
"MEM0567",0.131870286245465,1983-01-01,1983-12-31
"MEM0294",0,1983-01-01,1983-12-31
"MEM0233",0,1983-01-01,1983-12-31
"MEM0234",0.000926962614092685,1983-01-01,1983-12-31
"MEM0297",0.113102434383761,1983-01-01,1983-12-31
"MEM0544",0.00283035722851234,1983-01-01,1983-12-31
"MEM0392",0.00090741743700787,1983-01-01,1983-12-31
"MEM0489",0.0561382233324678,1983-01-01,1983-12-31
"MEM0472",0.000351022487225188,1983-01-01,1983-12-31
"MEM0451",0.000587917950983695,1983-01-01,1983-12-31
"MEM0438",0.000351022487225188,1983-01-01,1983-12-31
"MEM0236",0.00381065711909383,1983-01-01,1983-12-31
"MEM0509",0.0574888949987951,1983-01-01,1983-12-31
"MEM0399",0.029744400946046,1983-01-01,1983-12-31
"MEM0441",0,1983-01-01,1983-12-31
"MEM0372",0,1983-01-01,1983-12-31
"MEM0237",0,1983-01-01,1983-12-31
"MEM0358",0.00170760499158882,1983-01-01,1983-12-31
"MEM0336",0,1983-01-01,1983-12-31
"MEM0378",0,1983-01-01,1983-12-31
"MEM0304",0.000351022487225188,1983-01-01,1983-12-31
"MEM0351",0.110296302994671,1983-01-01,1983-12-31
"MEM0479",0.0219263386065342,1983-01-01,1983-12-31
"MEM0360",0.000351022487225188,1983-01-01,1983-12-31
"MEM0361",0,1983-01-01,1983-12-31
"MEM0454",0,1983-01-01,1983-12-31
"MEM0534",0.0259533288460869,1983-01-01,1983-12-31
"MEM0305",0.00245617650180936,1983-01-01,1983-12-31
"MEM0337",0,1983-01-01,1983-12-31
"MEM0269",0,1983-01-01,1983-12-31
"MEM0494",0,1983-01-01,1983-12-31
"MEM0306",0.00259392294725498,1983-01-01,1983-12-31
"MEM0363",0.0102761497134589,1983-01-01,1983-12-31
"MEM0279",0,1983-01-01,1983-12-31
"MEM0444",0.010746545324707,1983-01-01,1983-12-31
"MEM0272",0,1983-01-01,1983-12-31
"MEM0309",0.032085135742514,1983-01-01,1983-12-31
"MEM0311",0.00384751741418935,1983-01-01,1983-12-31
"MEM0409",0,1983-01-01,1983-12-31
"MEM0499",0.000923376386308285,1983-01-01,1983-12-31
"MEM0445",0,1983-01-01,1983-12-31
"MEM0383",0,1983-01-01,1983-12-31
"MEM0384",0,1983-01-01,1983-12-31
"MEM0482",0.101961034030411,1983-01-01,1983-12-31
"MEM0274",0.000216005701057273,1983-01-01,1983-12-31
"MEM0314",1.32393749480662,1983-01-01,1983-12-31
"MEM0502",0,1983-01-01,1983-12-31
"MEM0315",0.0100372964083806,1983-01-01,1983-12-31
"MEM0316",0.00270403788504627,1983-01-01,1983-12-31
"MEM0462",0.112211833961091,1983-01-01,1983-12-31
"MEM0529",0.00428498291649968,1983-01-01,1983-12-31
"MEM0503",0.0574888949987951,1983-01-01,1983-12-31
"MEM0256",0.00567245645907592,1983-01-01,1983-12-31
"MEM0508",0.00423088329551197,1983-01-01,1983-12-31
"MEM0396",0,1983-01-01,1983-12-31
"MEM0540",0.00423088329551197,1983-01-01,1983-12-31
"MEM0475",0,1983-01-01,1983-12-31
"MEM0476",0,1983-01-01,1983-12-31
"MEM0300",0.000875489667746188,1983-01-01,1983-12-31
"MEM0238",0.00791495676649307,1983-01-01,1983-12-31
"MEM0419",0,1983-01-01,1983-12-31
"MEM0303",0.0333259977522848,1983-01-01,1983-12-31
"MEM0401",0,1983-01-01,1983-12-31
"MEM0490",0.00259392294725498,1983-01-01,1983-12-31
"MEM0244",0,1983-01-01,1983-12-31
"MEM0404",0.227277944038211,1983-01-01,1983-12-31
"MEM0405",0.0802027227679302,1983-01-01,1983-12-31
"MEM0443",0,1983-01-01,1983-12-31
"MEM0248",0.0169046201415099,1983-01-01,1983-12-31
"MEM0380",0,1983-01-01,1983-12-31
"MEM0275",0.00807904850874443,1983-01-01,1983-12-31
"MEM0446",0.00747435004931982,1983-01-01,1983-12-31
"MEM0253",0.0130949626661869,1983-01-01,1983-12-31
"MEM0254",0.00952827965448879,1983-01-01,1983-12-31
"MEM0386",0,1983-01-01,1983-12-31
"MEM0535",6.96417477747278e-05,1983-01-01,1983-12-31
"MEM0518",0.000875489667746188,1983-01-01,1983-12-31
"MEM0528",0,1983-01-01,1983-12-31
"MEM0483",0.000435707560272076,1983-01-01,1983-12-31
"MEM0559",0.00117340491326906,1983-01-01,1983-12-31
"MEM0484",0,1983-01-01,1983-12-31
"MEM0436",0,1983-01-01,1983-12-31
"MEM0261",0,1983-01-01,1983-12-31
"MEM0393",0.000786749861544247,1983-01-01,1983-12-31
"MEM0506",0.00256269561396336,1983-01-01,1983-12-31
"MEM0235",0.0164914818363525,1983-01-01,1983-12-31
"MEM0397",0.0172088270260503,1983-01-01,1983-12-31
"MEM0322",0,1983-01-01,1983-12-31
"MEM0477",0.00891497876220196,1983-01-01,1983-12-31
"MEM0357",0.0886706466261729,1983-01-01,1983-12-31
"MEM0478",0.0185456718747324,1983-01-01,1983-12-31
"MEM0359",0.00955607218641828,1983-01-01,1983-12-31
"MEM0346",0,1983-01-01,1983-12-31
"MEM0240",0.0128139159010433,1983-01-01,1983-12-31
"MEM0241",0.00107016957737642,1983-01-01,1983-12-31
"MEM0242",0.00172574260939771,1983-01-01,1983-12-31
"MEM0403",0.00172027146205022,1983-01-01,1983-12-31
"MEM0327",0.00120349767525207,1983-01-01,1983-12-31
"MEM0268",0.00537798000872332,1983-01-01,1983-12-31
"MEM0422",0,1983-01-01,1983-12-31
"MEM0492",0,1983-01-01,1983-12-31
"MEM0406",0,1983-01-01,1983-12-31
"MEM0246",0.0222573343902573,1983-01-01,1983-12-31
"MEM0381",0.00120349767525207,1983-01-01,1983-12-31
"MEM0271",0,1983-01-01,1983-12-31
"MEM0557",0.0109042841084577,1983-01-01,1983-12-31
"MEM0249",0.0771115054091446,1983-01-01,1983-12-31
"MEM0312",0.0782423577297186,1983-01-01,1983-12-31
"MEM0287",0,1983-01-01,1983-12-31
"MEM0431",0.0142178874688603,1983-01-01,1983-12-31
"MEM0448",0.00172574260939771,1983-01-01,1983-12-31
"MEM0415",0,1983-01-01,1983-12-31
"MEM0331",0,1983-01-01,1983-12-31
"MEM0434",0,1983-01-01,1983-12-31
"MEM0353",0.0083176928195651,1983-01-01,1983-12-31
"MEM0543",0.0149712591148788,1983-01-01,1983-12-31
"MEM0470",0.062157843183468,1983-01-01,1983-12-31
"MEM0545",0.00566605985265072,1983-01-01,1983-12-31
"MEM0299",0.00807904850874443,1983-01-01,1983-12-31
"MEM0548",0.000351022487225188,1983-01-01,1983-12-31
"MEM0291",0,1983-01-01,1983-12-31
"MEM0301",0.0184120947830502,1983-01-01,1983-12-31
"MEM0553",0.00597011703445581,1983-01-01,1983-12-31
"MEM0554",0,1983-01-01,1983-12-31
"MEM0308",0,1983-01-01,1983-12-31
"MEM0523",0.00131540792599712,1983-01-01,1983-12-31
"MEM0310",0,1983-01-01,1983-12-31
"MEM0307",0.0253497191241847,1983-01-01,1983-12-31
"MEM0513",0.0312545161435267,1983-01-01,1983-12-31
"MEM0273",0,1983-01-01,1983-12-31
"MEM0514",0,1983-01-01,1983-12-31
"MEM0515",0,1983-01-01,1983-12-31
"MEM0501",0.0236374909023039,1983-01-01,1983-12-31
"MEM0416",0.0813694497544783,1983-01-01,1983-12-31
"MEM0257",0.00658221390989739,1983-01-01,1983-12-31
"MEM0469",0.0702976299433421,1983-01-01,1983-12-31
"MEM0507",0.00535368424167679,1983-01-01,1983-12-31
"MEM0334",0.000351022487225188,1983-01-01,1983-12-31
"MEM0547",0.00283035722851234,1983-01-01,1983-12-31
"MEM0375",0,1983-01-01,1983-12-31
"MEM0377",0,1983-01-01,1983-12-31
"MEM0243",0,1983-01-01,1983-12-31
"MEM0362",0,1983-01-01,1983-12-31
"MEM0555",0,1983-01-01,1983-12-31
"MEM0423",0.0101454908531188,1983-01-01,1983-12-31
"MEM0348",0,1983-01-01,1983-12-31
"MEM0526",0.348652011897673,1983-01-01,1983-12-31
"MEM0342",0,1983-01-01,1983-12-31
"MEM0485",0.062157843183468,1983-01-01,1983-12-31
"MEM0468",0.00285980619339922,1983-01-01,1983-12-31
"MEM0435",0.0121267442501083,1983-01-01,1983-12-31
"MEM0537",0,1983-01-01,1983-12-31
"MEM0471",0.0574888949987951,1983-01-01,1983-12-31
"MEM0394",0.0145606254697666,1983-01-01,1983-12-31
"MEM0450",0,1983-01-01,1983-12-31
"MEM0298",0.00747435004931982,1983-01-01,1983-12-31
"MEM0252",0.0147953122775313,1983-01-01,1983-12-31
"MEM0517",0.00423088329551197,1983-01-01,1983-12-31
"MEM0413",0,1983-01-01,1983-12-31
"MEM0417",0.0735313692034815,1983-01-01,1983-12-31
"MEM0521",0.169623998112278,1983-01-01,1983-12-31
"MEM0504",0,1983-01-01,1983-12-31
"MEM0546",0.313650364652583,1983-01-01,1983-12-31
"MEM0442",0,1983-01-01,1983-12-31
"MEM0541",0,1983-01-01,1983-12-31
"MEM0426",0.0129618998950417,1983-01-01,1983-12-31
"MEM0317",0.00820854837577338,1983-01-01,1983-12-31
"MEM0258",0.00045212884184832,1983-01-01,1983-12-31
"MEM0549",0,1983-01-01,1983-12-31
"MEM0428",0.00326438451203963,1983-01-01,1983-12-31
"MEM0474",0.000451783832057956,1983-01-01,1983-12-31
"MEM0340",0,1983-01-01,1983-12-31
"MEM0487",0.0218860839958649,1983-01-01,1983-12-31
"MEM0313",0.0147628571165908,1983-01-01,1983-12-31
"MEM0525",0.00824550497260669,1983-01-01,1983-12-31
"MEM0207",0.974642839113469,1983-01-01,1983-12-31
"MEM0260",0,1983-01-01,1983-12-31
"MEM0533",0.00996427743180233,1983-01-01,1983-12-31
"MEM0347",0,1983-01-01,1983-12-31
"MEM0191",0,1983-01-01,1983-12-31
"MEM0221",0,1983-01-01,1983-12-31
"MEM0219",0,1983-01-01,1983-12-31
"MEM0538",0,1983-01-01,1983-12-31
"MEM0121",0,1983-01-01,1983-12-31
"MEM0171",0,1983-01-01,1983-12-31
"MEM0216",0,1983-01-01,1983-12-31
"MEM0565",0.000204899275482424,1983-01-01,1983-12-31
"MEM0323",3.35721767883285e-05,1983-01-01,1983-12-31
"MEM0562",0.0213209637636858,1983-01-01,1983-12-31
"MEM0167",0,1983-01-01,1983-12-31
"MEM0572",0,1983-01-01,1983-12-31
"MEM0560",1.665338987329,1983-01-01,1983-12-31
"MEM0182",0,1983-01-01,1983-12-31
"MEM0561",0.000394586757677922,1983-01-01,1983-12-31
"MEM0124",0,1983-01-01,1983-12-31
"MEM0558",0,1983-01-01,1983-12-31
"MEM0365",0,1983-01-01,1983-12-31
"MEM0350",0,1983-01-01,1983-12-31
"MEM0522",0,1983-01-01,1983-12-31
"MEM0461",0,1983-01-01,1983-12-31
"MEM0527",0,1983-01-01,1983-12-31
"MEM0531",0,1983-01-01,1983-12-31
"MEM0512",0,1983-01-01,1983-12-31
"MEM0056",0.144304247273675,1984-01-01,1984-12-31
"MEM0080",0,1984-01-01,1984-12-31
"MEM0094",0,1984-01-01,1984-12-31
"MEM0170",0,1984-01-01,1984-12-31
"MEM0003",0.024439763122195,1984-01-01,1984-12-31
"MEM0004",0.0207268938825392,1984-01-01,1984-12-31
"MEM0006",0.234659295449255,1984-01-01,1984-12-31
"MEM0008",0,1984-01-01,1984-12-31
"MEM0009",0.00173073848736922,1984-01-01,1984-12-31
"MEM0012",0.0134484438507147,1984-01-01,1984-12-31
"MEM0013",0,1984-01-01,1984-12-31
"MEM0016",0.0326117979579751,1984-01-01,1984-12-31
"MEM0022",0.173457267278908,1984-01-01,1984-12-31
"MEM0026",0,1984-01-01,1984-12-31
"MEM0028",0.000700473237734772,1984-01-01,1984-12-31
"MEM0032",0,1984-01-01,1984-12-31
"MEM0035",0,1984-01-01,1984-12-31
"MEM0036",0.134668050437774,1984-01-01,1984-12-31
"MEM0046",0.209999571473837,1984-01-01,1984-12-31
"MEM0054",0.144304247273675,1984-01-01,1984-12-31
"MEM0058",0,1984-01-01,1984-12-31
"MEM0062",0,1984-01-01,1984-12-31
"MEM0064",0,1984-01-01,1984-12-31
"MEM0065",0.0652204334282486,1984-01-01,1984-12-31
"MEM0066",0.209999571473837,1984-01-01,1984-12-31
"MEM0077",0,1984-01-01,1984-12-31
"MEM0109",0.0233526833510224,1984-01-01,1984-12-31
"MEM0115",0.0619124705098234,1984-01-01,1984-12-31
"MEM0145",0,1984-01-01,1984-12-31
"MEM0150",0,1984-01-01,1984-12-31
"MEM0157",0,1984-01-01,1984-12-31
"MEM0171",5.25802920727521e-05,1984-01-01,1984-12-31
"MEM0197",0,1984-01-01,1984-12-31
"MEM0176",0,1984-01-01,1984-12-31
"MEM0213",0,1984-01-01,1984-12-31
"MEM0224",0,1984-01-01,1984-12-31
"MEM0232",0.147141455542671,1984-01-01,1984-12-31
"MEM0021",0,1984-01-01,1984-12-31
"MEM0033",0,1984-01-01,1984-12-31
"MEM0095",0,1984-01-01,1984-12-31
"MEM0136",0.17835314068865,1984-01-01,1984-12-31
"MEM0139",0.0180729841025586,1984-01-01,1984-12-31
"MEM0023",0,1984-01-01,1984-12-31
"MEM0027",0,1984-01-01,1984-12-31
"MEM0029",0.11267092334067,1984-01-01,1984-12-31
"MEM0031",4.82041874029704e-06,1984-01-01,1984-12-31
"MEM0039",0.0447360031325426,1984-01-01,1984-12-31
"MEM0049",0,1984-01-01,1984-12-31
"MEM0053",0.0074647253999892,1984-01-01,1984-12-31
"MEM0055",0.59388111782657,1984-01-01,1984-12-31
"MEM0059",0.00181644373093256,1984-01-01,1984-12-31
"MEM0067",1.09525623015169,1984-01-01,1984-12-31
"MEM0070",0.00662597780655583,1984-01-01,1984-12-31
"MEM0072",0,1984-01-01,1984-12-31
"MEM0087",0.0281014722286518,1984-01-01,1984-12-31
"MEM0088",0,1984-01-01,1984-12-31
"MEM0092",0.15038551649627,1984-01-01,1984-12-31
"MEM0102",0.0301423745173743,1984-01-01,1984-12-31
"MEM0101",4.99089339498388e-05,1984-01-01,1984-12-31
"MEM0147",0,1984-01-01,1984-12-31
"MEM0152",0,1984-01-01,1984-12-31
"MEM0161",0,1984-01-01,1984-12-31
"MEM0168",0,1984-01-01,1984-12-31
"MEM0194",0,1984-01-01,1984-12-31
"MEM0200",0,1984-01-01,1984-12-31
"MEM0201",0,1984-01-01,1984-12-31
"MEM0217",0.0812003676131819,1984-01-01,1984-12-31
"MEM0222",0.258567033141699,1984-01-01,1984-12-31
"MEM0225",0,1984-01-01,1984-12-31
"MEM0227",0.0177893033821395,1984-01-01,1984-12-31
"MEM0061",0.00119318287056716,1984-01-01,1984-12-31
"MEM0111",0.0125922580478644,1984-01-01,1984-12-31
"MEM0153",0.0687759668054799,1984-01-01,1984-12-31
"MEM0184",0.0285436495636647,1984-01-01,1984-12-31
"MEM0189",0,1984-01-01,1984-12-31
"MEM0011",0,1984-01-01,1984-12-31
"MEM0024",0.173457267278908,1984-01-01,1984-12-31
"MEM0048",0,1984-01-01,1984-12-31
"MEM0057",0,1984-01-01,1984-12-31
"MEM0060",0,1984-01-01,1984-12-31
"MEM0069",0.000253905684223465,1984-01-01,1984-12-31
"MEM0076",0.0865469259159262,1984-01-01,1984-12-31
"MEM0082",0.342713855624487,1984-01-01,1984-12-31
"MEM0086",0.165678490026654,1984-01-01,1984-12-31
"MEM0090",0,1984-01-01,1984-12-31
"MEM0093",0,1984-01-01,1984-12-31
"MEM0103",0,1984-01-01,1984-12-31
"MEM0113",0.0107222219024898,1984-01-01,1984-12-31
"MEM0118",0,1984-01-01,1984-12-31
"MEM0122",0.000565812174533768,1984-01-01,1984-12-31
"MEM0126",0,1984-01-01,1984-12-31
"MEM0128",0.00344124432185132,1984-01-01,1984-12-31
"MEM0130",0.0347194502423544,1984-01-01,1984-12-31
"MEM0134",0,1984-01-01,1984-12-31
"MEM0142",0,1984-01-01,1984-12-31
"MEM0144",0,1984-01-01,1984-12-31
"MEM0154",0.0141344609942992,1984-01-01,1984-12-31
"MEM0156",0.129610743820147,1984-01-01,1984-12-31
"MEM0165",0.0496936467930226,1984-01-01,1984-12-31
"MEM0169",0,1984-01-01,1984-12-31
"MEM0174",0,1984-01-01,1984-12-31
"MEM0183",0.0060503929605183,1984-01-01,1984-12-31
"MEM0195",0,1984-01-01,1984-12-31
"MEM0202",0.000887048678403519,1984-01-01,1984-12-31
"MEM0204",0,1984-01-01,1984-12-31
"MEM0208",0.00292467896085768,1984-01-01,1984-12-31
"MEM0223",0.00670366384568365,1984-01-01,1984-12-31
"MEM0230",0.00448513034759257,1984-01-01,1984-12-31
"MEM0231",0.108022766315617,1984-01-01,1984-12-31
"MEM0155",0,1984-01-01,1984-12-31
"MEM0564",0,1984-01-01,1984-12-31
"MEM0175",0.0100860116225206,1984-01-01,1984-12-31
"MEM0211",0.0871523826357917,1984-01-01,1984-12-31
"MEM0042",0.103660746725714,1984-01-01,1984-12-31
"MEM0045",0,1984-01-01,1984-12-31
"MEM0084",0.575650201930355,1984-01-01,1984-12-31
"MEM0089",0.00930350400518652,1984-01-01,1984-12-31
"MEM0099",0,1984-01-01,1984-12-31
"MEM0105",0,1984-01-01,1984-12-31
"MEM0110",0.152587069666804,1984-01-01,1984-12-31
"MEM0131",0,1984-01-01,1984-12-31
"MEM0133",0.0189290034284658,1984-01-01,1984-12-31
"MEM0158",0,1984-01-01,1984-12-31
"MEM0182",0,1984-01-01,1984-12-31
"MEM0186",0.490359468903783,1984-01-01,1984-12-31
"MEM0187",6.50461286445658e-05,1984-01-01,1984-12-31
"MEM0190",0.0844020980235411,1984-01-01,1984-12-31
"MEM0212",0,1984-01-01,1984-12-31
"MEM0220",0.00230019073649317,1984-01-01,1984-12-31
"MEM0038",0,1984-01-01,1984-12-31
"MEM0068",0.0242545587055203,1984-01-01,1984-12-31
"MEM0203",0,1984-01-01,1984-12-31
"MEM0015",0,1984-01-01,1984-12-31
"MEM0025",0.144304247273675,1984-01-01,1984-12-31
"MEM0075",0.00724440589948338,1984-01-01,1984-12-31
"MEM0116",0.299121748830011,1984-01-01,1984-12-31
"MEM0141",0.00083152216446129,1984-01-01,1984-12-31
"MEM0149",0.00292467896085768,1984-01-01,1984-12-31
"MEM0177",0.00874300070229729,1984-01-01,1984-12-31
"MEM0185",0.00348631843790449,1984-01-01,1984-12-31
"MEM0218",0.0124917256489495,1984-01-01,1984-12-31
"MEM0228",0.147141455542671,1984-01-01,1984-12-31
"MEM0041",0,1984-01-01,1984-12-31
"MEM0081",0.000505286520120098,1984-01-01,1984-12-31
"MEM0199",0.144304247273675,1984-01-01,1984-12-31
"MEM0229",1.64647097789791,1984-01-01,1984-12-31
"MEM0050",0,1984-01-01,1984-12-31
"MEM0083",0.00157214338842402,1984-01-01,1984-12-31
"MEM0104",0.000107826117055811,1984-01-01,1984-12-31
"MEM0117",0,1984-01-01,1984-12-31
"MEM0127",0,1984-01-01,1984-12-31
"MEM0135",0.348660778918146,1984-01-01,1984-12-31
"MEM0138",1.32952650185692,1984-01-01,1984-12-31
"MEM0160",0,1984-01-01,1984-12-31
"MEM0180",0.00944897567983056,1984-01-01,1984-12-31
"MEM0206",0.0220212285998282,1984-01-01,1984-12-31
"MEM0215",0.0658214170701092,1984-01-01,1984-12-31
"MEM0034",0,1984-01-01,1984-12-31
"MEM0037",0,1984-01-01,1984-12-31
"MEM0043",0.00401845305542268,1984-01-01,1984-12-31
"MEM0085",0.00292467896085768,1984-01-01,1984-12-31
"MEM0091",0.00670366384568365,1984-01-01,1984-12-31
"MEM0098",0,1984-01-01,1984-12-31
"MEM0106",0.0124917256489495,1984-01-01,1984-12-31
"MEM0125",0.00012744994813732,1984-01-01,1984-12-31
"MEM0143",0,1984-01-01,1984-12-31
"MEM0163",0,1984-01-01,1984-12-31
"MEM0178",0,1984-01-01,1984-12-31
"MEM0181",7.5996233463762e-05,1984-01-01,1984-12-31
"MEM0192",0,1984-01-01,1984-12-31
"MEM0100",0,1984-01-01,1984-12-31
"MEM0112",0.00132126040116605,1984-01-01,1984-12-31
"MEM0162",0.00448513034759257,1984-01-01,1984-12-31
"MEM0172",0,1984-01-01,1984-12-31
"MEM0188",0.0173810221250294,1984-01-01,1984-12-31
"MEM0214",0.0456151812716131,1984-01-01,1984-12-31
"MEM0047",0,1984-01-01,1984-12-31
"MEM0005",0,1984-01-01,1984-12-31
"MEM0010",0,1984-01-01,1984-12-31
"MEM0096",0.0427558552604456,1984-01-01,1984-12-31
"MEM0107",0.0863581448073837,1984-01-01,1984-12-31
"MEM0132",0,1984-01-01,1984-12-31
"MEM0205",0.340920143189779,1984-01-01,1984-12-31
"MEM0179",0.0237271347967636,1984-01-01,1984-12-31
"MEM0226",0,1984-01-01,1984-12-31
"MEM0129",0.0101260091972109,1984-01-01,1984-12-31
"MEM0146",0,1984-01-01,1984-12-31
"MEM0051",0.00108590702568344,1984-01-01,1984-12-31
"MEM0210",0.013105436528639,1984-01-01,1984-12-31
"MEM0120",0,1984-01-01,1984-12-31
"MEM0209",0,1984-01-01,1984-12-31
"MEM0121",0.00119318287056716,1984-01-01,1984-12-31
"MEM0114",0.00259007033502733,1984-01-01,1984-12-31
"MEM0140",0,1984-01-01,1984-12-31
"MEM0293",0.39420460346797,1984-01-01,1984-12-31
"MEM0390",0.000299452795745244,1984-01-01,1984-12-31
"MEM0369",0.00307360964180237,1984-01-01,1984-12-31
"MEM0391",0.0131575362294041,1984-01-01,1984-12-31
"MEM0505",0.626013437266116,1984-01-01,1984-12-31
"MEM0320",0,1984-01-01,1984-12-31
"MEM0370",0,1984-01-01,1984-12-31
"MEM0473",0,1984-01-01,1984-12-31
"MEM0371",0.00604757560658591,1984-01-01,1984-12-31
"MEM0373",0,1984-01-01,1984-12-31
"MEM0356",0,1984-01-01,1984-12-31
"MEM0510",0.00749980236597308,1984-01-01,1984-12-31
"MEM0239",0.00735199424288156,1984-01-01,1984-12-31
"MEM0400",0.011753449710299,1984-01-01,1984-12-31
"MEM0302",0.203480389730347,1984-01-01,1984-12-31
"MEM0490",0.0074197329790945,1984-01-01,1984-12-31
"MEM0245",0,1984-01-01,1984-12-31
"MEM0457",0,1984-01-01,1984-12-31
"MEM0247",1.33084921321627,1984-01-01,1984-12-31
"MEM0338",0.00465079407590726,1984-01-01,1984-12-31
"MEM0512",0,1984-01-01,1984-12-31
"MEM0424",0.166410760902277,1984-01-01,1984-12-31
"MEM0407",0.0167901545371902,1984-01-01,1984-12-31
"MEM0408",0.00051022154660046,1984-01-01,1984-12-31
"MEM0425",0,1984-01-01,1984-12-31
"MEM0456",0,1984-01-01,1984-12-31
"MEM0496",0.747146027431237,1984-01-01,1984-12-31
"MEM0427",0,1984-01-01,1984-12-31
"MEM0280",0,1984-01-01,1984-12-31
"MEM0556",0,1984-01-01,1984-12-31
"MEM0524",0,1984-01-01,1984-12-31
"MEM0481",0.0093202219826052,1984-01-01,1984-12-31
"MEM0497",0,1984-01-01,1984-12-31
"MEM0281",0.0115905937738005,1984-01-01,1984-12-31
"MEM0250",0.166410760902277,1984-01-01,1984-12-31
"MEM0429",0,1984-01-01,1984-12-31
"MEM0364",0.01418065397717,1984-01-01,1984-12-31
"MEM0286",0.0140877562341625,1984-01-01,1984-12-31
"MEM0430",0,1984-01-01,1984-12-31
"MEM0251",0.147587215986132,1984-01-01,1984-12-31
"MEM0410",0,1984-01-01,1984-12-31
"MEM0329",0,1984-01-01,1984-12-31
"MEM0542",0,1984-01-01,1984-12-31
"MEM0349",0.166410760902277,1984-01-01,1984-12-31
"MEM0411",0,1984-01-01,1984-12-31
"MEM0330",0,1984-01-01,1984-12-31
"MEM0449",0,1984-01-01,1984-12-31
"MEM0447",0.00449002489968959,1984-01-01,1984-12-31
"MEM0415",0,1984-01-01,1984-12-31
"MEM0414",0,1984-01-01,1984-12-31
"MEM0519",0.0120394841049994,1984-01-01,1984-12-31
"MEM0343",0,1984-01-01,1984-12-31
"MEM0520",0,1984-01-01,1984-12-31
"MEM0318",0,1984-01-01,1984-12-31
"MEM0486",0.0182740667062067,1984-01-01,1984-12-31
"MEM0464",0,1984-01-01,1984-12-31
"MEM0277",0,1984-01-01,1984-12-31
"MEM0333",0,1984-01-01,1984-12-31
"MEM0389",0,1984-01-01,1984-12-31
"MEM0467",0.026420680884967,1984-01-01,1984-12-31
"MEM0367",0.00047037359113348,1984-01-01,1984-12-31
"MEM0278",0.0110743808075673,1984-01-01,1984-12-31
"MEM0567",0.144304247273675,1984-01-01,1984-12-31
"MEM0294",0,1984-01-01,1984-12-31
"MEM0233",0,1984-01-01,1984-12-31
"MEM0234",0.00100216797224391,1984-01-01,1984-12-31
"MEM0297",0.329057205907058,1984-01-01,1984-12-31
"MEM0544",0.0669822098686817,1984-01-01,1984-12-31
"MEM0392",0,1984-01-01,1984-12-31
"MEM0489",0.0182740667062067,1984-01-01,1984-12-31
"MEM0472",0.000183797583538685,1984-01-01,1984-12-31
"MEM0451",0.00109762225864191,1984-01-01,1984-12-31
"MEM0438",0.000183797583538685,1984-01-01,1984-12-31
"MEM0236",0.00455528239670814,1984-01-01,1984-12-31
"MEM0509",0.0867940323695641,1984-01-01,1984-12-31
"MEM0399",0.0375844221550727,1984-01-01,1984-12-31
"MEM0441",0.0027883539130566,1984-01-01,1984-12-31
"MEM0372",0,1984-01-01,1984-12-31
"MEM0237",0,1984-01-01,1984-12-31
"MEM0358",0.0132686265446436,1984-01-01,1984-12-31
"MEM0442",0,1984-01-01,1984-12-31
"MEM0336",0,1984-01-01,1984-12-31
"MEM0378",0,1984-01-01,1984-12-31
"MEM0304",0.000183797583538685,1984-01-01,1984-12-31
"MEM0351",0.527663790311053,1984-01-01,1984-12-31
"MEM0479",0.592820026154553,1984-01-01,1984-12-31
"MEM0361",0,1984-01-01,1984-12-31
"MEM0454",0.166410760902277,1984-01-01,1984-12-31
"MEM0534",0.0162001524204007,1984-01-01,1984-12-31
"MEM0305",0.00487182660316007,1984-01-01,1984-12-31
"MEM0337",0,1984-01-01,1984-12-31
"MEM0494",0,1984-01-01,1984-12-31
"MEM0306",0.171713378225494,1984-01-01,1984-12-31
"MEM0363",0.023455192254715,1984-01-01,1984-12-31
"MEM0279",0,1984-01-01,1984-12-31
"MEM0444",0.152263538229102,1984-01-01,1984-12-31
"MEM0272",0.232277977184471,1984-01-01,1984-12-31
"MEM0309",0.165471661829731,1984-01-01,1984-12-31
"MEM0311",0.0206441946531793,1984-01-01,1984-12-31
"MEM0499",0.0196344766231431,1984-01-01,1984-12-31
"MEM0445",0,1984-01-01,1984-12-31
"MEM0383",0,1984-01-01,1984-12-31
"MEM0384",0,1984-01-01,1984-12-31
"MEM0482",0.148803922987272,1984-01-01,1984-12-31
"MEM0274",0.000219816514539553,1984-01-01,1984-12-31
"MEM0314",0.960251927660804,1984-01-01,1984-12-31
"MEM0502",0,1984-01-01,1984-12-31
"MEM0315",0.137849976464473,1984-01-01,1984-12-31
"MEM0316",0.00426547737894207,1984-01-01,1984-12-31
"MEM0462",0.377438219714762,1984-01-01,1984-12-31
"MEM0529",0.0101788201476871,1984-01-01,1984-12-31
"MEM0256",0.00798117344643133,1984-01-01,1984-12-31
"MEM0387",0,1984-01-01,1984-12-31
"MEM0508",0.0134245782995877,1984-01-01,1984-12-31
"MEM0396",0,1984-01-01,1984-12-31
"MEM0540",0.00509963943760252,1984-01-01,1984-12-31
"MEM0475",0.00509963943760252,1984-01-01,1984-12-31
"MEM0476",0,1984-01-01,1984-12-31
"MEM0300",0.00605053990022246,1984-01-01,1984-12-31
"MEM0238",0.00810637830752745,1984-01-01,1984-12-31
"MEM0419",0,1984-01-01,1984-12-31
"MEM0303",0.230440621067975,1984-01-01,1984-12-31
"MEM0401",0,1984-01-01,1984-12-31
"MEM0244",0,1984-01-01,1984-12-31
"MEM0404",0.306764357220875,1984-01-01,1984-12-31
"MEM0269",0,1984-01-01,1984-12-31
"MEM0405",0.119423310975353,1984-01-01,1984-12-31
"MEM0443",0,1984-01-01,1984-12-31
"MEM0308",0.166410760902277,1984-01-01,1984-12-31
"MEM0248",0.00698208387198193,1984-01-01,1984-12-31
"MEM0380",0.166410760902277,1984-01-01,1984-12-31
"MEM0385",0,1984-01-01,1984-12-31
"MEM0446",0.01071983045634,1984-01-01,1984-12-31
"MEM0253",0.0278310481009061,1984-01-01,1984-12-31
"MEM0254",0.346469358589046,1984-01-01,1984-12-31
"MEM0386",0.166410760902277,1984-01-01,1984-12-31
"MEM0535",0.000420938983233529,1984-01-01,1984-12-31
"MEM0518",0.00605053990022246,1984-01-01,1984-12-31
"MEM0528",0.000408091399353236,1984-01-01,1984-12-31
"MEM0484",0.166410760902277,1984-01-01,1984-12-31
"MEM0503",0,1984-01-01,1984-12-31
"MEM0436",0,1984-01-01,1984-12-31
"MEM0261",0,1984-01-01,1984-12-31
"MEM0393",0.000324058497256479,1984-01-01,1984-12-31
"MEM0506",0.00222343018818259,1984-01-01,1984-12-31
"MEM0235",0.0186341443589632,1984-01-01,1984-12-31
"MEM0397",0.0206402228088273,1984-01-01,1984-12-31
"MEM0322",0,1984-01-01,1984-12-31
"MEM0477",0.0125309689181487,1984-01-01,1984-12-31
"MEM0357",0.222063536778702,1984-01-01,1984-12-31
"MEM0478",0.0187141615735835,1984-01-01,1984-12-31
"MEM0359",0.0253853686663252,1984-01-01,1984-12-31
"MEM0346",0,1984-01-01,1984-12-31
"MEM0240",0.0136672595936056,1984-01-01,1984-12-31
"MEM0241",0.00145005896809992,1984-01-01,1984-12-31
"MEM0242",0.00223721519166593,1984-01-01,1984-12-31
"MEM0327",0.0088619401586639,1984-01-01,1984-12-31
"MEM0533",0.0455724245097874,1984-01-01,1984-12-31
"MEM0268",0.00607924089731256,1984-01-01,1984-12-31
"MEM0422",0,1984-01-01,1984-12-31
"MEM0492",0,1984-01-01,1984-12-31
"MEM0406",0,1984-01-01,1984-12-31
"MEM0246",0.026749404646898,1984-01-01,1984-12-31
"MEM0381",0.0088619401586639,1984-01-01,1984-12-31
"MEM0271",0,1984-01-01,1984-12-31
"MEM0557",0.0850683120929071,1984-01-01,1984-12-31
"MEM0249",0.0929541644362548,1984-01-01,1984-12-31
"MEM0312",0.249407084262503,1984-01-01,1984-12-31
"MEM0287",0,1984-01-01,1984-12-31
"MEM0275",0.0140877562341625,1984-01-01,1984-12-31
"MEM0431",0.0103371401391224,1984-01-01,1984-12-31
"MEM0448",0.00223721519166593,1984-01-01,1984-12-31
"MEM0331",0.000183797583538685,1984-01-01,1984-12-31
"MEM0559",0.0641496890191087,1984-01-01,1984-12-31
"MEM0434",0,1984-01-01,1984-12-31
"MEM0353",0.0110992230332654,1984-01-01,1984-12-31
"MEM0543",0.126651867107145,1984-01-01,1984-12-31
"MEM0470",0.0916318408928247,1984-01-01,1984-12-31
"MEM0545",0.0821948869406094,1984-01-01,1984-12-31
"MEM0299",0.0140877562341625,1984-01-01,1984-12-31
"MEM0548",0.000183797583538685,1984-01-01,1984-12-31
"MEM0291",0,1984-01-01,1984-12-31
"MEM0301",0.0380735676529768,1984-01-01,1984-12-31
"MEM0553",0.00828440640228604,1984-01-01,1984-12-31
"MEM0554",0,1984-01-01,1984-12-31
"MEM0310",0,1984-01-01,1984-12-31
"MEM0307",0.0711938773412987,1984-01-01,1984-12-31
"MEM0513",0.0688950847040149,1984-01-01,1984-12-31
"MEM0273",0,1984-01-01,1984-12-31
"MEM0514",0.138637247311614,1984-01-01,1984-12-31
"MEM0515",0.0308241276991274,1984-01-01,1984-12-31
"MEM0501",0.0145539916260076,1984-01-01,1984-12-31
"MEM0483",0.00353646707364449,1984-01-01,1984-12-31
"MEM0416",0.120339436273745,1984-01-01,1984-12-31
"MEM0257",0.0199846354222725,1984-01-01,1984-12-31
"MEM0469",0.106934018039409,1984-01-01,1984-12-31
"MEM0394",0.23142183000544,1984-01-01,1984-12-31
"MEM0507",0.00749980236597308,1984-01-01,1984-12-31
"MEM0334",0.000183797583538685,1984-01-01,1984-12-31
"MEM0547",0.0669822098686817,1984-01-01,1984-12-31
"MEM0375",0,1984-01-01,1984-12-31
"MEM0377",0,1984-01-01,1984-12-31
"MEM0243",0.00274499606714929,1984-01-01,1984-12-31
"MEM0360",0,1984-01-01,1984-12-31
"MEM0555",0,1984-01-01,1984-12-31
"MEM0423",8.28273173772314e-05,1984-01-01,1984-12-31
"MEM0523",0.0103285741097069,1984-01-01,1984-12-31
"MEM0526",0.708770976025076,1984-01-01,1984-12-31
"MEM0485",0.0916318408928247,1984-01-01,1984-12-31
"MEM0255",0,1984-01-01,1984-12-31
"MEM0468",0.00400672802259262,1984-01-01,1984-12-31
"MEM0435",0.0117999741710539,1984-01-01,1984-12-31
"MEM0471",0.0867940323695641,1984-01-01,1984-12-31
"MEM0450",0,1984-01-01,1984-12-31
"MEM0298",0.00786369701350956,1984-01-01,1984-12-31
"MEM0362",0.213640781221149,1984-01-01,1984-12-31
"MEM0348",0,1984-01-01,1984-12-31
"MEM0252",0.000883386934043002,1984-01-01,1984-12-31
"MEM0413",0,1984-01-01,1984-12-31
"MEM0342",0,1984-01-01,1984-12-31
"MEM0537",0,1984-01-01,1984-12-31
"MEM0417",0.173230992951456,1984-01-01,1984-12-31
"MEM0521",0.256836116808548,1984-01-01,1984-12-31
"MEM0504",0,1984-01-01,1984-12-31
"MEM0546",0.694076505149024,1984-01-01,1984-12-31
"MEM0426",0.0204566878839886,1984-01-01,1984-12-31
"MEM0517",0.00509963943760252,1984-01-01,1984-12-31
"MEM0317",0.0146408322967906,1984-01-01,1984-12-31
"MEM0258",0.000557064035730492,1984-01-01,1984-12-31
"MEM0549",0,1984-01-01,1984-12-31
"MEM0474",0,1984-01-01,1984-12-31
"MEM0541",0,1984-01-01,1984-12-31
"MEM0403",0.00290245683805457,1984-01-01,1984-12-31
"MEM0428",0.00519842871188493,1984-01-01,1984-12-31
"MEM0340",0,1984-01-01,1984-12-31
"MEM0487",0.0267498639924353,1984-01-01,1984-12-31
"MEM0313",0.0249010628420322,1984-01-01,1984-12-31
"MEM0525",0.0456784508003489,1984-01-01,1984-12-31
"MEM0207",1.2056949806949,1984-01-01,1984-12-31
"MEM0412",0,1984-01-01,1984-12-31
"MEM0044",0,1984-01-01,1984-12-31
"MEM0260",0,1984-01-01,1984-12-31
"MEM0347",0,1984-01-01,1984-12-31
"MEM0191",0,1984-01-01,1984-12-31
"MEM0193",0,1984-01-01,1984-12-31
"MEM0219",0,1984-01-01,1984-12-31
"MEM0538",0,1984-01-01,1984-12-31
"MEM0216",0,1984-01-01,1984-12-31
"MEM0565",0.000931615468336129,1984-01-01,1984-12-31
"MEM0323",4.61099932930919e-05,1984-01-01,1984-12-31
"MEM0221",0,1984-01-01,1984-12-31
"MEM0196",0,1984-01-01,1984-12-31
"MEM0562",0.0146577141414387,1984-01-01,1984-12-31
"MEM0167",0,1984-01-01,1984-12-31
"MEM0572",0,1984-01-01,1984-12-31
"MEM0560",0.689560438321803,1984-01-01,1984-12-31
"MEM0561",0.00477427627659576,1984-01-01,1984-12-31
"MEM0124",0,1984-01-01,1984-12-31
"MEM0558",0,1984-01-01,1984-12-31
"MEM0365",0,1984-01-01,1984-12-31
"MEM0350",0,1984-01-01,1984-12-31
"MEM0563",0,1984-01-01,1984-12-31
"MEM0522",0,1984-01-01,1984-12-31
"MEM0461",0,1984-01-01,1984-12-31
"MEM0527",0,1984-01-01,1984-12-31
"MEM0531",0,1984-01-01,1984-12-31
"MEM0056",0.135398948476402,1985-01-01,1985-12-31
"MEM0080",0,1985-01-01,1985-12-31
"MEM0094",0,1985-01-01,1985-12-31
"MEM0170",0,1985-01-01,1985-12-31
"MEM0003",1.35231990479668e-05,1985-01-01,1985-12-31
"MEM0004",0.0197837614997804,1985-01-01,1985-12-31
"MEM0006",0.21498574076067,1985-01-01,1985-12-31
"MEM0008",0,1985-01-01,1985-12-31
"MEM0009",0.00516731936054624,1985-01-01,1985-12-31
"MEM0012",0.109988803046404,1985-01-01,1985-12-31
"MEM0013",0,1985-01-01,1985-12-31
"MEM0014",0,1985-01-01,1985-12-31
"MEM0016",0.0320300933499274,1985-01-01,1985-12-31
"MEM0022",0.00938675556778194,1985-01-01,1985-12-31
"MEM0026",0,1985-01-01,1985-12-31
"MEM0028",0.000773301955513623,1985-01-01,1985-12-31
"MEM0030",0,1985-01-01,1985-12-31
"MEM0032",0,1985-01-01,1985-12-31
"MEM0035",0,1985-01-01,1985-12-31
"MEM0036",0.0538152845300625,1985-01-01,1985-12-31
"MEM0043",0.00930528079678175,1985-01-01,1985-12-31
"MEM0046",0.146525519204081,1985-01-01,1985-12-31
"MEM0054",0.135398948476402,1985-01-01,1985-12-31
"MEM0058",0,1985-01-01,1985-12-31
"MEM0062",0,1985-01-01,1985-12-31
"MEM0064",0,1985-01-01,1985-12-31
"MEM0065",0.0604969197613424,1985-01-01,1985-12-31
"MEM0066",0.146525519204081,1985-01-01,1985-12-31
"MEM0077",0,1985-01-01,1985-12-31
"MEM0088",0.0045735980404604,1985-01-01,1985-12-31
"MEM0109",0.014988681744809,1985-01-01,1985-12-31
"MEM0115",0.065933263017699,1985-01-01,1985-12-31
"MEM0145",0,1985-01-01,1985-12-31
"MEM0150",0,1985-01-01,1985-12-31
"MEM0157",0,1985-01-01,1985-12-31
"MEM0171",0.00029368796876205,1985-01-01,1985-12-31
"MEM0197",0,1985-01-01,1985-12-31
"MEM0176",0.000219680696425739,1985-01-01,1985-12-31
"MEM0213",0.00527543551623228,1985-01-01,1985-12-31
"MEM0224",0,1985-01-01,1985-12-31
"MEM0232",0.109501555893316,1985-01-01,1985-12-31
"MEM0021",0,1985-01-01,1985-12-31
"MEM0033",0,1985-01-01,1985-12-31
"MEM0095",0,1985-01-01,1985-12-31
"MEM0136",0.170510658062336,1985-01-01,1985-12-31
"MEM0139",0.0146791325823521,1985-01-01,1985-12-31
"MEM0023",0,1985-01-01,1985-12-31
"MEM0029",0.0710433407640654,1985-01-01,1985-12-31
"MEM0031",2.97022484207757e-05,1985-01-01,1985-12-31
"MEM0039",0.0421625701304585,1985-01-01,1985-12-31
"MEM0049",0,1985-01-01,1985-12-31
"MEM0053",0.00449254187576198,1985-01-01,1985-12-31
"MEM0055",0.407857051746925,1985-01-01,1985-12-31
"MEM0059",0.00172848263000541,1985-01-01,1985-12-31
"MEM0067",0.780059191067163,1985-01-01,1985-12-31
"MEM0070",8.02419916403441e-06,1985-01-01,1985-12-31
"MEM0072",0,1985-01-01,1985-12-31
"MEM0087",0.0256168027499908,1985-01-01,1985-12-31
"MEM0090",0,1985-01-01,1985-12-31
"MEM0092",0,1985-01-01,1985-12-31
"MEM0102",0.0341366261176409,1985-01-01,1985-12-31
"MEM0101",0.000157009748531325,1985-01-01,1985-12-31
"MEM0147",0,1985-01-01,1985-12-31
"MEM0152",0,1985-01-01,1985-12-31
"MEM0161",0.000369700620509976,1985-01-01,1985-12-31
"MEM0168",0,1985-01-01,1985-12-31
"MEM0194",0,1985-01-01,1985-12-31
"MEM0200",0,1985-01-01,1985-12-31
"MEM0201",0,1985-01-01,1985-12-31
"MEM0217",0.0271654470912918,1985-01-01,1985-12-31
"MEM0222",0.323243517004896,1985-01-01,1985-12-31
"MEM0225",0.000877385681745613,1985-01-01,1985-12-31
"MEM0227",0.0139012457022133,1985-01-01,1985-12-31
"MEM0061",0.00589901183494908,1985-01-01,1985-12-31
"MEM0111",0.0157940745727758,1985-01-01,1985-12-31
"MEM0153",0.0581523181139833,1985-01-01,1985-12-31
"MEM0184",0.0237069300811793,1985-01-01,1985-12-31
"MEM0189",0,1985-01-01,1985-12-31
"MEM0011",0,1985-01-01,1985-12-31
"MEM0024",0.00844001167103543,1985-01-01,1985-12-31
"MEM0027",0,1985-01-01,1985-12-31
"MEM0048",0,1985-01-01,1985-12-31
"MEM0057",0,1985-01-01,1985-12-31
"MEM0060",0,1985-01-01,1985-12-31
"MEM0069",0.000254840319131961,1985-01-01,1985-12-31
"MEM0076",0.0992698623942581,1985-01-01,1985-12-31
"MEM0082",0.0550415028509382,1985-01-01,1985-12-31
"MEM0086",0.15841535862263,1985-01-01,1985-12-31
"MEM0093",0,1985-01-01,1985-12-31
"MEM0103",0,1985-01-01,1985-12-31
"MEM0113",0.00815329980565294,1985-01-01,1985-12-31
"MEM0118",0,1985-01-01,1985-12-31
"MEM0122",0.000480656912224686,1985-01-01,1985-12-31
"MEM0126",0,1985-01-01,1985-12-31
"MEM0128",0.00223907642616448,1985-01-01,1985-12-31
"MEM0130",0.031624530627363,1985-01-01,1985-12-31
"MEM0134",0,1985-01-01,1985-12-31
"MEM0142",0,1985-01-01,1985-12-31
"MEM0144",0,1985-01-01,1985-12-31
"MEM0154",0.0129936215862846,1985-01-01,1985-12-31
"MEM0156",0.320543703666689,1985-01-01,1985-12-31
"MEM0165",0.0303903006807452,1985-01-01,1985-12-31
"MEM0169",0,1985-01-01,1985-12-31
"MEM0174",0,1985-01-01,1985-12-31
"MEM0183",6.1132308579778e-05,1985-01-01,1985-12-31
"MEM0195",0.0104542629688107,1985-01-01,1985-12-31
"MEM0202",0.0140556861489352,1985-01-01,1985-12-31
"MEM0204",0,1985-01-01,1985-12-31
"MEM0208",0.000568061073276125,1985-01-01,1985-12-31
"MEM0223",0.00341907175276739,1985-01-01,1985-12-31
"MEM0230",0.332849234937775,1985-01-01,1985-12-31
"MEM0231",0.049864226393624,1985-01-01,1985-12-31
"MEM0155",0,1985-01-01,1985-12-31
"MEM0564",0,1985-01-01,1985-12-31
"MEM0175",0.00769981720155442,1985-01-01,1985-12-31
"MEM0211",0.0280566637174698,1985-01-01,1985-12-31
"MEM0015",0.00255242560976655,1985-01-01,1985-12-31
"MEM0042",0.0403497047912612,1985-01-01,1985-12-31
"MEM0045",0,1985-01-01,1985-12-31
"MEM0084",0.39418615029103,1985-01-01,1985-12-31
"MEM0089",0.000319056727161045,1985-01-01,1985-12-31
"MEM0099",0,1985-01-01,1985-12-31
"MEM0105",0,1985-01-01,1985-12-31
"MEM0110",0.156988770265583,1985-01-01,1985-12-31
"MEM0133",0.0125522583980116,1985-01-01,1985-12-31
"MEM0158",0.00232724062426695,1985-01-01,1985-12-31
"MEM0182",0,1985-01-01,1985-12-31
"MEM0186",0.0764054541006145,1985-01-01,1985-12-31
"MEM0187",0.000328689562067224,1985-01-01,1985-12-31
"MEM0190",0.0776126923717466,1985-01-01,1985-12-31
"MEM0212",0.0206048802058991,1985-01-01,1985-12-31
"MEM0220",0.00429373565051189,1985-01-01,1985-12-31
"MEM0038",0,1985-01-01,1985-12-31
"MEM0068",0.022875179363602,1985-01-01,1985-12-31
"MEM0203",0,1985-01-01,1985-12-31
"MEM0025",0.148902835207656,1985-01-01,1985-12-31
"MEM0075",0.00224250460212422,1985-01-01,1985-12-31
"MEM0116",0.0742741740280917,1985-01-01,1985-12-31
"MEM0141",0.00105376023999677,1985-01-01,1985-12-31
"MEM0149",0.000568061073276125,1985-01-01,1985-12-31
"MEM0177",0.00106098017498034,1985-01-01,1985-12-31
"MEM0185",0.00195873552123669,1985-01-01,1985-12-31
"MEM0041",0.00150792770696581,1985-01-01,1985-12-31
"MEM0081",0.00216209857806472,1985-01-01,1985-12-31
"MEM0199",0.135398948476402,1985-01-01,1985-12-31
"MEM0229",0.438065641456817,1985-01-01,1985-12-31
"MEM0050",0,1985-01-01,1985-12-31
"MEM0083",0.00257313011722026,1985-01-01,1985-12-31
"MEM0104",0.000241085324518632,1985-01-01,1985-12-31
"MEM0117",0,1985-01-01,1985-12-31
"MEM0127",0,1985-01-01,1985-12-31
"MEM0135",0.0185036859259113,1985-01-01,1985-12-31
"MEM0138",1.54248359089031,1985-01-01,1985-12-31
"MEM0160",0,1985-01-01,1985-12-31
"MEM0180",0.0106433388154485,1985-01-01,1985-12-31
"MEM0206",0.0225935474169329,1985-01-01,1985-12-31
"MEM0218",0.0110945665348176,1985-01-01,1985-12-31
"MEM0034",0,1985-01-01,1985-12-31
"MEM0037",0,1985-01-01,1985-12-31
"MEM0085",0.000568061073276125,1985-01-01,1985-12-31
"MEM0091",0,1985-01-01,1985-12-31
"MEM0098",0.00255242560976655,1985-01-01,1985-12-31
"MEM0106",0.0110945665348176,1985-01-01,1985-12-31
"MEM0125",0.00111627603003351,1985-01-01,1985-12-31
"MEM0143",0,1985-01-01,1985-12-31
"MEM0163",0,1985-01-01,1985-12-31
"MEM0178",0,1985-01-01,1985-12-31
"MEM0181",0.000336012259533905,1985-01-01,1985-12-31
"MEM0192",0,1985-01-01,1985-12-31
"MEM0010",0,1985-01-01,1985-12-31
"MEM0100",0,1985-01-01,1985-12-31
"MEM0112",0.00102542345703377,1985-01-01,1985-12-31
"MEM0162",0.00422536985607918,1985-01-01,1985-12-31
"MEM0172",0,1985-01-01,1985-12-31
"MEM0188",0.0104485275745593,1985-01-01,1985-12-31
"MEM0214",0.0387761188050354,1985-01-01,1985-12-31
"MEM0215",0.000633364273075539,1985-01-01,1985-12-31
"MEM0047",0,1985-01-01,1985-12-31
"MEM0005",0,1985-01-01,1985-12-31
"MEM0044",0.000875177119949327,1985-01-01,1985-12-31
"MEM0096",0.0409682991388168,1985-01-01,1985-12-31
"MEM0107",0.0978580251488697,1985-01-01,1985-12-31
"MEM0132",0,1985-01-01,1985-12-31
"MEM0205",0.0442298078628141,1985-01-01,1985-12-31
"MEM0179",0.0181942004149124,1985-01-01,1985-12-31
"MEM0226",0,1985-01-01,1985-12-31
"MEM0129",0.00161892828340705,1985-01-01,1985-12-31
"MEM0146",0,1985-01-01,1985-12-31
"MEM0019",0,1985-01-01,1985-12-31
"MEM0051",0.000384946751307273,1985-01-01,1985-12-31
"MEM0210",0.00248755986402905,1985-01-01,1985-12-31
"MEM0228",0.109501555893316,1985-01-01,1985-12-31
"MEM0209",0,1985-01-01,1985-12-31
"MEM0121",0.000623576318717156,1985-01-01,1985-12-31
"MEM0114",0.00138118495597826,1985-01-01,1985-12-31
"MEM0140",0,1985-01-01,1985-12-31
"MEM0293",0.0164989963021062,1985-01-01,1985-12-31
"MEM0390",5.51905463805695e-05,1985-01-01,1985-12-31
"MEM0369",0.00317149037653083,1985-01-01,1985-12-31
"MEM0391",0.0226388760010041,1985-01-01,1985-12-31
"MEM0505",0.322824580412883,1985-01-01,1985-12-31
"MEM0320",0,1985-01-01,1985-12-31
"MEM0370",0,1985-01-01,1985-12-31
"MEM0473",0.00565635209506318,1985-01-01,1985-12-31
"MEM0371",0.00507404942229773,1985-01-01,1985-12-31
"MEM0373",0.00565635209506318,1985-01-01,1985-12-31
"MEM0356",0,1985-01-01,1985-12-31
"MEM0510",0.00310720973444399,1985-01-01,1985-12-31
"MEM0239",0.0353910214129937,1985-01-01,1985-12-31
"MEM0302",0.0522880306361683,1985-01-01,1985-12-31
"MEM0490",0.000264856552230017,1985-01-01,1985-12-31
"MEM0245",0,1985-01-01,1985-12-31
"MEM0457",0,1985-01-01,1985-12-31
"MEM0247",1.03146300571544,1985-01-01,1985-12-31
"MEM0338",0.00483284326697741,1985-01-01,1985-12-31
"MEM0512",0,1985-01-01,1985-12-31
"MEM0424",0.107554650972295,1985-01-01,1985-12-31
"MEM0407",0.0127114158184264,1985-01-01,1985-12-31
"MEM0408",0.00675215794318373,1985-01-01,1985-12-31
"MEM0425",0,1985-01-01,1985-12-31
"MEM0456",0,1985-01-01,1985-12-31
"MEM0496",0.789537727642213,1985-01-01,1985-12-31
"MEM0427",0,1985-01-01,1985-12-31
"MEM0280",0,1985-01-01,1985-12-31
"MEM0556",0,1985-01-01,1985-12-31
"MEM0524",0,1985-01-01,1985-12-31
"MEM0481",0.0215947100982904,1985-01-01,1985-12-31
"MEM0497",0,1985-01-01,1985-12-31
"MEM0281",0.0131726513214925,1985-01-01,1985-12-31
"MEM0250",0.107554650972295,1985-01-01,1985-12-31
"MEM0429",0,1985-01-01,1985-12-31
"MEM0364",0.0225219702900036,1985-01-01,1985-12-31
"MEM0286",0.00668519723269338,1985-01-01,1985-12-31
"MEM0430",0,1985-01-01,1985-12-31
"MEM0251",0.174953544441476,1985-01-01,1985-12-31
"MEM0410",0,1985-01-01,1985-12-31
"MEM0329",0,1985-01-01,1985-12-31
"MEM0542",0,1985-01-01,1985-12-31
"MEM0349",0.107554650972295,1985-01-01,1985-12-31
"MEM0411",0,1985-01-01,1985-12-31
"MEM0330",0,1985-01-01,1985-12-31
"MEM0449",0.000206662927769342,1985-01-01,1985-12-31
"MEM0447",0.00540515121561696,1985-01-01,1985-12-31
"MEM0415",0,1985-01-01,1985-12-31
"MEM0414",0,1985-01-01,1985-12-31
"MEM0527",0.0884342580204193,1985-01-01,1985-12-31
"MEM0519",0.00862170884508394,1985-01-01,1985-12-31
"MEM0343",0,1985-01-01,1985-12-31
"MEM0520",0,1985-01-01,1985-12-31
"MEM0318",0,1985-01-01,1985-12-31
"MEM0486",0.0458978658865412,1985-01-01,1985-12-31
"MEM0464",0,1985-01-01,1985-12-31
"MEM0277",0,1985-01-01,1985-12-31
"MEM0333",0,1985-01-01,1985-12-31
"MEM0387",0,1985-01-01,1985-12-31
"MEM0389",0,1985-01-01,1985-12-31
"MEM0467",0.0955245572607389,1985-01-01,1985-12-31
"MEM0367",0.000498788479344695,1985-01-01,1985-12-31
"MEM0278",0.0100505474775461,1985-01-01,1985-12-31
"MEM0567",0.135398948476402,1985-01-01,1985-12-31
"MEM0294",0,1985-01-01,1985-12-31
"MEM0233",0.00517028430004171,1985-01-01,1985-12-31
"MEM0234",0.00664509218732413,1985-01-01,1985-12-31
"MEM0297",0.235097623480585,1985-01-01,1985-12-31
"MEM0544",0.00906065318277987,1985-01-01,1985-12-31
"MEM0392",0,1985-01-01,1985-12-31
"MEM0472",0.000193570991614326,1985-01-01,1985-12-31
"MEM0451",6.89296487547342e-05,1985-01-01,1985-12-31
"MEM0438",0.000193570991614326,1985-01-01,1985-12-31
"MEM0236",0,1985-01-01,1985-12-31
"MEM0439",0.00517028430004171,1985-01-01,1985-12-31
"MEM0509",0.122668810064156,1985-01-01,1985-12-31
"MEM0399",0.0176070425140259,1985-01-01,1985-12-31
"MEM0441",0.00148313929366888,1985-01-01,1985-12-31
"MEM0372",0,1985-01-01,1985-12-31
"MEM0237",0.000680957859188189,1985-01-01,1985-12-31
"MEM0358",0.0159806198011434,1985-01-01,1985-12-31
"MEM0442",0,1985-01-01,1985-12-31
"MEM0336",0,1985-01-01,1985-12-31
"MEM0400",0.00123864194662381,1985-01-01,1985-12-31
"MEM0378",0,1985-01-01,1985-12-31
"MEM0304",0.000193570991614326,1985-01-01,1985-12-31
"MEM0351",0.105722968454206,1985-01-01,1985-12-31
"MEM0479",0.294339617672963,1985-01-01,1985-12-31
"MEM0361",0,1985-01-01,1985-12-31
"MEM0454",0.107554650972295,1985-01-01,1985-12-31
"MEM0534",0.0136171173019883,1985-01-01,1985-12-31
"MEM0305",0.00426329154600235,1985-01-01,1985-12-31
"MEM0337",0,1985-01-01,1985-12-31
"MEM0492",9.59575319152881e-05,1985-01-01,1985-12-31
"MEM0494",0,1985-01-01,1985-12-31
"MEM0363",0.00517028430004171,1985-01-01,1985-12-31
"MEM0308",0.107554650972295,1985-01-01,1985-12-31
"MEM0279",0,1985-01-01,1985-12-31
"MEM0444",0.0225065995353186,1985-01-01,1985-12-31
"MEM0272",0.21348359039221,1985-01-01,1985-12-31
"MEM0309",0.0434070434448225,1985-01-01,1985-12-31
"MEM0311",0.0244723481211519,1985-01-01,1985-12-31
"MEM0499",0.137284807200175,1985-01-01,1985-12-31
"MEM0445",0.00565635209506318,1985-01-01,1985-12-31
"MEM0383",0,1985-01-01,1985-12-31
"MEM0384",0,1985-01-01,1985-12-31
"MEM0482",0.164103874247212,1985-01-01,1985-12-31
"MEM0385",0,1985-01-01,1985-12-31
"MEM0314",0.922417331346731,1985-01-01,1985-12-31
"MEM0502",0.00120815891282153,1985-01-01,1985-12-31
"MEM0315",0.0192170096411498,1985-01-01,1985-12-31
"MEM0316",0.0210289379167031,1985-01-01,1985-12-31
"MEM0462",0.155920560104449,1985-01-01,1985-12-31
"MEM0529",0.0217844162939457,1985-01-01,1985-12-31
"MEM0256",0.00489480961642129,1985-01-01,1985-12-31
"MEM0508",0.0149151378703386,1985-01-01,1985-12-31
"MEM0396",0,1985-01-01,1985-12-31
"MEM0540",0.0033007407799044,1985-01-01,1985-12-31
"MEM0475",0.0033007407799044,1985-01-01,1985-12-31
"MEM0476",0,1985-01-01,1985-12-31
"MEM0300",0.0217239408063853,1985-01-01,1985-12-31
"MEM0238",0.0112563401218761,1985-01-01,1985-12-31
"MEM0419",0,1985-01-01,1985-12-31
"MEM0303",0.0418322079518005,1985-01-01,1985-12-31
"MEM0401",0,1985-01-01,1985-12-31
"MEM0404",0.16345466815958,1985-01-01,1985-12-31
"MEM0269",0.00517028430004171,1985-01-01,1985-12-31
"MEM0405",0.154250400687346,1985-01-01,1985-12-31
"MEM0443",0.00668519723269338,1985-01-01,1985-12-31
"MEM0306",0.27748167223765,1985-01-01,1985-12-31
"MEM0248",0.00226470762907705,1985-01-01,1985-12-31
"MEM0380",0.225749712209758,1985-01-01,1985-12-31
"MEM0274",0.00374441972133772,1985-01-01,1985-12-31
"MEM0253",0.0146065312271248,1985-01-01,1985-12-31
"MEM0254",0.229146192130216,1985-01-01,1985-12-31
"MEM0535",0.00378924345412654,1985-01-01,1985-12-31
"MEM0518",0.00835895263545394,1985-01-01,1985-12-31
"MEM0528",0.000605542754552471,1985-01-01,1985-12-31
"MEM0503",0,1985-01-01,1985-12-31
"MEM0436",0,1985-01-01,1985-12-31
"MEM0261",0,1985-01-01,1985-12-31
"MEM0393",0.000313953754641495,1985-01-01,1985-12-31
"MEM0489",0.00810966253967092,1985-01-01,1985-12-31
"MEM0506",0.00518834752194117,1985-01-01,1985-12-31
"MEM0235",0.0223347674771935,1985-01-01,1985-12-31
"MEM0397",0.0162996851985012,1985-01-01,1985-12-31
"MEM0322",0,1985-01-01,1985-12-31
"MEM0477",0.0113857777557299,1985-01-01,1985-12-31
"MEM0357",0.655010119162391,1985-01-01,1985-12-31
"MEM0478",0.00534128024062116,1985-01-01,1985-12-31
"MEM0359",0.0190902501585901,1985-01-01,1985-12-31
"MEM0346",0.000429585337533395,1985-01-01,1985-12-31
"MEM0240",0.0332096906434966,1985-01-01,1985-12-31
"MEM0241",0.00203860035277008,1985-01-01,1985-12-31
"MEM0242",0.00611162633310426,1985-01-01,1985-12-31
"MEM0244",0.0107021339347635,1985-01-01,1985-12-31
"MEM0533",0.0532291685634327,1985-01-01,1985-12-31
"MEM0268",0.0120187121204798,1985-01-01,1985-12-31
"MEM0422",0,1985-01-01,1985-12-31
"MEM0406",0,1985-01-01,1985-12-31
"MEM0246",0.0111304280129664,1985-01-01,1985-12-31
"MEM0522",0.00517028430004171,1985-01-01,1985-12-31
"MEM0381",0.000337767514751553,1985-01-01,1985-12-31
"MEM0271",0,1985-01-01,1985-12-31
"MEM0557",0.0211671120371782,1985-01-01,1985-12-31
"MEM0249",0.109807728912095,1985-01-01,1985-12-31
"MEM0312",0.167000112139651,1985-01-01,1985-12-31
"MEM0287",0.00031627986105567,1985-01-01,1985-12-31
"MEM0275",0.00668519723269338,1985-01-01,1985-12-31
"MEM0431",0.0226716998308657,1985-01-01,1985-12-31
"MEM0448",0.00611162633310426,1985-01-01,1985-12-31
"MEM0386",0.107554650972295,1985-01-01,1985-12-31
"MEM0559",0.00601156676497633,1985-01-01,1985-12-31
"MEM0484",0.225749712209758,1985-01-01,1985-12-31
"MEM0434",0.00240772092772633,1985-01-01,1985-12-31
"MEM0353",0.029373788913389,1985-01-01,1985-12-31
"MEM0543",0.0221783318780194,1985-01-01,1985-12-31
"MEM0470",0.128179548960465,1985-01-01,1985-12-31
"MEM0545",0.025266999217443,1985-01-01,1985-12-31
"MEM0299",0.00668519723269338,1985-01-01,1985-12-31
"MEM0548",0.000193570991614326,1985-01-01,1985-12-31
"MEM0291",0,1985-01-01,1985-12-31
"MEM0301",0.0426134080466367,1985-01-01,1985-12-31
"MEM0327",0.000337767514751553,1985-01-01,1985-12-31
"MEM0553",0.00465451148864193,1985-01-01,1985-12-31
"MEM0554",0,1985-01-01,1985-12-31
"MEM0307",0.0785461343634981,1985-01-01,1985-12-31
"MEM0514",0.0588363845984392,1985-01-01,1985-12-31
"MEM0347",0,1985-01-01,1985-12-31
"MEM0515",0.0345884765992606,1985-01-01,1985-12-31
"MEM0446",0.00148313929366888,1985-01-01,1985-12-31
"MEM0501",0,1985-01-01,1985-12-31
"MEM0483",0.000288410845060255,1985-01-01,1985-12-31
"MEM0416",0.150411982934054,1985-01-01,1985-12-31
"MEM0257",0.0169419663989189,1985-01-01,1985-12-31
"MEM0469",0.140747602720025,1985-01-01,1985-12-31
"MEM0394",0.135591252530943,1985-01-01,1985-12-31
"MEM0507",0.00310720973444399,1985-01-01,1985-12-31
"MEM0334",0.000193570991614326,1985-01-01,1985-12-31
"MEM0375",0,1985-01-01,1985-12-31
"MEM0377",0,1985-01-01,1985-12-31
"MEM0360",0,1985-01-01,1985-12-31
"MEM0555",0.00565635209506318,1985-01-01,1985-12-31
"MEM0523",0.00948216968612402,1985-01-01,1985-12-31
"MEM0513",0.0348838282508891,1985-01-01,1985-12-31
"MEM0273",0,1985-01-01,1985-12-31
"MEM0526",0.0952621749738703,1985-01-01,1985-12-31
"MEM0331",0.000193570991614326,1985-01-01,1985-12-31
"MEM0485",0.122668810064156,1985-01-01,1985-12-31
"MEM0255",0,1985-01-01,1985-12-31
"MEM0468",0.00204559073492118,1985-01-01,1985-12-31
"MEM0435",0.00203646198628762,1985-01-01,1985-12-31
"MEM0471",0.122668810064156,1985-01-01,1985-12-31
"MEM0450",0.11094403340816,1985-01-01,1985-12-31
"MEM0298",0.0107021339347635,1985-01-01,1985-12-31
"MEM0547",0.0059298305978124,1985-01-01,1985-12-31
"MEM0243",0.00545840854256484,1985-01-01,1985-12-31
"MEM0362",0.151211085802223,1985-01-01,1985-12-31
"MEM0423",7.76197464890061e-05,1985-01-01,1985-12-31
"MEM0348",0,1985-01-01,1985-12-31
"MEM0252",0.000914504305468482,1985-01-01,1985-12-31
"MEM0413",0,1985-01-01,1985-12-31
"MEM0342",0.00810966253967092,1985-01-01,1985-12-31
"MEM0537",0,1985-01-01,1985-12-31
"MEM0417",0.0531876999682287,1985-01-01,1985-12-31
"MEM0521",0.25630936032218,1985-01-01,1985-12-31
"MEM0504",0,1985-01-01,1985-12-31
"MEM0546",0.0462364910130886,1985-01-01,1985-12-31
"MEM0426",0.00553446146525793,1985-01-01,1985-12-31
"MEM0317",0.00305648705732847,1985-01-01,1985-12-31
"MEM0258",0.000510840082577192,1985-01-01,1985-12-31
"MEM0549",0,1985-01-01,1985-12-31
"MEM0517",0,1985-01-01,1985-12-31
"MEM0487",0.0368486598789603,1985-01-01,1985-12-31
"MEM0474",0.000104584829484376,1985-01-01,1985-12-31
"MEM0541",0,1985-01-01,1985-12-31
"MEM0403",0.012104194456152,1985-01-01,1985-12-31
"MEM0428",0.00240772092772633,1985-01-01,1985-12-31
"MEM0313",0.0201472733712198,1985-01-01,1985-12-31
"MEM0340",0,1985-01-01,1985-12-31
"MEM0525",0.029542382351313,1985-01-01,1985-12-31
"MEM0207",1.14926641262752,1985-01-01,1985-12-31
"MEM0412",0,1985-01-01,1985-12-31
"MEM0260",0,1985-01-01,1985-12-31
"MEM0498",0,1985-01-01,1985-12-31
"MEM0432",0,1985-01-01,1985-12-31
"MEM0191",0,1985-01-01,1985-12-31
"MEM0193",0,1985-01-01,1985-12-31
"MEM0538",0,1985-01-01,1985-12-31
"MEM0219",0,1985-01-01,1985-12-31
"MEM0196",0,1985-01-01,1985-12-31
"MEM0216",0,1985-01-01,1985-12-31
"MEM0565",0.00109456452258403,1985-01-01,1985-12-31
"MEM0323",8.80273455830711e-05,1985-01-01,1985-12-31
"MEM0221",0,1985-01-01,1985-12-31
"MEM0131",0,1985-01-01,1985-12-31
"MEM0561",0.00236395166716579,1985-01-01,1985-12-31
"MEM0562",0.0275025278234942,1985-01-01,1985-12-31
"MEM0167",0,1985-01-01,1985-12-31
"MEM0124",0,1985-01-01,1985-12-31
"MEM0572",0,1985-01-01,1985-12-31
"MEM0558",0,1985-01-01,1985-12-31
"MEM0365",0,1985-01-01,1985-12-31
"MEM0350",0,1985-01-01,1985-12-31
"MEM0563",0,1985-01-01,1985-12-31
"MEM0461",0,1985-01-01,1985-12-31
"MEM0531",0,1985-01-01,1985-12-31
"MEM0560",0,1985-01-01,1985-12-31
"MEM0056",0.152816372226317,1986-01-01,1986-12-31
"MEM0080",0,1986-01-01,1986-12-31
"MEM0094",0,1986-01-01,1986-12-31
"MEM0170",0,1986-01-01,1986-12-31
"MEM0003",0.00013492919306661,1986-01-01,1986-12-31
"MEM0004",0.0183623781017842,1986-01-01,1986-12-31
"MEM0006",0.178525308902559,1986-01-01,1986-12-31
"MEM0009",0.00172376944915546,1986-01-01,1986-12-31
"MEM0013",0.000561376740842155,1986-01-01,1986-12-31
"MEM0014",0,1986-01-01,1986-12-31
"MEM0016",0.087371682690986,1986-01-01,1986-12-31
"MEM0022",0.00469478598851138,1986-01-01,1986-12-31
"MEM0026",0,1986-01-01,1986-12-31
"MEM0028",0.0107799784315981,1986-01-01,1986-12-31
"MEM0030",0.0575323389417389,1986-01-01,1986-12-31
"MEM0032",0,1986-01-01,1986-12-31
"MEM0035",0,1986-01-01,1986-12-31
"MEM0036",0.0111497686490042,1986-01-01,1986-12-31
"MEM0043",0.00359583133367448,1986-01-01,1986-12-31
"MEM0046",0.163581030541593,1986-01-01,1986-12-31
"MEM0054",0.152816372226317,1986-01-01,1986-12-31
"MEM0058",0,1986-01-01,1986-12-31
"MEM0062",0,1986-01-01,1986-12-31
"MEM0064",0,1986-01-01,1986-12-31
"MEM0065",0.179531820389591,1986-01-01,1986-12-31
"MEM0066",0.163581030541593,1986-01-01,1986-12-31
"MEM0074",0,1986-01-01,1986-12-31
"MEM0077",0,1986-01-01,1986-12-31
"MEM0088",0.00548923231871478,1986-01-01,1986-12-31
"MEM0109",0.00762508458533336,1986-01-01,1986-12-31
"MEM0115",0.0907366689081444,1986-01-01,1986-12-31
"MEM0145",0,1986-01-01,1986-12-31
"MEM0150",0,1986-01-01,1986-12-31
"MEM0171",0.000207457444719391,1986-01-01,1986-12-31
"MEM0197",0,1986-01-01,1986-12-31
"MEM0176",0.000561376740842155,1986-01-01,1986-12-31
"MEM0213",0.000559191150734159,1986-01-01,1986-12-31
"MEM0224",0,1986-01-01,1986-12-31
"MEM0232",0.0466106573522181,1986-01-01,1986-12-31
"MEM0033",0,1986-01-01,1986-12-31
"MEM0095",0,1986-01-01,1986-12-31
"MEM0136",0.175582054195257,1986-01-01,1986-12-31
"MEM0139",0.0174715185715705,1986-01-01,1986-12-31
"MEM0012",0.062569443546196,1986-01-01,1986-12-31
"MEM0023",3.27871790532299,1986-01-01,1986-12-31
"MEM0029",0.107663481595072,1986-01-01,1986-12-31
"MEM0031",2.19304120449949e-05,1986-01-01,1986-12-31
"MEM0039",0.152347837717181,1986-01-01,1986-12-31
"MEM0055",0.736268238332133,1986-01-01,1986-12-31
"MEM0059",0.000485397697989944,1986-01-01,1986-12-31
"MEM0067",0.00711795288641983,1986-01-01,1986-12-31
"MEM0070",0.000908317514831533,1986-01-01,1986-12-31
"MEM0087",0.0206150089790598,1986-01-01,1986-12-31
"MEM0090",5.47018936731942e-06,1986-01-01,1986-12-31
"MEM0092",0.00395950239607689,1986-01-01,1986-12-31
"MEM0102",0.252209069640227,1986-01-01,1986-12-31
"MEM0101",0.000389468534779183,1986-01-01,1986-12-31
"MEM0147",0,1986-01-01,1986-12-31
"MEM0152",0,1986-01-01,1986-12-31
"MEM0168",0,1986-01-01,1986-12-31
"MEM0194",0.0100574168874949,1986-01-01,1986-12-31
"MEM0200",0.00510254858755597,1986-01-01,1986-12-31
"MEM0201",0,1986-01-01,1986-12-31
"MEM0217",0.0428452445571149,1986-01-01,1986-12-31
"MEM0222",0.0756045161727173,1986-01-01,1986-12-31
"MEM0225",0,1986-01-01,1986-12-31
"MEM0227",0.0640294176974323,1986-01-01,1986-12-31
"MEM0061",0.000559191150734159,1986-01-01,1986-12-31
"MEM0111",0.0275417677450424,1986-01-01,1986-12-31
"MEM0153",0.00135113743666222,1986-01-01,1986-12-31
"MEM0184",0.0240080911760285,1986-01-01,1986-12-31
"MEM0011",0,1986-01-01,1986-12-31
"MEM0024",0.00389291565916325,1986-01-01,1986-12-31
"MEM0027",0,1986-01-01,1986-12-31
"MEM0048",0,1986-01-01,1986-12-31
"MEM0052",0,1986-01-01,1986-12-31
"MEM0057",0,1986-01-01,1986-12-31
"MEM0060",0,1986-01-01,1986-12-31
"MEM0069",0.000279691207591107,1986-01-01,1986-12-31
"MEM0076",0.00473991940900297,1986-01-01,1986-12-31
"MEM0082",0.000733411433084257,1986-01-01,1986-12-31
"MEM0086",0.173044557150149,1986-01-01,1986-12-31
"MEM0093",0,1986-01-01,1986-12-31
"MEM0103",0,1986-01-01,1986-12-31
"MEM0113",0.00132272126686802,1986-01-01,1986-12-31
"MEM0118",0,1986-01-01,1986-12-31
"MEM0122",0.000306573519297803,1986-01-01,1986-12-31
"MEM0126",0,1986-01-01,1986-12-31
"MEM0128",0.00271088002878124,1986-01-01,1986-12-31
"MEM0130",0.195623792948134,1986-01-01,1986-12-31
"MEM0134",0,1986-01-01,1986-12-31
"MEM0142",0,1986-01-01,1986-12-31
"MEM0144",0,1986-01-01,1986-12-31
"MEM0154",0.00547071941700096,1986-01-01,1986-12-31
"MEM0156",0.126120391326649,1986-01-01,1986-12-31
"MEM0161",0.00217428408300855,1986-01-01,1986-12-31
"MEM0165",0.0461467350529487,1986-01-01,1986-12-31
"MEM0169",0,1986-01-01,1986-12-31
"MEM0174",0,1986-01-01,1986-12-31
"MEM0183",0.000118255608989712,1986-01-01,1986-12-31
"MEM0195",0.0031465266658345,1986-01-01,1986-12-31
"MEM0202",0.00608147145445698,1986-01-01,1986-12-31
"MEM0204",0,1986-01-01,1986-12-31
"MEM0208",0.000334956719712389,1986-01-01,1986-12-31
"MEM0223",0.00330983134810409,1986-01-01,1986-12-31
"MEM0230",0.203243284987467,1986-01-01,1986-12-31
"MEM0231",0.0664769030691792,1986-01-01,1986-12-31
"MEM0078",0,1986-01-01,1986-12-31
"MEM0155",0,1986-01-01,1986-12-31
"MEM0564",0,1986-01-01,1986-12-31
"MEM0175",0.021375174834293,1986-01-01,1986-12-31
"MEM0211",0.0437652263904284,1986-01-01,1986-12-31
"MEM0015",0.00365750313911348,1986-01-01,1986-12-31
"MEM0045",0,1986-01-01,1986-12-31
"MEM0049",0.0037065452555779,1986-01-01,1986-12-31
"MEM0072",0,1986-01-01,1986-12-31
"MEM0084",0.718802986623757,1986-01-01,1986-12-31
"MEM0089",0.00172919462000237,1986-01-01,1986-12-31
"MEM0099",0,1986-01-01,1986-12-31
"MEM0105",0,1986-01-01,1986-12-31
"MEM0110",0.157804700100107,1986-01-01,1986-12-31
"MEM0133",0.0161250519695165,1986-01-01,1986-12-31
"MEM0158",0,1986-01-01,1986-12-31
"MEM0182",0.000217226318768235,1986-01-01,1986-12-31
"MEM0186",0.0629862160985123,1986-01-01,1986-12-31
"MEM0187",0.000208517723885585,1986-01-01,1986-12-31
"MEM0190",0.0435835974467815,1986-01-01,1986-12-31
"MEM0193",0,1986-01-01,1986-12-31
"MEM0212",0.000971045515640557,1986-01-01,1986-12-31
"MEM0220",0.0016177095788458,1986-01-01,1986-12-31
"MEM0038",0.0537528557519236,1986-01-01,1986-12-31
"MEM0068",0.0163523271565914,1986-01-01,1986-12-31
"MEM0203",0,1986-01-01,1986-12-31
"MEM0025",0.164838285286127,1986-01-01,1986-12-31
"MEM0075",0.00180857979293146,1986-01-01,1986-12-31
"MEM0116",0.0211070027564066,1986-01-01,1986-12-31
"MEM0141",0.00235142637417313,1986-01-01,1986-12-31
"MEM0149",0.000334956719712389,1986-01-01,1986-12-31
"MEM0177",0.00212746488044827,1986-01-01,1986-12-31
"MEM0178",0,1986-01-01,1986-12-31
"MEM0185",0.000639293565295013,1986-01-01,1986-12-31
"MEM0041",0.0037694986873313,1986-01-01,1986-12-31
"MEM0081",0.000535408325157388,1986-01-01,1986-12-31
"MEM0189",0,1986-01-01,1986-12-31
"MEM0199",0.152816372226317,1986-01-01,1986-12-31
"MEM0229",0.287052465281964,1986-01-01,1986-12-31
"MEM0008",0,1986-01-01,1986-12-31
"MEM0050",0,1986-01-01,1986-12-31
"MEM0083",0.0119000944829461,1986-01-01,1986-12-31
"MEM0104",4.13275100461418e-05,1986-01-01,1986-12-31
"MEM0117",0,1986-01-01,1986-12-31
"MEM0127",0,1986-01-01,1986-12-31
"MEM0135",0.0147237461027225,1986-01-01,1986-12-31
"MEM0138",0.0582834549496781,1986-01-01,1986-12-31
"MEM0160",0,1986-01-01,1986-12-31
"MEM0180",0.000836717557503619,1986-01-01,1986-12-31
"MEM0206",0.00750294267920474,1986-01-01,1986-12-31
"MEM0218",0.000790475669676181,1986-01-01,1986-12-31
"MEM0034",0,1986-01-01,1986-12-31
"MEM0037",0,1986-01-01,1986-12-31
"MEM0085",0.000334956719712389,1986-01-01,1986-12-31
"MEM0091",0,1986-01-01,1986-12-31
"MEM0098",0.00365750313911348,1986-01-01,1986-12-31
"MEM0100",0.00598874900142889,1986-01-01,1986-12-31
"MEM0106",0.000790475669676181,1986-01-01,1986-12-31
"MEM0125",0.000757253562214094,1986-01-01,1986-12-31
"MEM0143",0,1986-01-01,1986-12-31
"MEM0163",0,1986-01-01,1986-12-31
"MEM0181",0.00113204259856858,1986-01-01,1986-12-31
"MEM0192",0,1986-01-01,1986-12-31
"MEM0010",1.63935895266104,1986-01-01,1986-12-31
"MEM0112",0.00562045518785194,1986-01-01,1986-12-31
"MEM0162",0.0480311973550178,1986-01-01,1986-12-31
"MEM0172",0,1986-01-01,1986-12-31
"MEM0188",0.0103672674846953,1986-01-01,1986-12-31
"MEM0214",0.0238736365943449,1986-01-01,1986-12-31
"MEM0215",0.113877086843993,1986-01-01,1986-12-31
"MEM0005",0,1986-01-01,1986-12-31
"MEM0044",0.000123014144654678,1986-01-01,1986-12-31
"MEM0107",0.0114369920698653,1986-01-01,1986-12-31
"MEM0132",0,1986-01-01,1986-12-31
"MEM0205",0.0195448890996468,1986-01-01,1986-12-31
"MEM0096",0,1986-01-01,1986-12-31
"MEM0179",0.0166936938924071,1986-01-01,1986-12-31
"MEM0129",0.000795946629763571,1986-01-01,1986-12-31
"MEM0146",0,1986-01-01,1986-12-31
"MEM0226",0,1986-01-01,1986-12-31
"MEM0019",0,1986-01-01,1986-12-31
"MEM0042",0,1986-01-01,1986-12-31
"MEM0051",0.00123313883347248,1986-01-01,1986-12-31
"MEM0210",0.00541401708710121,1986-01-01,1986-12-31
"MEM0228",0.0563614109247746,1986-01-01,1986-12-31
"MEM0053",0.00427114752135544,1986-01-01,1986-12-31
"MEM0120",0,1986-01-01,1986-12-31
"MEM0209",0.0100574168874949,1986-01-01,1986-12-31
"MEM0121",0.000465078419459682,1986-01-01,1986-12-31
"MEM0114",0.00100725892159644,1986-01-01,1986-12-31
"MEM0140",0,1986-01-01,1986-12-31
"MEM0293",0.00746107527903457,1986-01-01,1986-12-31
"MEM0390",0.000130191966732072,1986-01-01,1986-12-31
"MEM0369",0.00249996491653262,1986-01-01,1986-12-31
"MEM0391",0.0167178363223541,1986-01-01,1986-12-31
"MEM0505",0.239984641100399,1986-01-01,1986-12-31
"MEM0320",0.0157502681605715,1986-01-01,1986-12-31
"MEM0370",0,1986-01-01,1986-12-31
"MEM0473",0.0116852751337051,1986-01-01,1986-12-31
"MEM0371",0.0064171622582822,1986-01-01,1986-12-31
"MEM0373",0.0116852751337051,1986-01-01,1986-12-31
"MEM0356",0,1986-01-01,1986-12-31
"MEM0510",0.00947278031333483,1986-01-01,1986-12-31
"MEM0239",0.0146102362573167,1986-01-01,1986-12-31
"MEM0302",0.0414647375554613,1986-01-01,1986-12-31
"MEM0490",0.000725597510029234,1986-01-01,1986-12-31
"MEM0245",0,1986-01-01,1986-12-31
"MEM0457",0,1986-01-01,1986-12-31
"MEM0247",1.61440529896784,1986-01-01,1986-12-31
"MEM0338",0.00553767669496449,1986-01-01,1986-12-31
"MEM0512",0,1986-01-01,1986-12-31
"MEM0424",0.105546173867777,1986-01-01,1986-12-31
"MEM0407",0.000719535661416987,1986-01-01,1986-12-31
"MEM0408",0.00176025212020644,1986-01-01,1986-12-31
"MEM0425",0,1986-01-01,1986-12-31
"MEM0456",0,1986-01-01,1986-12-31
"MEM0496",1.1181391797147,1986-01-01,1986-12-31
"MEM0427",0,1986-01-01,1986-12-31
"MEM0280",0,1986-01-01,1986-12-31
"MEM0556",0,1986-01-01,1986-12-31
"MEM0524",0,1986-01-01,1986-12-31
"MEM0481",0.0120729877021266,1986-01-01,1986-12-31
"MEM0497",0,1986-01-01,1986-12-31
"MEM0281",0.0129940996845228,1986-01-01,1986-12-31
"MEM0558",0,1986-01-01,1986-12-31
"MEM0250",0.105546173867777,1986-01-01,1986-12-31
"MEM0429",0,1986-01-01,1986-12-31
"MEM0364",0.115318083083708,1986-01-01,1986-12-31
"MEM0286",0.0142858328248762,1986-01-01,1986-12-31
"MEM0430",0,1986-01-01,1986-12-31
"MEM0251",0.946683996416368,1986-01-01,1986-12-31
"MEM0410",0,1986-01-01,1986-12-31
"MEM0329",0,1986-01-01,1986-12-31
"MEM0542",0,1986-01-01,1986-12-31
"MEM0349",0.105546173867777,1986-01-01,1986-12-31
"MEM0411",0,1986-01-01,1986-12-31
"MEM0330",0,1986-01-01,1986-12-31
"MEM0449",9.34017944597263e-05,1986-01-01,1986-12-31
"MEM0447",0.00230703423674674,1986-01-01,1986-12-31
"MEM0292",0,1986-01-01,1986-12-31
"MEM0332",0,1986-01-01,1986-12-31
"MEM0415",0,1986-01-01,1986-12-31
"MEM0341",0,1986-01-01,1986-12-31
"MEM0414",0,1986-01-01,1986-12-31
"MEM0527",0.13316693736079,1986-01-01,1986-12-31
"MEM0519",0.00935687965248041,1986-01-01,1986-12-31
"MEM0343",0,1986-01-01,1986-12-31
"MEM0520",0,1986-01-01,1986-12-31
"MEM0318",0,1986-01-01,1986-12-31
"MEM0486",0.0241706569024323,1986-01-01,1986-12-31
"MEM0319",0,1986-01-01,1986-12-31
"MEM0464",0,1986-01-01,1986-12-31
"MEM0277",0,1986-01-01,1986-12-31
"MEM0333",0,1986-01-01,1986-12-31
"MEM0387",0,1986-01-01,1986-12-31
"MEM0466",0,1986-01-01,1986-12-31
"MEM0389",0,1986-01-01,1986-12-31
"MEM0467",0.188488165926959,1986-01-01,1986-12-31
"MEM0345",0,1986-01-01,1986-12-31
"MEM0282",0,1986-01-01,1986-12-31
"MEM0367",0.000510933221145068,1986-01-01,1986-12-31
"MEM0278",0.0129321760774555,1986-01-01,1986-12-31
"MEM0567",0.28265603903169,1986-01-01,1986-12-31
"MEM0294",0,1986-01-01,1986-12-31
"MEM0233",0.00374867758432608,1986-01-01,1986-12-31
"MEM0234",0.0242882094090766,1986-01-01,1986-12-31
"MEM0297",0.210245244734438,1986-01-01,1986-12-31
"MEM0544",0.0215990807841113,1986-01-01,1986-12-31
"MEM0392",0.000290882281221262,1986-01-01,1986-12-31
"MEM0472",0.000290882281221262,1986-01-01,1986-12-31
"MEM0451",6.1016499742511e-05,1986-01-01,1986-12-31
"MEM0438",0.000290882281221262,1986-01-01,1986-12-31
"MEM0236",0.0289595258318352,1986-01-01,1986-12-31
"MEM0439",0.00374867758432608,1986-01-01,1986-12-31
"MEM0509",0.091942796556011,1986-01-01,1986-12-31
"MEM0399",0.0142858328248762,1986-01-01,1986-12-31
"MEM0441",0.00311402252246646,1986-01-01,1986-12-31
"MEM0372",0,1986-01-01,1986-12-31
"MEM0237",0.000499008676134174,1986-01-01,1986-12-31
"MEM0358",0.00267133230591154,1986-01-01,1986-12-31
"MEM0442",0,1986-01-01,1986-12-31
"MEM0336",0,1986-01-01,1986-12-31
"MEM0400",0.000247147936060403,1986-01-01,1986-12-31
"MEM0378",0,1986-01-01,1986-12-31
"MEM0304",0.000290882281221262,1986-01-01,1986-12-31
"MEM0351",0.303267771940287,1986-01-01,1986-12-31
"MEM0479",0.178115651168099,1986-01-01,1986-12-31
"MEM0361",0,1986-01-01,1986-12-31
"MEM0454",0.105546173867777,1986-01-01,1986-12-31
"MEM0534",0.0179542465055754,1986-01-01,1986-12-31
"MEM0305",0.00182450631782405,1986-01-01,1986-12-31
"MEM0337",0,1986-01-01,1986-12-31
"MEM0492",5.53563747445867e-05,1986-01-01,1986-12-31
"MEM0494",0,1986-01-01,1986-12-31
"MEM0363",0.00374867758432608,1986-01-01,1986-12-31
"MEM0308",0.105546173867777,1986-01-01,1986-12-31
"MEM0279",0,1986-01-01,1986-12-31
"MEM0444",0.00462339688398922,1986-01-01,1986-12-31
"MEM0272",0.247645457278163,1986-01-01,1986-12-31
"MEM0309",0.260335842317648,1986-01-01,1986-12-31
"MEM0311",0.0176939617732522,1986-01-01,1986-12-31
"MEM0499",0.0649482680792302,1986-01-01,1986-12-31
"MEM0445",0.0116852751337051,1986-01-01,1986-12-31
"MEM0383",0,1986-01-01,1986-12-31
"MEM0384",0,1986-01-01,1986-12-31
"MEM0482",0.120272982587137,1986-01-01,1986-12-31
"MEM0385",0,1986-01-01,1986-12-31
"MEM0314",1.21669279039922,1986-01-01,1986-12-31
"MEM0502",0.0016385302504103,1986-01-01,1986-12-31
"MEM0315",0.0106649109742287,1986-01-01,1986-12-31
"MEM0316",0.0170037830852154,1986-01-01,1986-12-31
"MEM0462",0.120085396755548,1986-01-01,1986-12-31
"MEM0529",0.00955946730983031,1986-01-01,1986-12-31
"MEM0256",0.00741660925525859,1986-01-01,1986-12-31
"MEM0508",0.0155503362339116,1986-01-01,1986-12-31
"MEM0396",0,1986-01-01,1986-12-31
"MEM0540",0.00453005031361749,1986-01-01,1986-12-31
"MEM0475",0.00482093259483876,1986-01-01,1986-12-31
"MEM0476",0,1986-01-01,1986-12-31
"MEM0300",0.0107181711740324,1986-01-01,1986-12-31
"MEM0238",0.00978554370930998,1986-01-01,1986-12-31
"MEM0419",0,1986-01-01,1986-12-31
"MEM0303",0.00837522792605574,1986-01-01,1986-12-31
"MEM0401",0,1986-01-01,1986-12-31
"MEM0455",0,1986-01-01,1986-12-31
"MEM0404",0.129774231460368,1986-01-01,1986-12-31
"MEM0269",0.00374867758432608,1986-01-01,1986-12-31
"MEM0405",0.124468421438847,1986-01-01,1986-12-31
"MEM0306",0.223896901860667,1986-01-01,1986-12-31
"MEM0248",0.00271650872717961,1986-01-01,1986-12-31
"MEM0380",0.156666372363497,1986-01-01,1986-12-31
"MEM0274",0.00151766044395817,1986-01-01,1986-12-31
"MEM0253",0.0166458009802867,1986-01-01,1986-12-31
"MEM0254",0.274165339960138,1986-01-01,1986-12-31
"MEM0535",0.000218314601875821,1986-01-01,1986-12-31
"MEM0518",0.00951113498779974,1986-01-01,1986-12-31
"MEM0528",0.000450419815291443,1986-01-01,1986-12-31
"MEM0503",0,1986-01-01,1986-12-31
"MEM0436",0,1986-01-01,1986-12-31
"MEM0261",0,1986-01-01,1986-12-31
"MEM0393",0.000416566448400776,1986-01-01,1986-12-31
"MEM0489",0.0107181711740324,1986-01-01,1986-12-31
"MEM0506",0.0196800570059387,1986-01-01,1986-12-31
"MEM0235",0.000290882281221262,1986-01-01,1986-12-31
"MEM0397",0.0195685245335981,1986-01-01,1986-12-31
"MEM0322",0,1986-01-01,1986-12-31
"MEM0531",0,1986-01-01,1986-12-31
"MEM0477",0.0213197315975066,1986-01-01,1986-12-31
"MEM0357",0.184553513480596,1986-01-01,1986-12-31
"MEM0478",0.00843871073420946,1986-01-01,1986-12-31
"MEM0359",0.136119420113671,1986-01-01,1986-12-31
"MEM0240",0.0330057041702284,1986-01-01,1986-12-31
"MEM0241",0.0254796126026912,1986-01-01,1986-12-31
"MEM0242",0.00953846323300761,1986-01-01,1986-12-31
"MEM0244",0.00899336369617697,1986-01-01,1986-12-31
"MEM0533",0.0191499551270267,1986-01-01,1986-12-31
"MEM0268",0.0315233496455965,1986-01-01,1986-12-31
"MEM0422",0,1986-01-01,1986-12-31
"MEM0443",0.0142858328248762,1986-01-01,1986-12-31
"MEM0406",0,1986-01-01,1986-12-31
"MEM0246",0.0152798228685673,1986-01-01,1986-12-31
"MEM0522",0.00374867758432608,1986-01-01,1986-12-31
"MEM0271",0.0157502681605715,1986-01-01,1986-12-31
"MEM0557",0.0255361523367267,1986-01-01,1986-12-31
"MEM0249",0.0575144933383282,1986-01-01,1986-12-31
"MEM0312",0.129787674499123,1986-01-01,1986-12-31
"MEM0287",0.0572867950989831,1986-01-01,1986-12-31
"MEM0275",0.0142858328248762,1986-01-01,1986-12-31
"MEM0431",0.0146387765913393,1986-01-01,1986-12-31
"MEM0448",0.00449109667654902,1986-01-01,1986-12-31
"MEM0386",0.105546173867777,1986-01-01,1986-12-31
"MEM0559",0.00592174641575459,1986-01-01,1986-12-31
"MEM0484",0.164623638987069,1986-01-01,1986-12-31
"MEM0434",0.00221123902937602,1986-01-01,1986-12-31
"MEM0353",0.00916088294521133,1986-01-01,1986-12-31
"MEM0543",0.00614189037920288,1986-01-01,1986-12-31
"MEM0470",0.0989016940627225,1986-01-01,1986-12-31
"MEM0545",0.0235315609077165,1986-01-01,1986-12-31
"MEM0299",0.0142858328248762,1986-01-01,1986-12-31
"MEM0548",0.00978554370930998,1986-01-01,1986-12-31
"MEM0291",0,1986-01-01,1986-12-31
"MEM0301",0.0968005867422574,1986-01-01,1986-12-31
"MEM0346",0,1986-01-01,1986-12-31
"MEM0327",0.000513103390104665,1986-01-01,1986-12-31
"MEM0553",0.00301247495535056,1986-01-01,1986-12-31
"MEM0554",0,1986-01-01,1986-12-31
"MEM0381",0.000513103390104665,1986-01-01,1986-12-31
"MEM0307",0.0606911013111471,1986-01-01,1986-12-31
"MEM0514",0.0548109331988107,1986-01-01,1986-12-31
"MEM0347",0,1986-01-01,1986-12-31
"MEM0515",0.0311541441837321,1986-01-01,1986-12-31
"MEM0446",0.0028231402412452,1986-01-01,1986-12-31
"MEM0501",0,1986-01-01,1986-12-31
"MEM0483",0.000314759365405774,1986-01-01,1986-12-31
"MEM0416",0.117461961506436,1986-01-01,1986-12-31
"MEM0257",0.020095385653177,1986-01-01,1986-12-31
"MEM0469",0.138118268159689,1986-01-01,1986-12-31
"MEM0394",0.132116032119791,1986-01-01,1986-12-31
"MEM0507",0.00947278031333483,1986-01-01,1986-12-31
"MEM0334",0.000290882281221262,1986-01-01,1986-12-31
"MEM0375",0,1986-01-01,1986-12-31
"MEM0377",0,1986-01-01,1986-12-31
"MEM0360",0,1986-01-01,1986-12-31
"MEM0555",0.0116852751337051,1986-01-01,1986-12-31
"MEM0523",0.00718752767436476,1986-01-01,1986-12-31
"MEM0513",0.0266839817533615,1986-01-01,1986-12-31
"MEM0273",0.0157502681605715,1986-01-01,1986-12-31
"MEM0526",0.0965562072241691,1986-01-01,1986-12-31
"MEM0331",0.000290882281221262,1986-01-01,1986-12-31
"MEM0461",0,1986-01-01,1986-12-31
"MEM0485",0.091942796556011,1986-01-01,1986-12-31
"MEM0255",0,1986-01-01,1986-12-31
"MEM0468",0.0486509391412277,1986-01-01,1986-12-31
"MEM0435",0.0134385434195307,1986-01-01,1986-12-31
"MEM0471",0.091942796556011,1986-01-01,1986-12-31
"MEM0298",0.00899336369617697,1986-01-01,1986-12-31
"MEM0547",0.00544801026719712,1986-01-01,1986-12-31
"MEM0243",0.00392762038390839,1986-01-01,1986-12-31
"MEM0362",0.422515903434749,1986-01-01,1986-12-31
"MEM0423",0.000594760522956972,1986-01-01,1986-12-31
"MEM0348",0,1986-01-01,1986-12-31
"MEM0252",0.249475569610691,1986-01-01,1986-12-31
"MEM0413",0,1986-01-01,1986-12-31
"MEM0342",0.0107181711740324,1986-01-01,1986-12-31
"MEM0521",0.148757076104443,1986-01-01,1986-12-31
"MEM0504",0,1986-01-01,1986-12-31
"MEM0450",0.00962220096799737,1986-01-01,1986-12-31
"MEM0546",0.0238543909868976,1986-01-01,1986-12-31
"MEM0426",0.00713236647073765,1986-01-01,1986-12-31
"MEM0317",0.00479326716770602,1986-01-01,1986-12-31
"MEM0258",0.000194105410551503,1986-01-01,1986-12-31
"MEM0417",0.120235605270959,1986-01-01,1986-12-31
"MEM0549",0,1986-01-01,1986-12-31
"MEM0517",0,1986-01-01,1986-12-31
"MEM0487",0.0407242036827576,1986-01-01,1986-12-31
"MEM0474",0.00861505616744498,1986-01-01,1986-12-31
"MEM0541",0,1986-01-01,1986-12-31
"MEM0403",0.00365717016684203,1986-01-01,1986-12-31
"MEM0428",0.00221123902937602,1986-01-01,1986-12-31
"MEM0313",0.132775587864324,1986-01-01,1986-12-31
"MEM0537",0.00899336369617697,1986-01-01,1986-12-31
"MEM0340",0,1986-01-01,1986-12-31
"MEM0525",0.0121946644018606,1986-01-01,1986-12-31
"MEM0157",0,1986-01-01,1986-12-31
"MEM0412",0,1986-01-01,1986-12-31
"MEM0260",0,1986-01-01,1986-12-31
"MEM0432",0,1986-01-01,1986-12-31
"MEM0191",0,1986-01-01,1986-12-31
"MEM0498",0,1986-01-01,1986-12-31
"MEM0561",0.00297072402378684,1986-01-01,1986-12-31
"MEM0538",0,1986-01-01,1986-12-31
"MEM0219",0,1986-01-01,1986-12-31
"MEM0207",0,1986-01-01,1986-12-31
"MEM0196",0,1986-01-01,1986-12-31
"MEM0216",0,1986-01-01,1986-12-31
"MEM0565",0.000537513604619268,1986-01-01,1986-12-31
"MEM0323",2.55019157088123e-05,1986-01-01,1986-12-31
"MEM0221",0,1986-01-01,1986-12-31
"MEM0131",0,1986-01-01,1986-12-31
"MEM0562",0.0174926822827883,1986-01-01,1986-12-31
"MEM0167",0,1986-01-01,1986-12-31
"MEM0124",0,1986-01-01,1986-12-31
"MEM0572",0,1986-01-01,1986-12-31
"MEM0365",0,1986-01-01,1986-12-31
"MEM0350",0,1986-01-01,1986-12-31
"MEM0563",0,1986-01-01,1986-12-31
"MEM0500",0,1986-01-01,1986-12-31
"MEM0310",0,1986-01-01,1986-12-31
"MEM0536",0,1986-01-01,1986-12-31
"MEM0463",0,1986-01-01,1986-12-31
"MEM0560",0,1986-01-01,1986-12-31
"MEM0056",0.0402679389008583,1987-01-01,1987-12-31
"MEM0080",0,1987-01-01,1987-12-31
"MEM0094",0,1987-01-01,1987-12-31
"MEM0170",0,1987-01-01,1987-12-31
"MEM0003",6.43515069554337e-05,1987-01-01,1987-12-31
"MEM0004",0.0172029526884322,1987-01-01,1987-12-31
"MEM0006",0.0643065326355671,1987-01-01,1987-12-31
"MEM0009",0.00159784439847751,1987-01-01,1987-12-31
"MEM0013",0.00333601783623661,1987-01-01,1987-12-31
"MEM0014",0.0146890823412185,1987-01-01,1987-12-31
"MEM0016",0.0136546539420816,1987-01-01,1987-12-31
"MEM0022",0.0126399619863808,1987-01-01,1987-12-31
"MEM0026",0,1987-01-01,1987-12-31
"MEM0028",0.00861860354324015,1987-01-01,1987-12-31
"MEM0030",0.1640387864669,1987-01-01,1987-12-31
"MEM0032",0.0146890823412185,1987-01-01,1987-12-31
"MEM0035",0,1987-01-01,1987-12-31
"MEM0036",0.0325616174085437,1987-01-01,1987-12-31
"MEM0043",0.0153027120483856,1987-01-01,1987-12-31
"MEM0046",0.0470760633412952,1987-01-01,1987-12-31
"MEM0051",0,1987-01-01,1987-12-31
"MEM0054",0.0402679389008583,1987-01-01,1987-12-31
"MEM0058",0.000445919533661885,1987-01-01,1987-12-31
"MEM0062",0,1987-01-01,1987-12-31
"MEM0064",0,1987-01-01,1987-12-31
"MEM0065",0.0467517473758083,1987-01-01,1987-12-31
"MEM0066",0.0470760633412952,1987-01-01,1987-12-31
"MEM0074",0,1987-01-01,1987-12-31
"MEM0077",0,1987-01-01,1987-12-31
"MEM0088",0.000281931710184202,1987-01-01,1987-12-31
"MEM0109",0.0229144334102976,1987-01-01,1987-12-31
"MEM0115",0.021784759723558,1987-01-01,1987-12-31
"MEM0145",0,1987-01-01,1987-12-31
"MEM0171",0.000347232394590886,1987-01-01,1987-12-31
"MEM0197",0,1987-01-01,1987-12-31
"MEM0176",0.00333601783623661,1987-01-01,1987-12-31
"MEM0213",0.00046918268343342,1987-01-01,1987-12-31
"MEM0224",0.0402679389008583,1987-01-01,1987-12-31
"MEM0232",0.0114032128263161,1987-01-01,1987-12-31
"MEM0033",0,1987-01-01,1987-12-31
"MEM0095",0.000171571941587618,1987-01-01,1987-12-31
"MEM0136",0.0516923891258601,1987-01-01,1987-12-31
"MEM0139",0.00676180411450684,1987-01-01,1987-12-31
"MEM0012",0.044214687953568,1987-01-01,1987-12-31
"MEM0023",0.00408544515991414,1987-01-01,1987-12-31
"MEM0029",0.0356122145864734,1987-01-01,1987-12-31
"MEM0031",2.07653380939579e-05,1987-01-01,1987-12-31
"MEM0039",0.0354707188905138,1987-01-01,1987-12-31
"MEM0055",3.48243848021804e-05,1987-01-01,1987-12-31
"MEM0067",0.00883052853314921,1987-01-01,1987-12-31
"MEM0070",0.00187089669892398,1987-01-01,1987-12-31
"MEM0087",0.0507198321808243,1987-01-01,1987-12-31
"MEM0090",0.0387154831958821,1987-01-01,1987-12-31
"MEM0092",0.023376916165934,1987-01-01,1987-12-31
"MEM0102",0.0859893925006652,1987-01-01,1987-12-31
"MEM0101",9.14823453735516e-05,1987-01-01,1987-12-31
"MEM0147",0,1987-01-01,1987-12-31
"MEM0152",0,1987-01-01,1987-12-31
"MEM0168",0,1987-01-01,1987-12-31
"MEM0194",0.00936289316848215,1987-01-01,1987-12-31
"MEM0200",0.00724930530691202,1987-01-01,1987-12-31
"MEM0201",0,1987-01-01,1987-12-31
"MEM0217",0.015062170587216,1987-01-01,1987-12-31
"MEM0222",0.00268278099537362,1987-01-01,1987-12-31
"MEM0225",0,1987-01-01,1987-12-31
"MEM0227",0.0190895499369654,1987-01-01,1987-12-31
"MEM0061",0.00046918268343342,1987-01-01,1987-12-31
"MEM0111",0.0136170873724849,1987-01-01,1987-12-31
"MEM0153",0.00654553425855272,1987-01-01,1987-12-31
"MEM0184",0.00993455353086168,1987-01-01,1987-12-31
"MEM0011",0,1987-01-01,1987-12-31
"MEM0024",0.00824380955070153,1987-01-01,1987-12-31
"MEM0027",0.00238514749437002,1987-01-01,1987-12-31
"MEM0048",0,1987-01-01,1987-12-31
"MEM0052",0.000426258792181138,1987-01-01,1987-12-31
"MEM0057",0,1987-01-01,1987-12-31
"MEM0060",0,1987-01-01,1987-12-31
"MEM0069",0.000198415701838502,1987-01-01,1987-12-31
"MEM0076",0,1987-01-01,1987-12-31
"MEM0082",0.00020617855678978,1987-01-01,1987-12-31
"MEM0086",0.0402679389008583,1987-01-01,1987-12-31
"MEM0093",0,1987-01-01,1987-12-31
"MEM0103",0,1987-01-01,1987-12-31
"MEM0107",0.0856292107610496,1987-01-01,1987-12-31
"MEM0113",0.00596013676201077,1987-01-01,1987-12-31
"MEM0118",0,1987-01-01,1987-12-31
"MEM0122",0.00327475491263745,1987-01-01,1987-12-31
"MEM0126",0,1987-01-01,1987-12-31
"MEM0128",0.00238514749437002,1987-01-01,1987-12-31
"MEM0130",0.0512206842725176,1987-01-01,1987-12-31
"MEM0134",0.00108219437409204,1987-01-01,1987-12-31
"MEM0142",0.000171571941587618,1987-01-01,1987-12-31
"MEM0144",0,1987-01-01,1987-12-31
"MEM0154",0.00570156264993481,1987-01-01,1987-12-31
"MEM0156",0.204407959192854,1987-01-01,1987-12-31
"MEM0165",0.0202803093991874,1987-01-01,1987-12-31
"MEM0169",0,1987-01-01,1987-12-31
"MEM0174",0,1987-01-01,1987-12-31
"MEM0183",0.000664462548878952,1987-01-01,1987-12-31
"MEM0195",0.0280354344691161,1987-01-01,1987-12-31
"MEM0202",0.00598596894473209,1987-01-01,1987-12-31
"MEM0204",0,1987-01-01,1987-12-31
"MEM0208",0.000179883930204957,1987-01-01,1987-12-31
"MEM0223",0.00496047772078688,1987-01-01,1987-12-31
"MEM0230",0.050031681729249,1987-01-01,1987-12-31
"MEM0231",0.0239984943472472,1987-01-01,1987-12-31
"MEM0078",0,1987-01-01,1987-12-31
"MEM0155",0,1987-01-01,1987-12-31
"MEM0564",0,1987-01-01,1987-12-31
"MEM0175",0.00559591228359384,1987-01-01,1987-12-31
"MEM0189",0.000690860040303089,1987-01-01,1987-12-31
"MEM0211",0.0366023734193273,1987-01-01,1987-12-31
"MEM0015",0.00240540499521633,1987-01-01,1987-12-31
"MEM0045",0.00408544515991414,1987-01-01,1987-12-31
"MEM0049",0.0030195336855749,1987-01-01,1987-12-31
"MEM0072",0,1987-01-01,1987-12-31
"MEM0084",0.00611878296167211,1987-01-01,1987-12-31
"MEM0089",0.0031959943631506,1987-01-01,1987-12-31
"MEM0099",0,1987-01-01,1987-12-31
"MEM0105",0,1987-01-01,1987-12-31
"MEM0133",0,1987-01-01,1987-12-31
"MEM0150",0,1987-01-01,1987-12-31
"MEM0158",0,1987-01-01,1987-12-31
"MEM0182",9.54753633231272e-05,1987-01-01,1987-12-31
"MEM0186",0.0745892254618356,1987-01-01,1987-12-31
"MEM0187",2.43610403616089e-05,1987-01-01,1987-12-31
"MEM0190",0.0823240515852884,1987-01-01,1987-12-31
"MEM0193",0,1987-01-01,1987-12-31
"MEM0212",0,1987-01-01,1987-12-31
"MEM0220",0.00176833131034274,1987-01-01,1987-12-31
"MEM0038",0.0405173387571625,1987-01-01,1987-12-31
"MEM0068",0.0452949051798066,1987-01-01,1987-12-31
"MEM0203",0,1987-01-01,1987-12-31
"MEM0025",0.0443549118641606,1987-01-01,1987-12-31
"MEM0059",0,1987-01-01,1987-12-31
"MEM0075",0.00470789191586449,1987-01-01,1987-12-31
"MEM0116",0.0524540351162432,1987-01-01,1987-12-31
"MEM0141",0.00600358519812831,1987-01-01,1987-12-31
"MEM0149",0.000179883930204957,1987-01-01,1987-12-31
"MEM0177",0.00589140633298602,1987-01-01,1987-12-31
"MEM0178",0,1987-01-01,1987-12-31
"MEM0185",0.00510738411694151,1987-01-01,1987-12-31
"MEM0041",0.0111161191894772,1987-01-01,1987-12-31
"MEM0081",0.00405467238331947,1987-01-01,1987-12-31
"MEM0199",0.0402679389008583,1987-01-01,1987-12-31
"MEM0229",0.0771948211410653,1987-01-01,1987-12-31
"MEM0007",0,1987-01-01,1987-12-31
"MEM0008",0,1987-01-01,1987-12-31
"MEM0050",0.00408544515991414,1987-01-01,1987-12-31
"MEM0083",0.00218153187385373,1987-01-01,1987-12-31
"MEM0104",0.00024047678464082,1987-01-01,1987-12-31
"MEM0117",0,1987-01-01,1987-12-31
"MEM0127",0,1987-01-01,1987-12-31
"MEM0135",0.0170064361252231,1987-01-01,1987-12-31
"MEM0138",0.0312495688760195,1987-01-01,1987-12-31
"MEM0160",0,1987-01-01,1987-12-31
"MEM0180",0.000311482072043522,1987-01-01,1987-12-31
"MEM0206",0.0116344529455592,1987-01-01,1987-12-31
"MEM0218",0.00165165141539766,1987-01-01,1987-12-31
"MEM0034",0,1987-01-01,1987-12-31
"MEM0037",0,1987-01-01,1987-12-31
"MEM0085",0.000179883930204957,1987-01-01,1987-12-31
"MEM0098",0.00240540499521633,1987-01-01,1987-12-31
"MEM0100",0.00383505431246349,1987-01-01,1987-12-31
"MEM0106",0.00165165141539766,1987-01-01,1987-12-31
"MEM0125",0.000196712903488696,1987-01-01,1987-12-31
"MEM0143",0,1987-01-01,1987-12-31
"MEM0161",0.000426258792181138,1987-01-01,1987-12-31
"MEM0163",0,1987-01-01,1987-12-31
"MEM0181",0.000644788259318085,1987-01-01,1987-12-31
"MEM0192",0,1987-01-01,1987-12-31
"MEM0091",0,1987-01-01,1987-12-31
"MEM0112",0.00247697360461442,1987-01-01,1987-12-31
"MEM0162",0.0132952615609253,1987-01-01,1987-12-31
"MEM0172",0,1987-01-01,1987-12-31
"MEM0188",0.00884388922102483,1987-01-01,1987-12-31
"MEM0214",0.00667576396134864,1987-01-01,1987-12-31
"MEM0215",0.0414778526781872,1987-01-01,1987-12-31
"MEM0005",0,1987-01-01,1987-12-31
"MEM0010",0,1987-01-01,1987-12-31
"MEM0042",0,1987-01-01,1987-12-31
"MEM0044",6.26736877479766e-05,1987-01-01,1987-12-31
"MEM0132",0,1987-01-01,1987-12-31
"MEM0205",0.0228373950082642,1987-01-01,1987-12-31
"MEM0221",0,1987-01-01,1987-12-31
"MEM0096",0,1987-01-01,1987-12-31
"MEM0179",0.0205739589499617,1987-01-01,1987-12-31
"MEM0110",0.000829416868414963,1987-01-01,1987-12-31
"MEM0129",0.000916872730473141,1987-01-01,1987-12-31
"MEM0146",0,1987-01-01,1987-12-31
"MEM0226",0,1987-01-01,1987-12-31
"MEM0210",0.00289822285474795,1987-01-01,1987-12-31
"MEM0228",0.0195491307780618,1987-01-01,1987-12-31
"MEM0019",0,1987-01-01,1987-12-31
"MEM0053",0.00939755654457613,1987-01-01,1987-12-31
"MEM0120",0,1987-01-01,1987-12-31
"MEM0121",0.0011671494284032,1987-01-01,1987-12-31
"MEM0209",0.00936289316848215,1987-01-01,1987-12-31
"MEM0114",0.00226261205092774,1987-01-01,1987-12-31
"MEM0140",0.000372455871335142,1987-01-01,1987-12-31
"MEM0293",0.00920443647240696,1987-01-01,1987-12-31
"MEM0390",1.57471695512999e-05,1987-01-01,1987-12-31
"MEM0369",0.0021622243223683,1987-01-01,1987-12-31
"MEM0391",0.0104823694438937,1987-01-01,1987-12-31
"MEM0505",0.0420747351612478,1987-01-01,1987-12-31
"MEM0320",0.00521858886554993,1987-01-01,1987-12-31
"MEM0370",0,1987-01-01,1987-12-31
"MEM0473",0.00339649201843787,1987-01-01,1987-12-31
"MEM0371",0.00182202768751101,1987-01-01,1987-12-31
"MEM0373",0.00339649201843787,1987-01-01,1987-12-31
"MEM0356",0,1987-01-01,1987-12-31
"MEM0374",0,1987-01-01,1987-12-31
"MEM0510",0.00171623380213879,1987-01-01,1987-12-31
"MEM0239",0.00853977686611924,1987-01-01,1987-12-31
"MEM0302",0.0281925134005476,1987-01-01,1987-12-31
"MEM0245",0,1987-01-01,1987-12-31
"MEM0457",0,1987-01-01,1987-12-31
"MEM0247",0.0743473088617754,1987-01-01,1987-12-31
"MEM0338",0.00777517173488474,1987-01-01,1987-12-31
"MEM0512",0,1987-01-01,1987-12-31
"MEM0424",0.0250309692566705,1987-01-01,1987-12-31
"MEM0407",0.000209149574407578,1987-01-01,1987-12-31
"MEM0408",0.00214621108693394,1987-01-01,1987-12-31
"MEM0425",0,1987-01-01,1987-12-31
"MEM0456",0,1987-01-01,1987-12-31
"MEM0496",0.124488904173413,1987-01-01,1987-12-31
"MEM0427",0,1987-01-01,1987-12-31
"MEM0280",0,1987-01-01,1987-12-31
"MEM0556",0,1987-01-01,1987-12-31
"MEM0524",0,1987-01-01,1987-12-31
"MEM0481",0.0105200316141371,1987-01-01,1987-12-31
"MEM0497",0,1987-01-01,1987-12-31
"MEM0281",0.00204724042281574,1987-01-01,1987-12-31
"MEM0558",0,1987-01-01,1987-12-31
"MEM0250",0.0250309692566705,1987-01-01,1987-12-31
"MEM0429",0,1987-01-01,1987-12-31
"MEM0364",0.0961217969468676,1987-01-01,1987-12-31
"MEM0286",0.0043713526997537,1987-01-01,1987-12-31
"MEM0430",0,1987-01-01,1987-12-31
"MEM0410",0,1987-01-01,1987-12-31
"MEM0329",0,1987-01-01,1987-12-31
"MEM0542",0,1987-01-01,1987-12-31
"MEM0349",0.0250309692566705,1987-01-01,1987-12-31
"MEM0411",0,1987-01-01,1987-12-31
"MEM0330",0,1987-01-01,1987-12-31
"MEM0449",3.58968881354922e-05,1987-01-01,1987-12-31
"MEM0447",0.00304834596387548,1987-01-01,1987-12-31
"MEM0292",0,1987-01-01,1987-12-31
"MEM0332",0,1987-01-01,1987-12-31
"MEM0415",0,1987-01-01,1987-12-31
"MEM0341",0,1987-01-01,1987-12-31
"MEM0414",0,1987-01-01,1987-12-31
"MEM0527",0.00690734846013032,1987-01-01,1987-12-31
"MEM0519",0.00623843412685283,1987-01-01,1987-12-31
"MEM0343",0,1987-01-01,1987-12-31
"MEM0520",0,1987-01-01,1987-12-31
"MEM0318",0,1987-01-01,1987-12-31
"MEM0486",0.0286892838053465,1987-01-01,1987-12-31
"MEM0319",0,1987-01-01,1987-12-31
"MEM0277",0,1987-01-01,1987-12-31
"MEM0333",0,1987-01-01,1987-12-31
"MEM0387",0,1987-01-01,1987-12-31
"MEM0466",0,1987-01-01,1987-12-31
"MEM0389",0,1987-01-01,1987-12-31
"MEM0467",0.00698180769049952,1987-01-01,1987-12-31
"MEM0345",0,1987-01-01,1987-12-31
"MEM0282",0,1987-01-01,1987-12-31
"MEM0367",0.00050629276599396,1987-01-01,1987-12-31
"MEM0278",0.0159020526037166,1987-01-01,1987-12-31
"MEM0567",0.0837396842002564,1987-01-01,1987-12-31
"MEM0294",0,1987-01-01,1987-12-31
"MEM0233",0.0020006360848505,1987-01-01,1987-12-31
"MEM0234",0.0230056250366205,1987-01-01,1987-12-31
"MEM0297",0.112402259140608,1987-01-01,1987-12-31
"MEM0544",0.0301738896373563,1987-01-01,1987-12-31
"MEM0472",0.000152961906191037,1987-01-01,1987-12-31
"MEM0451",8.36047360564714e-06,1987-01-01,1987-12-31
"MEM0438",0.000152961906191037,1987-01-01,1987-12-31
"MEM0236",0.0247836263268699,1987-01-01,1987-12-31
"MEM0439",0.0020006360848505,1987-01-01,1987-12-31
"MEM0531",0.00149914641237738,1987-01-01,1987-12-31
"MEM0509",0.0629838588696443,1987-01-01,1987-12-31
"MEM0399",0.0043713526997537,1987-01-01,1987-12-31
"MEM0441",0.000152961906191037,1987-01-01,1987-12-31
"MEM0372",0,1987-01-01,1987-12-31
"MEM0237",0.000226078274536477,1987-01-01,1987-12-31
"MEM0358",0.000395486329485707,1987-01-01,1987-12-31
"MEM0442",0,1987-01-01,1987-12-31
"MEM0400",0.000122699654532768,1987-01-01,1987-12-31
"MEM0378",0.00526886243911827,1987-01-01,1987-12-31
"MEM0304",0.000152961906191037,1987-01-01,1987-12-31
"MEM0351",0.107437648790478,1987-01-01,1987-12-31
"MEM0479",0.0245645247039739,1987-01-01,1987-12-31
"MEM0361",0.000528604712071599,1987-01-01,1987-12-31
"MEM0454",0.0250309692566705,1987-01-01,1987-12-31
"MEM0534",0.00486218631567812,1987-01-01,1987-12-31
"MEM0305",0.00238415140121143,1987-01-01,1987-12-31
"MEM0337",0,1987-01-01,1987-12-31
"MEM0492",3.44844539675577e-05,1987-01-01,1987-12-31
"MEM0494",0.00530234781977162,1987-01-01,1987-12-31
"MEM0363",0.0020006360848505,1987-01-01,1987-12-31
"MEM0308",0.0250309692566705,1987-01-01,1987-12-31
"MEM0279",0,1987-01-01,1987-12-31
"MEM0444",0.00485361037064906,1987-01-01,1987-12-31
"MEM0272",1.19326745338985,1987-01-01,1987-12-31
"MEM0311",0.0156635086574049,1987-01-01,1987-12-31
"MEM0499",0.0184978654760161,1987-01-01,1987-12-31
"MEM0445",0.00339649201843787,1987-01-01,1987-12-31
"MEM0383",0.00526886243911827,1987-01-01,1987-12-31
"MEM0384",0,1987-01-01,1987-12-31
"MEM0482",0.0893925547336732,1987-01-01,1987-12-31
"MEM0385",0,1987-01-01,1987-12-31
"MEM0251",0.00533856242399952,1987-01-01,1987-12-31
"MEM0502",0.00619039067314101,1987-01-01,1987-12-31
"MEM0315",0.0106384723760689,1987-01-01,1987-12-31
"MEM0316",0.0130950462715406,1987-01-01,1987-12-31
"MEM0462",0.074242902640945,1987-01-01,1987-12-31
"MEM0529",0.0087813232844985,1987-01-01,1987-12-31
"MEM0464",0,1987-01-01,1987-12-31
"MEM0256",0.00190892981446981,1987-01-01,1987-12-31
"MEM0508",0.00992809669634604,1987-01-01,1987-12-31
"MEM0396",0,1987-01-01,1987-12-31
"MEM0540",0.00193406816097902,1987-01-01,1987-12-31
"MEM0475",0.000152961906191037,1987-01-01,1987-12-31
"MEM0476",0,1987-01-01,1987-12-31
"MEM0300",0.00579958703633673,1987-01-01,1987-12-31
"MEM0238",0.0085750598332624,1987-01-01,1987-12-31
"MEM0419",0,1987-01-01,1987-12-31
"MEM0303",0.00169215586633048,1987-01-01,1987-12-31
"MEM0336",0,1987-01-01,1987-12-31
"MEM0401",0,1987-01-01,1987-12-31
"MEM0455",0,1987-01-01,1987-12-31
"MEM0404",0.10097430047878,1987-01-01,1987-12-31
"MEM0269",0.0020006360848505,1987-01-01,1987-12-31
"MEM0405",0.0759234127427523,1987-01-01,1987-12-31
"MEM0306",0.0867164014063686,1987-01-01,1987-12-31
"MEM0248",0.000569701924149369,1987-01-01,1987-12-31
"MEM0380",0.0435013275161022,1987-01-01,1987-12-31
"MEM0274",0.00271408625241238,1987-01-01,1987-12-31
"MEM0314",0.0504766027486062,1987-01-01,1987-12-31
"MEM0253",0.0203047187551187,1987-01-01,1987-12-31
"MEM0254",0.106222992784691,1987-01-01,1987-12-31
"MEM0535",0.000177493101934691,1987-01-01,1987-12-31
"MEM0518",0.00904767077088717,1987-01-01,1987-12-31
"MEM0528",0.00333567476608443,1987-01-01,1987-12-31
"MEM0503",0,1987-01-01,1987-12-31
"MEM0436",0,1987-01-01,1987-12-31
"MEM0261",0,1987-01-01,1987-12-31
"MEM0393",0.00232473220796921,1987-01-01,1987-12-31
"MEM0489",0.00579958703633673,1987-01-01,1987-12-31
"MEM0506",0.0212238139755261,1987-01-01,1987-12-31
"MEM0235",0.000152961906191037,1987-01-01,1987-12-31
"MEM0397",0.00641609114757644,1987-01-01,1987-12-31
"MEM0322",7.16930277409889e-05,1987-01-01,1987-12-31
"MEM0477",0.00732317591919776,1987-01-01,1987-12-31
"MEM0357",0.0831581303647455,1987-01-01,1987-12-31
"MEM0478",0.00385189803655983,1987-01-01,1987-12-31
"MEM0359",0.101061468240201,1987-01-01,1987-12-31
"MEM0240",0.0217128541154502,1987-01-01,1987-12-31
"MEM0241",0.0216025737392333,1987-01-01,1987-12-31
"MEM0242",0.00252784763187089,1987-01-01,1987-12-31
"MEM0244",0.0061105137984015,1987-01-01,1987-12-31
"MEM0268",0.0160930980121415,1987-01-01,1987-12-31
"MEM0422",0,1987-01-01,1987-12-31
"MEM0443",0.0043713526997537,1987-01-01,1987-12-31
"MEM0406",0,1987-01-01,1987-12-31
"MEM0246",0.0074801514455316,1987-01-01,1987-12-31
"MEM0522",0.0020006360848505,1987-01-01,1987-12-31
"MEM0271",0.00521858886554993,1987-01-01,1987-12-31
"MEM0557",0.012052829063697,1987-01-01,1987-12-31
"MEM0249",0.052229870000371,1987-01-01,1987-12-31
"MEM0312",0.0985980931387807,1987-01-01,1987-12-31
"MEM0287",0.0145782009980913,1987-01-01,1987-12-31
"MEM0275",0.0043713526997537,1987-01-01,1987-12-31
"MEM0431",0.014813132208721,1987-01-01,1987-12-31
"MEM0448",0.00249017942871,1987-01-01,1987-12-31
"MEM0386",0.0250309692566705,1987-01-01,1987-12-31
"MEM0559",0.0026857092791286,1987-01-01,1987-12-31
"MEM0484",0.047661288621983,1987-01-01,1987-12-31
"MEM0434",0.000841474674269734,1987-01-01,1987-12-31
"MEM0543",0.00259203284367154,1987-01-01,1987-12-31
"MEM0470",0.0780511424482641,1987-01-01,1987-12-31
"MEM0545",0.0176446339848844,1987-01-01,1987-12-31
"MEM0299",0.0043713526997537,1987-01-01,1987-12-31
"MEM0291",0,1987-01-01,1987-12-31
"MEM0301",0.0428415837972601,1987-01-01,1987-12-31
"MEM0346",0,1987-01-01,1987-12-31
"MEM0327",0.000149556270236092,1987-01-01,1987-12-31
"MEM0553",0.0028636383929134,1987-01-01,1987-12-31
"MEM0554",0,1987-01-01,1987-12-31
"MEM0381",0.000149556270236092,1987-01-01,1987-12-31
"MEM0307",0.0798208980838835,1987-01-01,1987-12-31
"MEM0514",0.0335889980493797,1987-01-01,1987-12-31
"MEM0347",0,1987-01-01,1987-12-31
"MEM0515",0.0187951351095401,1987-01-01,1987-12-31
"MEM0446",0.000573158927824466,1987-01-01,1987-12-31
"MEM0501",0,1987-01-01,1987-12-31
"MEM0416",0.0759234127427523,1987-01-01,1987-12-31
"MEM0257",0.0133876689116057,1987-01-01,1987-12-31
"MEM0469",0.0977240578546829,1987-01-01,1987-12-31
"MEM0394",0.043775645617947,1987-01-01,1987-12-31
"MEM0507",0.00171623380213879,1987-01-01,1987-12-31
"MEM0334",0.000152961906191037,1987-01-01,1987-12-31
"MEM0377",0,1987-01-01,1987-12-31
"MEM0490",0.000171206708208237,1987-01-01,1987-12-31
"MEM0360",0,1987-01-01,1987-12-31
"MEM0555",0.00339649201843787,1987-01-01,1987-12-31
"MEM0523",0.0127824483914456,1987-01-01,1987-12-31
"MEM0309",0.00406593448333851,1987-01-01,1987-12-31
"MEM0310",0,1987-01-01,1987-12-31
"MEM0513",0.033234087860874,1987-01-01,1987-12-31
"MEM0273",0.00521858886554993,1987-01-01,1987-12-31
"MEM0526",0.080955731255614,1987-01-01,1987-12-31
"MEM0331",0.000152961906191037,1987-01-01,1987-12-31
"MEM0461",0,1987-01-01,1987-12-31
"MEM0485",0.0629838588696443,1987-01-01,1987-12-31
"MEM0255",0.00691781674775063,1987-01-01,1987-12-31
"MEM0435",0.00890305870277094,1987-01-01,1987-12-31
"MEM0353",0,1987-01-01,1987-12-31
"MEM0471",0.0629838588696443,1987-01-01,1987-12-31
"MEM0298",0.0061105137984015,1987-01-01,1987-12-31
"MEM0547",0.0024634251166434,1987-01-01,1987-12-31
"MEM0375",0,1987-01-01,1987-12-31
"MEM0362",0.154737343769396,1987-01-01,1987-12-31
"MEM0252",0.157544343724851,1987-01-01,1987-12-31
"MEM0413",0,1987-01-01,1987-12-31
"MEM0342",0.00579958703633673,1987-01-01,1987-12-31
"MEM0483",0,1987-01-01,1987-12-31
"MEM0468",0.0259881166268825,1987-01-01,1987-12-31
"MEM0521",0.120278289337017,1987-01-01,1987-12-31
"MEM0392",0.000152961906191037,1987-01-01,1987-12-31
"MEM0450",0.0053119599065264,1987-01-01,1987-12-31
"MEM0546",0.0293089215632331,1987-01-01,1987-12-31
"MEM0548",0.0061105137984015,1987-01-01,1987-12-31
"MEM0243",0.0020006360848505,1987-01-01,1987-12-31
"MEM0426",0.00256059294753304,1987-01-01,1987-12-31
"MEM0348",0,1987-01-01,1987-12-31
"MEM0317",0.00151317624864159,1987-01-01,1987-12-31
"MEM0258",9.13951783973045e-05,1987-01-01,1987-12-31
"MEM0417",0.0510790108098692,1987-01-01,1987-12-31
"MEM0549",0,1987-01-01,1987-12-31
"MEM0423",0.000333440771338912,1987-01-01,1987-12-31
"MEM0313",0.118040777266417,1987-01-01,1987-12-31
"MEM0517",0,1987-01-01,1987-12-31
"MEM0487",0.0216389772191306,1987-01-01,1987-12-31
"MEM0474",0.013396681714653,1987-01-01,1987-12-31
"MEM0541",0,1987-01-01,1987-12-31
"MEM0403",0.00227101930743797,1987-01-01,1987-12-31
"MEM0428",0.000841474674269734,1987-01-01,1987-12-31
"MEM0537",0.0061105137984015,1987-01-01,1987-12-31
"MEM0504",6.45877110896877e-05,1987-01-01,1987-12-31
"MEM0340",0,1987-01-01,1987-12-31
"MEM0525",0.0127848870645323,1987-01-01,1987-12-31
"MEM0157",0,1987-01-01,1987-12-31
"MEM0412",0,1987-01-01,1987-12-31
"MEM0260",0,1987-01-01,1987-12-31
"MEM0533",0.0468011627119355,1987-01-01,1987-12-31
"MEM0432",0,1987-01-01,1987-12-31
"MEM0191",0,1987-01-01,1987-12-31
"MEM0198",2.15430806921316e-05,1987-01-01,1987-12-31
"MEM0498",0,1987-01-01,1987-12-31
"MEM0561",0.00488216293246638,1987-01-01,1987-12-31
"MEM0538",0,1987-01-01,1987-12-31
"MEM0219",0,1987-01-01,1987-12-31
"MEM0207",0,1987-01-01,1987-12-31
"MEM0196",0,1987-01-01,1987-12-31
"MEM0216",0,1987-01-01,1987-12-31
"MEM0565",0.000110944255496318,1987-01-01,1987-12-31
"MEM0323",0.000178433554694666,1987-01-01,1987-12-31
"MEM0131",0,1987-01-01,1987-12-31
"MEM0562",0.00758079330199775,1987-01-01,1987-12-31
"MEM0167",0,1987-01-01,1987-12-31
"MEM0124",0,1987-01-01,1987-12-31
"MEM0572",0,1987-01-01,1987-12-31
"MEM0365",0,1987-01-01,1987-12-31
"MEM0350",0,1987-01-01,1987-12-31
"MEM0563",0,1987-01-01,1987-12-31
"MEM0500",0,1987-01-01,1987-12-31
"MEM0536",0,1987-01-01,1987-12-31
"MEM0463",0,1987-01-01,1987-12-31
"MEM0560",0,1987-01-01,1987-12-31
"MEM0056",0.0224960208275599,1988-01-01,1988-12-31
"MEM0080",0,1988-01-01,1988-12-31
"MEM0094",0,1988-01-01,1988-12-31
"MEM0170",0,1988-01-01,1988-12-31
"MEM0003",2.46692470699102e-06,1988-01-01,1988-12-31
"MEM0004",0.00128522857520897,1988-01-01,1988-12-31
"MEM0006",0.0292395942080079,1988-01-01,1988-12-31
"MEM0009",0.000464638384868064,1988-01-01,1988-12-31
"MEM0013",0.0102180922256923,1988-01-01,1988-12-31
"MEM0014",0.0280036625386248,1988-01-01,1988-12-31
"MEM0016",0.00836069656614528,1988-01-01,1988-12-31
"MEM0020",0,1988-01-01,1988-12-31
"MEM0022",0.00316729897238711,1988-01-01,1988-12-31
"MEM0026",0.0106821863075022,1988-01-01,1988-12-31
"MEM0028",0.0379897044362604,1988-01-01,1988-12-31
"MEM0030",0.236874753364758,1988-01-01,1988-12-31
"MEM0032",0.0280036625386248,1988-01-01,1988-12-31
"MEM0035",0,1988-01-01,1988-12-31
"MEM0036",0.00973990834747697,1988-01-01,1988-12-31
"MEM0043",0.0147505029286861,1988-01-01,1988-12-31
"MEM0046",0.0276238875188616,1988-01-01,1988-12-31
"MEM0051",0,1988-01-01,1988-12-31
"MEM0054",0.0224960208275599,1988-01-01,1988-12-31
"MEM0058",0.000331652558643876,1988-01-01,1988-12-31
"MEM0062",0.000711044216870278,1988-01-01,1988-12-31
"MEM0064",0,1988-01-01,1988-12-31
"MEM0065",0.00812887132232396,1988-01-01,1988-12-31
"MEM0066",0.0338020082710376,1988-01-01,1988-12-31
"MEM0074",0,1988-01-01,1988-12-31
"MEM0077",0.00315286543404083,1988-01-01,1988-12-31
"MEM0088",0.0820066803393411,1988-01-01,1988-12-31
"MEM0109",0.00204691727274242,1988-01-01,1988-12-31
"MEM0115",0.0199978176303127,1988-01-01,1988-12-31
"MEM0145",0.0105007038668383,1988-01-01,1988-12-31
"MEM0157",0,1988-01-01,1988-12-31
"MEM0171",0.000205614562668416,1988-01-01,1988-12-31
"MEM0197",0,1988-01-01,1988-12-31
"MEM0176",0.0111081218898273,1988-01-01,1988-12-31
"MEM0213",8.2578361219108e-06,1988-01-01,1988-12-31
"MEM0224",0.0403656411253473,1988-01-01,1988-12-31
"MEM0232",0.00718150006633729,1988-01-01,1988-12-31
"MEM0033",0,1988-01-01,1988-12-31
"MEM0095",1.01066934629463e-05,1988-01-01,1988-12-31
"MEM0123",0,1988-01-01,1988-12-31
"MEM0136",0.0287940855838437,1988-01-01,1988-12-31
"MEM0139",0.0150683626698313,1988-01-01,1988-12-31
"MEM0159",0,1988-01-01,1988-12-31
"MEM0012",0.0272614431465946,1988-01-01,1988-12-31
"MEM0023",0.00189936484156396,1988-01-01,1988-12-31
"MEM0029",0.0265645788795954,1988-01-01,1988-12-31
"MEM0031",0.0140667118790055,1988-01-01,1988-12-31
"MEM0039",0.00673475651703202,1988-01-01,1988-12-31
"MEM0055",0.0237567579245707,1988-01-01,1988-12-31
"MEM0067",0.00290272500967192,1988-01-01,1988-12-31
"MEM0070",0.0108382068212365,1988-01-01,1988-12-31
"MEM0087",0.0502759838581002,1988-01-01,1988-12-31
"MEM0090",0.00276888498275347,1988-01-01,1988-12-31
"MEM0092",0.000194932763423531,1988-01-01,1988-12-31
"MEM0102",0.0283260456804005,1988-01-01,1988-12-31
"MEM0101",0.000244209959341996,1988-01-01,1988-12-31
"MEM0108",0,1988-01-01,1988-12-31
"MEM0147",0.00189936484156396,1988-01-01,1988-12-31
"MEM0152",0.00189936484156396,1988-01-01,1988-12-31
"MEM0168",0.0156971009890138,1988-01-01,1988-12-31
"MEM0194",0.000266654242575926,1988-01-01,1988-12-31
"MEM0200",0.00360851744254625,1988-01-01,1988-12-31
"MEM0201",0,1988-01-01,1988-12-31
"MEM0217",0.0102769770637434,1988-01-01,1988-12-31
"MEM0222",0.00897205443598715,1988-01-01,1988-12-31
"MEM0225",0.000126170860691028,1988-01-01,1988-12-31
"MEM0227",0.00140290871886426,1988-01-01,1988-12-31
"MEM0021",0,1988-01-01,1988-12-31
"MEM0061",0.000129746441468694,1988-01-01,1988-12-31
"MEM0111",0.0153605625636753,1988-01-01,1988-12-31
"MEM0153",0.000378476306065387,1988-01-01,1988-12-31
"MEM0184",0.00678451035828259,1988-01-01,1988-12-31
"MEM0011",0,1988-01-01,1988-12-31
"MEM0024",0.000871642644311577,1988-01-01,1988-12-31
"MEM0048",0,1988-01-01,1988-12-31
"MEM0052",0.000205751849737928,1988-01-01,1988-12-31
"MEM0057",0,1988-01-01,1988-12-31
"MEM0060",0,1988-01-01,1988-12-31
"MEM0069",0.000121447559220315,1988-01-01,1988-12-31
"MEM0076",0,1988-01-01,1988-12-31
"MEM0079",0,1988-01-01,1988-12-31
"MEM0082",0.000102494601935308,1988-01-01,1988-12-31
"MEM0086",0.0690645407940598,1988-01-01,1988-12-31
"MEM0093",0,1988-01-01,1988-12-31
"MEM0103",0,1988-01-01,1988-12-31
"MEM0107",0.0384321200357211,1988-01-01,1988-12-31
"MEM0113",0.0185667333829009,1988-01-01,1988-12-31
"MEM0118",0.00189936484156396,1988-01-01,1988-12-31
"MEM0122",0.0108763602335531,1988-01-01,1988-12-31
"MEM0126",0.000276206432060491,1988-01-01,1988-12-31
"MEM0128",0.00189936484156396,1988-01-01,1988-12-31
"MEM0130",0.137102524388318,1988-01-01,1988-12-31
"MEM0134",0.000283562407748305,1988-01-01,1988-12-31
"MEM0142",1.01066934629463e-05,1988-01-01,1988-12-31
"MEM0144",0,1988-01-01,1988-12-31
"MEM0154",0.000654149447697064,1988-01-01,1988-12-31
"MEM0156",0.130583663711126,1988-01-01,1988-12-31
"MEM0165",0.0152413144192586,1988-01-01,1988-12-31
"MEM0169",0,1988-01-01,1988-12-31
"MEM0183",0.00189936484156396,1988-01-01,1988-12-31
"MEM0195",0.00206545790341499,1988-01-01,1988-12-31
"MEM0202",0.00296078808704591,1988-01-01,1988-12-31
"MEM0204",0,1988-01-01,1988-12-31
"MEM0208",4.33212916190603e-05,1988-01-01,1988-12-31
"MEM0223",0.00308136969669898,1988-01-01,1988-12-31
"MEM0230",0.267629736666304,1988-01-01,1988-12-31
"MEM0231",0.0203932910710342,1988-01-01,1988-12-31
"MEM0078",0.00067370447778721,1988-01-01,1988-12-31
"MEM0155",0.00272895523567367,1988-01-01,1988-12-31
"MEM0564",0,1988-01-01,1988-12-31
"MEM0175",0.00167712721295221,1988-01-01,1988-12-31
"MEM0189",0.00139450229411596,1988-01-01,1988-12-31
"MEM0211",0.0277080483653316,1988-01-01,1988-12-31
"MEM0015",0.0160421662490198,1988-01-01,1988-12-31
"MEM0045",0.00189936484156396,1988-01-01,1988-12-31
"MEM0049",0.00400154498150638,1988-01-01,1988-12-31
"MEM0072",0.00189936484156396,1988-01-01,1988-12-31
"MEM0084",0.0132945849085826,1988-01-01,1988-12-31
"MEM0089",0.000232553155470819,1988-01-01,1988-12-31
"MEM0099",0,1988-01-01,1988-12-31
"MEM0105",0.00262410018788972,1988-01-01,1988-12-31
"MEM0133",0.00331024539353241,1988-01-01,1988-12-31
"MEM0150",0.000121488605346784,1988-01-01,1988-12-31
"MEM0158",0,1988-01-01,1988-12-31
"MEM0182",0.00197608391863728,1988-01-01,1988-12-31
"MEM0186",0.0126889453711549,1988-01-01,1988-12-31
"MEM0187",0.000711044216870278,1988-01-01,1988-12-31
"MEM0190",0.045432855145149,1988-01-01,1988-12-31
"MEM0193",0,1988-01-01,1988-12-31
"MEM0212",0.00189936484156396,1988-01-01,1988-12-31
"MEM0220",0.000825792899160471,1988-01-01,1988-12-31
"MEM0038",0.0231241564758432,1988-01-01,1988-12-31
"MEM0068",0.0214711372515533,1988-01-01,1988-12-31
"MEM0203",0,1988-01-01,1988-12-31
"MEM0027",0.0024408117300126,1988-01-01,1988-12-31
"MEM0025",0.0338020082710376,1988-01-01,1988-12-31
"MEM0059",0,1988-01-01,1988-12-31
"MEM0075",0.000209841760439523,1988-01-01,1988-12-31
"MEM0116",0.00248757275836958,1988-01-01,1988-12-31
"MEM0141",0.00189936484156396,1988-01-01,1988-12-31
"MEM0149",4.33212916190603e-05,1988-01-01,1988-12-31
"MEM0177",0.00375578672468877,1988-01-01,1988-12-31
"MEM0178",0,1988-01-01,1988-12-31
"MEM0185",0.00288713857418677,1988-01-01,1988-12-31
"MEM0041",0.0181875125883308,1988-01-01,1988-12-31
"MEM0081",0.00108438964453644,1988-01-01,1988-12-31
"MEM0199",0.0224960208275599,1988-01-01,1988-12-31
"MEM0229",0.0232645233614364,1988-01-01,1988-12-31
"MEM0007",0.00534109315375076,1988-01-01,1988-12-31
"MEM0008",0,1988-01-01,1988-12-31
"MEM0050",0.00189936484156396,1988-01-01,1988-12-31
"MEM0083",0.00075835933015079,1988-01-01,1988-12-31
"MEM0104",0.000788210799162667,1988-01-01,1988-12-31
"MEM0117",0,1988-01-01,1988-12-31
"MEM0127",0,1988-01-01,1988-12-31
"MEM0135",0.00329429714217959,1988-01-01,1988-12-31
"MEM0138",0.00981236995175829,1988-01-01,1988-12-31
"MEM0160",0,1988-01-01,1988-12-31
"MEM0180",4.45387413838797e-05,1988-01-01,1988-12-31
"MEM0206",0.0034829593690286,1988-01-01,1988-12-31
"MEM0218",7.64465989491344e-06,1988-01-01,1988-12-31
"MEM0019",0,1988-01-01,1988-12-31
"MEM0034",0,1988-01-01,1988-12-31
"MEM0037",0,1988-01-01,1988-12-31
"MEM0085",4.33212916190603e-05,1988-01-01,1988-12-31
"MEM0098",0.0156971009890138,1988-01-01,1988-12-31
"MEM0100",0.000317854614225754,1988-01-01,1988-12-31
"MEM0106",7.64465989491344e-06,1988-01-01,1988-12-31
"MEM0125",0.000734256872072103,1988-01-01,1988-12-31
"MEM0143",0.0993279940547989,1988-01-01,1988-12-31
"MEM0161",0.00216515784600162,1988-01-01,1988-12-31
"MEM0163",0.00975050355508765,1988-01-01,1988-12-31
"MEM0181",0.00102108818194489,1988-01-01,1988-12-31
"MEM0192",0,1988-01-01,1988-12-31
"MEM0091",0,1988-01-01,1988-12-31
"MEM0112",0.00784075527171488,1988-01-01,1988-12-31
"MEM0162",0.00764846349306237,1988-01-01,1988-12-31
"MEM0172",0,1988-01-01,1988-12-31
"MEM0188",0.00550157494970095,1988-01-01,1988-12-31
"MEM0214",0.000827022035934699,1988-01-01,1988-12-31
"MEM0215",0.0178214422034431,1988-01-01,1988-12-31
"MEM0005",0,1988-01-01,1988-12-31
"MEM0010",0.00534109315375076,1988-01-01,1988-12-31
"MEM0042",0.00189936484156396,1988-01-01,1988-12-31
"MEM0044",0.00106871788838001,1988-01-01,1988-12-31
"MEM0132",0.00189936484156396,1988-01-01,1988-12-31
"MEM0205",0.0102116979042199,1988-01-01,1988-12-31
"MEM0221",0,1988-01-01,1988-12-31
"MEM0096",0,1988-01-01,1988-12-31
"MEM0151",0,1988-01-01,1988-12-31
"MEM0179",0.00831422298825997,1988-01-01,1988-12-31
"MEM0110",0.00218197734562766,1988-01-01,1988-12-31
"MEM0129",0.000878569595978693,1988-01-01,1988-12-31
"MEM0146",0.011297833547772,1988-01-01,1988-12-31
"MEM0226",0,1988-01-01,1988-12-31
"MEM0210",0.000546892499548712,1988-01-01,1988-12-31
"MEM0053",0.00313214086039442,1988-01-01,1988-12-31
"MEM0120",0.00189936484156396,1988-01-01,1988-12-31
"MEM0121",0.00260436002711394,1988-01-01,1988-12-31
"MEM0228",0.00933822632373543,1988-01-01,1988-12-31
"MEM0209",0.00622045170181297,1988-01-01,1988-12-31
"MEM0114",0.00260436002711394,1988-01-01,1988-12-31
"MEM0140",0.000458717073021312,1988-01-01,1988-12-31
"MEM0293",0.00319960995993635,1988-01-01,1988-12-31
"MEM0390",1.75327863104005e-06,1988-01-01,1988-12-31
"MEM0369",0.00101413957710016,1988-01-01,1988-12-31
"MEM0391",0.00544817407318281,1988-01-01,1988-12-31
"MEM0505",0.0523261280655506,1988-01-01,1988-12-31
"MEM0320",0.000783412878470253,1988-01-01,1988-12-31
"MEM0370",0,1988-01-01,1988-12-31
"MEM0473",0.00179029609397194,1988-01-01,1988-12-31
"MEM0371",0.0055198297247851,1988-01-01,1988-12-31
"MEM0373",0.00179029609397194,1988-01-01,1988-12-31
"MEM0356",0,1988-01-01,1988-12-31
"MEM0374",0,1988-01-01,1988-12-31
"MEM0510",0.00152823204002908,1988-01-01,1988-12-31
"MEM0239",0.00587532495805869,1988-01-01,1988-12-31
"MEM0302",0.0098546564080913,1988-01-01,1988-12-31
"MEM0245",0,1988-01-01,1988-12-31
"MEM0457",0,1988-01-01,1988-12-31
"MEM0247",0.049445298203608,1988-01-01,1988-12-31
"MEM0512",0,1988-01-01,1988-12-31
"MEM0424",0.00432683308469452,1988-01-01,1988-12-31
"MEM0407",6.01618965852623e-05,1988-01-01,1988-12-31
"MEM0408",0.000223559614367323,1988-01-01,1988-12-31
"MEM0425",0,1988-01-01,1988-12-31
"MEM0456",0,1988-01-01,1988-12-31
"MEM0496",0.146988698191484,1988-01-01,1988-12-31
"MEM0427",0,1988-01-01,1988-12-31
"MEM0280",0,1988-01-01,1988-12-31
"MEM0556",0,1988-01-01,1988-12-31
"MEM0524",0,1988-01-01,1988-12-31
"MEM0481",0.00905276537230758,1988-01-01,1988-12-31
"MEM0497",0,1988-01-01,1988-12-31
"MEM0281",0.00089812123162851,1988-01-01,1988-12-31
"MEM0558",0,1988-01-01,1988-12-31
"MEM0250",0.00432683308469452,1988-01-01,1988-12-31
"MEM0429",0,1988-01-01,1988-12-31
"MEM0364",0.0599845973429913,1988-01-01,1988-12-31
"MEM0286",0.00614009677457451,1988-01-01,1988-12-31
"MEM0430",0,1988-01-01,1988-12-31
"MEM0410",0,1988-01-01,1988-12-31
"MEM0329",0,1988-01-01,1988-12-31
"MEM0542",0,1988-01-01,1988-12-31
"MEM0349",0.00432683308469452,1988-01-01,1988-12-31
"MEM0411",0,1988-01-01,1988-12-31
"MEM0365",1.44212926561346e-05,1988-01-01,1988-12-31
"MEM0330",0,1988-01-01,1988-12-31
"MEM0449",7.92330923686305e-07,1988-01-01,1988-12-31
"MEM0447",0.00202344164447078,1988-01-01,1988-12-31
"MEM0292",0,1988-01-01,1988-12-31
"MEM0332",0,1988-01-01,1988-12-31
"MEM0415",0,1988-01-01,1988-12-31
"MEM0341",0,1988-01-01,1988-12-31
"MEM0414",0,1988-01-01,1988-12-31
"MEM0527",0.026226916684211,1988-01-01,1988-12-31
"MEM0519",0.00272733616565434,1988-01-01,1988-12-31
"MEM0343",0,1988-01-01,1988-12-31
"MEM0520",0,1988-01-01,1988-12-31
"MEM0318",0.00179029609397194,1988-01-01,1988-12-31
"MEM0486",0.0118960049193929,1988-01-01,1988-12-31
"MEM0319",0,1988-01-01,1988-12-31
"MEM0277",0,1988-01-01,1988-12-31
"MEM0333",0,1988-01-01,1988-12-31
"MEM0387",0,1988-01-01,1988-12-31
"MEM0466",0,1988-01-01,1988-12-31
"MEM0389",0,1988-01-01,1988-12-31
"MEM0467",0.0244312972799235,1988-01-01,1988-12-31
"MEM0345",0,1988-01-01,1988-12-31
"MEM0282",0,1988-01-01,1988-12-31
"MEM0367",0.000412992198163698,1988-01-01,1988-12-31
"MEM0278",0.00776205273166842,1988-01-01,1988-12-31
"MEM0567",0.0693366718954612,1988-01-01,1988-12-31
"MEM0294",0,1988-01-01,1988-12-31
"MEM0233",0.00184142020295982,1988-01-01,1988-12-31
"MEM0234",0.0314136069122527,1988-01-01,1988-12-31
"MEM0297",0.069640603813618,1988-01-01,1988-12-31
"MEM0544",0.0080726237547264,1988-01-01,1988-12-31
"MEM0472",3.08130212981253e-05,1988-01-01,1988-12-31
"MEM0451",1.8358504964352e-06,1988-01-01,1988-12-31
"MEM0438",3.08130212981253e-05,1988-01-01,1988-12-31
"MEM0236",0.0111155938707859,1988-01-01,1988-12-31
"MEM0439",0.00184142020295982,1988-01-01,1988-12-31
"MEM0531",0.00144688486199838,1988-01-01,1988-12-31
"MEM0509",0.0354362283543907,1988-01-01,1988-12-31
"MEM0399",0.00614009677457451,1988-01-01,1988-12-31
"MEM0441",3.08130212981253e-05,1988-01-01,1988-12-31
"MEM0372",0,1988-01-01,1988-12-31
"MEM0237",0.00263803037476686,1988-01-01,1988-12-31
"MEM0358",0.000985312890178448,1988-01-01,1988-12-31
"MEM0442",0,1988-01-01,1988-12-31
"MEM0378",0.00422371374986255,1988-01-01,1988-12-31
"MEM0304",3.08130212981253e-05,1988-01-01,1988-12-31
"MEM0351",0.0353242431101359,1988-01-01,1988-12-31
"MEM0479",0.0223658930421066,1988-01-01,1988-12-31
"MEM0361",0.00107476350445509,1988-01-01,1988-12-31
"MEM0454",0.00432683308469452,1988-01-01,1988-12-31
"MEM0534",0.00394589921986199,1988-01-01,1988-12-31
"MEM0305",0.00154859188868638,1988-01-01,1988-12-31
"MEM0492",2.94795062248522e-05,1988-01-01,1988-12-31
"MEM0363",0.00184142020295982,1988-01-01,1988-12-31
"MEM0308",0.00432683308469452,1988-01-01,1988-12-31
"MEM0279",0,1988-01-01,1988-12-31
"MEM0338",0.000262574618512192,1988-01-01,1988-12-31
"MEM0444",0.00144837861239803,1988-01-01,1988-12-31
"MEM0272",0.0860522647619799,1988-01-01,1988-12-31
"MEM0311",0.0100514235704283,1988-01-01,1988-12-31
"MEM0499",0.00709747482487851,1988-01-01,1988-12-31
"MEM0445",0.00179029609397194,1988-01-01,1988-12-31
"MEM0383",0.00422371374986255,1988-01-01,1988-12-31
"MEM0384",0,1988-01-01,1988-12-31
"MEM0482",0.0532602824663786,1988-01-01,1988-12-31
"MEM0385",0,1988-01-01,1988-12-31
"MEM0251",0.00422645512580182,1988-01-01,1988-12-31
"MEM0502",0.0125796330077154,1988-01-01,1988-12-31
"MEM0315",0.00379318898746166,1988-01-01,1988-12-31
"MEM0316",0.00505940572158205,1988-01-01,1988-12-31
"MEM0462",0.0408799151769503,1988-01-01,1988-12-31
"MEM0529",0.00580199304469752,1988-01-01,1988-12-31
"MEM0464",0,1988-01-01,1988-12-31
"MEM0256",0.00169744888788384,1988-01-01,1988-12-31
"MEM0508",0.00578575685188515,1988-01-01,1988-12-31
"MEM0396",0,1988-01-01,1988-12-31
"MEM0540",0.00127684538845604,1988-01-01,1988-12-31
"MEM0475",3.08130212981253e-05,1988-01-01,1988-12-31
"MEM0476",0,1988-01-01,1988-12-31
"MEM0300",0.00551612213562334,1988-01-01,1988-12-31
"MEM0238",0.00306196366628885,1988-01-01,1988-12-31
"MEM0419",0,1988-01-01,1988-12-31
"MEM0303",0.000992903660398021,1988-01-01,1988-12-31
"MEM0336",0,1988-01-01,1988-12-31
"MEM0401",0,1988-01-01,1988-12-31
"MEM0455",0,1988-01-01,1988-12-31
"MEM0404",0.0748693942021812,1988-01-01,1988-12-31
"MEM0269",0.00184142020295982,1988-01-01,1988-12-31
"MEM0405",0.04595856716421,1988-01-01,1988-12-31
"MEM0494",0,1988-01-01,1988-12-31
"MEM0306",0.00446978488579609,1988-01-01,1988-12-31
"MEM0248",0.000651905189277952,1988-01-01,1988-12-31
"MEM0380",0.0119876636661579,1988-01-01,1988-12-31
"MEM0274",0.00360413018000816,1988-01-01,1988-12-31
"MEM0314",0.14425416826455,1988-01-01,1988-12-31
"MEM0253",0.00408820557019364,1988-01-01,1988-12-31
"MEM0254",0.0341284662433602,1988-01-01,1988-12-31
"MEM0535",0.000189968957444316,1988-01-01,1988-12-31
"MEM0518",0.0064827878079898,1988-01-01,1988-12-31
"MEM0528",0.000302112509560263,1988-01-01,1988-12-31
"MEM0503",0,1988-01-01,1988-12-31
"MEM0436",0,1988-01-01,1988-12-31
"MEM0261",0,1988-01-01,1988-12-31
"MEM0393",0.000961844097355506,1988-01-01,1988-12-31
"MEM0489",0.00551612213562334,1988-01-01,1988-12-31
"MEM0506",0.0162109296692776,1988-01-01,1988-12-31
"MEM0235",0.000742874304797784,1988-01-01,1988-12-31
"MEM0397",0.00992179811901183,1988-01-01,1988-12-31
"MEM0322",0.000787103663306131,1988-01-01,1988-12-31
"MEM0477",0.00469739375879623,1988-01-01,1988-12-31
"MEM0357",0.0190315618402029,1988-01-01,1988-12-31
"MEM0478",0.00300036652712339,1988-01-01,1988-12-31
"MEM0359",0.0845121264669234,1988-01-01,1988-12-31
"MEM0240",0.0101945306574698,1988-01-01,1988-12-31
"MEM0241",0.0124080754564323,1988-01-01,1988-12-31
"MEM0242",0.0020836107709863,1988-01-01,1988-12-31
"MEM0268",0.0136395983526986,1988-01-01,1988-12-31
"MEM0422",0,1988-01-01,1988-12-31
"MEM0443",0.00614009677457451,1988-01-01,1988-12-31
"MEM0406",0,1988-01-01,1988-12-31
"MEM0246",0.00427355692619194,1988-01-01,1988-12-31
"MEM0522",0.00184142020295982,1988-01-01,1988-12-31
"MEM0271",0.000783412878470253,1988-01-01,1988-12-31
"MEM0557",0.00514607116795347,1988-01-01,1988-12-31
"MEM0249",0.0261542781384684,1988-01-01,1988-12-31
"MEM0312",0.0524041437822072,1988-01-01,1988-12-31
"MEM0287",0.0139149835014432,1988-01-01,1988-12-31
"MEM0275",0.00614009677457451,1988-01-01,1988-12-31
"MEM0431",0.00979928992550044,1988-01-01,1988-12-31
"MEM0448",0.00207105256945292,1988-01-01,1988-12-31
"MEM0386",0.00432683308469452,1988-01-01,1988-12-31
"MEM0434",0.000329484454048198,1988-01-01,1988-12-31
"MEM0543",0.00129641297518539,1988-01-01,1988-12-31
"MEM0470",0.0385180979857376,1988-01-01,1988-12-31
"MEM0545",0.00663461608134841,1988-01-01,1988-12-31
"MEM0299",0.00614009677457451,1988-01-01,1988-12-31
"MEM0291",0,1988-01-01,1988-12-31
"MEM0301",0.0274566558371413,1988-01-01,1988-12-31
"MEM0346",0,1988-01-01,1988-12-31
"MEM0327",6.93355129575665e-05,1988-01-01,1988-12-31
"MEM0244",0.00267418145308067,1988-01-01,1988-12-31
"MEM0553",0.00319999283643329,1988-01-01,1988-12-31
"MEM0554",0,1988-01-01,1988-12-31
"MEM0381",6.93355129575665e-05,1988-01-01,1988-12-31
"MEM0307",0.0274369608246942,1988-01-01,1988-12-31
"MEM0514",0.0168948549994513,1988-01-01,1988-12-31
"MEM0347",0,1988-01-01,1988-12-31
"MEM0515",0.0164720162849588,1988-01-01,1988-12-31
"MEM0446",0.000440756199516315,1988-01-01,1988-12-31
"MEM0501",0,1988-01-01,1988-12-31
"MEM0559",0.00135535902798342,1988-01-01,1988-12-31
"MEM0484",0.0135140743865113,1988-01-01,1988-12-31
"MEM0416",0.04595856716421,1988-01-01,1988-12-31
"MEM0257",0.0132562578681968,1988-01-01,1988-12-31
"MEM0469",0.0545339133343079,1988-01-01,1988-12-31
"MEM0394",0.00888949771812847,1988-01-01,1988-12-31
"MEM0507",0.00152823204002908,1988-01-01,1988-12-31
"MEM0334",3.08130212981253e-05,1988-01-01,1988-12-31
"MEM0377",0,1988-01-01,1988-12-31
"MEM0490",9.619343492701e-05,1988-01-01,1988-12-31
"MEM0360",0.00107476350445509,1988-01-01,1988-12-31
"MEM0555",0.00179029609397194,1988-01-01,1988-12-31
"MEM0523",0.015703634994253,1988-01-01,1988-12-31
"MEM0309",0.000931003411101378,1988-01-01,1988-12-31
"MEM0513",0.000371851209778977,1988-01-01,1988-12-31
"MEM0273",0.000783412878470253,1988-01-01,1988-12-31
"MEM0526",0.0479082562930768,1988-01-01,1988-12-31
"MEM0331",0.000815636048683233,1988-01-01,1988-12-31
"MEM0461",0,1988-01-01,1988-12-31
"MEM0485",0.0354362283543907,1988-01-01,1988-12-31
"MEM0255",0.0146987937608564,1988-01-01,1988-12-31
"MEM0435",0.00861798791731884,1988-01-01,1988-12-31
"MEM0353",0,1988-01-01,1988-12-31
"MEM0471",0.0354362283543907,1988-01-01,1988-12-31
"MEM0298",0.00267418145308067,1988-01-01,1988-12-31
"MEM0547",0.001504039295115,1988-01-01,1988-12-31
"MEM0375",0,1988-01-01,1988-12-31
"MEM0362",0.0291734930799897,1988-01-01,1988-12-31
"MEM0310",0,1988-01-01,1988-12-31
"MEM0252",0.0573495179076576,1988-01-01,1988-12-31
"MEM0342",0.00551612213562334,1988-01-01,1988-12-31
"MEM0483",0.000140589731064871,1988-01-01,1988-12-31
"MEM0468",0.00841619207658429,1988-01-01,1988-12-31
"MEM0521",0.0820191141349234,1988-01-01,1988-12-31
"MEM0392",0.00306196366628885,1988-01-01,1988-12-31
"MEM0546",0.00824788490100927,1988-01-01,1988-12-31
"MEM0548",0.00267418145308067,1988-01-01,1988-12-31
"MEM0243",0.00184142020295982,1988-01-01,1988-12-31
"MEM0426",0.00105848984427105,1988-01-01,1988-12-31
"MEM0348",0,1988-01-01,1988-12-31
"MEM0413",0,1988-01-01,1988-12-31
"MEM0317",0.000684081269814944,1988-01-01,1988-12-31
"MEM0258",1.17649415312681e-05,1988-01-01,1988-12-31
"MEM0417",0.01615927299506,1988-01-01,1988-12-31
"MEM0504",0.0032386776117974,1988-01-01,1988-12-31
"MEM0450",0,1988-01-01,1988-12-31
"MEM0549",0,1988-01-01,1988-12-31
"MEM0313",0.0164156350809048,1988-01-01,1988-12-31
"MEM0517",0,1988-01-01,1988-12-31
"MEM0487",0.00891804841160185,1988-01-01,1988-12-31
"MEM0474",0.00998994802714178,1988-01-01,1988-12-31
"MEM0403",0.000972865916761633,1988-01-01,1988-12-31
"MEM0423",0.000365688009515956,1988-01-01,1988-12-31
"MEM0428",0.000329484454048198,1988-01-01,1988-12-31
"MEM0541",0,1988-01-01,1988-12-31
"MEM0537",0.00267418145308067,1988-01-01,1988-12-31
"MEM0340",3.08130212981253e-05,1988-01-01,1988-12-31
"MEM0525",0.00602394104875549,1988-01-01,1988-12-31
"MEM0412",0,1988-01-01,1988-12-31
"MEM0260",0,1988-01-01,1988-12-31
"MEM0533",0.0624144844739442,1988-01-01,1988-12-31
"MEM0432",0,1988-01-01,1988-12-31
"MEM0191",0,1988-01-01,1988-12-31
"MEM0198",1.05725344585329e-06,1988-01-01,1988-12-31
"MEM0148",0,1988-01-01,1988-12-31
"MEM0400",0,1988-01-01,1988-12-31
"MEM0498",0,1988-01-01,1988-12-31
"MEM0561",0.00251943429494225,1988-01-01,1988-12-31
"MEM0538",0,1988-01-01,1988-12-31
"MEM0219",0,1988-01-01,1988-12-31
"MEM0207",0,1988-01-01,1988-12-31
"MEM0196",0,1988-01-01,1988-12-31
"MEM0216",0,1988-01-01,1988-12-31
"MEM0565",6.02906625128551e-05,1988-01-01,1988-12-31
"MEM0323",4.15357633377098e-05,1988-01-01,1988-12-31
"MEM0131",0,1988-01-01,1988-12-31
"MEM0569",0,1988-01-01,1988-12-31
"MEM0562",0.00566202228079199,1988-01-01,1988-12-31
"MEM0167",0,1988-01-01,1988-12-31
"MEM0124",0,1988-01-01,1988-12-31
"MEM0572",0,1988-01-01,1988-12-31
"MEM0350",0,1988-01-01,1988-12-31
"MEM0563",0,1988-01-01,1988-12-31
"MEM0500",0,1988-01-01,1988-12-31
"MEM0536",0,1988-01-01,1988-12-31
"MEM0463",0,1988-01-01,1988-12-31
"MEM0560",0,1988-01-01,1988-12-31
"MEM0056",0.0205701148568389,1989-01-01,1989-12-31
"MEM0080",0,1989-01-01,1989-12-31
"MEM0094",0,1989-01-01,1989-12-31
"MEM0170",0,1989-01-01,1989-12-31
"MEM0003",2.24690825424216e-06,1989-01-01,1989-12-31
"MEM0004",0.0011709698071114,1989-01-01,1989-12-31
"MEM0006",0.0260277604078369,1989-01-01,1989-12-31
"MEM0009",0.000300014448755109,1989-01-01,1989-12-31
"MEM0013",0.00042976377237848,1989-01-01,1989-12-31
"MEM0014",0.00198172872059645,1989-01-01,1989-12-31
"MEM0016",0.00828371620489422,1989-01-01,1989-12-31
"MEM0022",0.00211424373468404,1989-01-01,1989-12-31
"MEM0026",0.00912055502699652,1989-01-01,1989-12-31
"MEM0028",0.00823350369935944,1989-01-01,1989-12-31
"MEM0030",0.0437499708521941,1989-01-01,1989-12-31
"MEM0032",0.00198172872059645,1989-01-01,1989-12-31
"MEM0035",0,1989-01-01,1989-12-31
"MEM0036",0.00813239585729177,1989-01-01,1989-12-31
"MEM0043",0.00647164450018674,1989-01-01,1989-12-31
"MEM0046",0.0216183190761798,1989-01-01,1989-12-31
"MEM0051",0,1989-01-01,1989-12-31
"MEM0054",0.0205701148568389,1989-01-01,1989-12-31
"MEM0058",0.00030469813193108,1989-01-01,1989-12-31
"MEM0062",0.000281445852386046,1989-01-01,1989-12-31
"MEM0064",0,1989-01-01,1989-12-31
"MEM0065",0.00750405560269795,1989-01-01,1989-12-31
"MEM0066",0.0313988056447555,1989-01-01,1989-12-31
"MEM0074",0,1989-01-01,1989-12-31
"MEM0088",0.0112269133860281,1989-01-01,1989-12-31
"MEM0109",0.0016754599812636,1989-01-01,1989-12-31
"MEM0115",0.00602125111073132,1989-01-01,1989-12-31
"MEM0145",0.00120682359568634,1989-01-01,1989-12-31
"MEM0157",0,1989-01-01,1989-12-31
"MEM0197",0,1989-01-01,1989-12-31
"MEM0176",0.00042976377237848,1989-01-01,1989-12-31
"MEM0213",7.91282489056262e-06,1989-01-01,1989-12-31
"MEM0224",0.0372003134218903,1989-01-01,1989-12-31
"MEM0232",0.00553515602322359,1989-01-01,1989-12-31
"MEM0033",0,1989-01-01,1989-12-31
"MEM0095",8.45392367355871e-06,1989-01-01,1989-12-31
"MEM0123",0,1989-01-01,1989-12-31
"MEM0136",0.0257806276071417,1989-01-01,1989-12-31
"MEM0139",0.0134463336786552,1989-01-01,1989-12-31
"MEM0159",0,1989-01-01,1989-12-31
"MEM0012",0.0167676688658221,1989-01-01,1989-12-31
"MEM0023",0.00120682359568634,1989-01-01,1989-12-31
"MEM0029",0.0239924625307058,1989-01-01,1989-12-31
"MEM0031",0.0113777241332457,1989-01-01,1989-12-31
"MEM0039",0.00590743303690621,1989-01-01,1989-12-31
"MEM0055",0.0276805753907271,1989-01-01,1989-12-31
"MEM0067",0.00143545704870065,1989-01-01,1989-12-31
"MEM0070",0.00419451403429472,1989-01-01,1989-12-31
"MEM0087",0.00789044016421099,1989-01-01,1989-12-31
"MEM0090",0,1989-01-01,1989-12-31
"MEM0092",0.000169465347612327,1989-01-01,1989-12-31
"MEM0102",0.0139327744283541,1989-01-01,1989-12-31
"MEM0101",0.000157191077080823,1989-01-01,1989-12-31
"MEM0108",0,1989-01-01,1989-12-31
"MEM0147",0.00120682359568634,1989-01-01,1989-12-31
"MEM0152",0.00120682359568634,1989-01-01,1989-12-31
"MEM0168",0.0156273046149245,1989-01-01,1989-12-31
"MEM0194",0,1989-01-01,1989-12-31
"MEM0200",0.000727693204575179,1989-01-01,1989-12-31
"MEM0201",0,1989-01-01,1989-12-31
"MEM0217",0.00840960001778844,1989-01-01,1989-12-31
"MEM0222",0.00166988595605992,1989-01-01,1989-12-31
"MEM0225",6.94686642247974e-05,1989-01-01,1989-12-31
"MEM0227",0.000893133017283857,1989-01-01,1989-12-31
"MEM0021",0,1989-01-01,1989-12-31
"MEM0061",7.91282489056262e-06,1989-01-01,1989-12-31
"MEM0111",0.00107540005803249,1989-01-01,1989-12-31
"MEM0184",0.00554647830164623,1989-01-01,1989-12-31
"MEM0011",0,1989-01-01,1989-12-31
"MEM0020",0,1989-01-01,1989-12-31
"MEM0024",0.000728666539355905,1989-01-01,1989-12-31
"MEM0048",0,1989-01-01,1989-12-31
"MEM0052",0.00017914666133394,1989-01-01,1989-12-31
"MEM0057",0,1989-01-01,1989-12-31
"MEM0060",0,1989-01-01,1989-12-31
"MEM0076",0,1989-01-01,1989-12-31
"MEM0079",0,1989-01-01,1989-12-31
"MEM0082",3.82594880235246e-05,1989-01-01,1989-12-31
"MEM0086",0.0313988056447555,1989-01-01,1989-12-31
"MEM0093",0,1989-01-01,1989-12-31
"MEM0103",0,1989-01-01,1989-12-31
"MEM0107",0.0360236478252895,1989-01-01,1989-12-31
"MEM0113",0.01780319455334,1989-01-01,1989-12-31
"MEM0118",0.00120682359568634,1989-01-01,1989-12-31
"MEM0122",0.00869363250390934,1989-01-01,1989-12-31
"MEM0126",0.000202397717748142,1989-01-01,1989-12-31
"MEM0128",0.00120682359568634,1989-01-01,1989-12-31
"MEM0130",0.0317086275812543,1989-01-01,1989-12-31
"MEM0134",0.000360840381535693,1989-01-01,1989-12-31
"MEM0142",8.45392367355871e-06,1989-01-01,1989-12-31
"MEM0144",0,1989-01-01,1989-12-31
"MEM0154",0.000596303813341642,1989-01-01,1989-12-31
"MEM0156",0.108144683959361,1989-01-01,1989-12-31
"MEM0165",0.0121987932277579,1989-01-01,1989-12-31
"MEM0169",0,1989-01-01,1989-12-31
"MEM0183",0.00122702953911168,1989-01-01,1989-12-31
"MEM0195",0.00185099218928042,1989-01-01,1989-12-31
"MEM0202",0.00128220180877637,1989-01-01,1989-12-31
"MEM0204",0,1989-01-01,1989-12-31
"MEM0208",3.66065025549202e-05,1989-01-01,1989-12-31
"MEM0223",0.00188610037761782,1989-01-01,1989-12-31
"MEM0230",0.206815998325781,1989-01-01,1989-12-31
"MEM0231",0.0166302319948129,1989-01-01,1989-12-31
"MEM0078",0.000531434120839012,1989-01-01,1989-12-31
"MEM0155",0.00130213838922268,1989-01-01,1989-12-31
"MEM0564",0,1989-01-01,1989-12-31
"MEM0175",0.000697395524985777,1989-01-01,1989-12-31
"MEM0189",0.000264352886348709,1989-01-01,1989-12-31
"MEM0211",0.0254321350228067,1989-01-01,1989-12-31
"MEM0015",0.0159344145824517,1989-01-01,1989-12-31
"MEM0045",0.00120682359568634,1989-01-01,1989-12-31
"MEM0049",0.00361892462794467,1989-01-01,1989-12-31
"MEM0069",0.000846377885196175,1989-01-01,1989-12-31
"MEM0072",0.00120682359568634,1989-01-01,1989-12-31
"MEM0084",0.0222336894648065,1989-01-01,1989-12-31
"MEM0089",0.000241196936639953,1989-01-01,1989-12-31
"MEM0099",0,1989-01-01,1989-12-31
"MEM0105",0,1989-01-01,1989-12-31
"MEM0133",0.00331006794035004,1989-01-01,1989-12-31
"MEM0150",0,1989-01-01,1989-12-31
"MEM0158",0,1989-01-01,1989-12-31
"MEM0182",0.00211865065641984,1989-01-01,1989-12-31
"MEM0186",0.0118329555017866,1989-01-01,1989-12-31
"MEM0187",0.000281445852386046,1989-01-01,1989-12-31
"MEM0190",0.0421763665060363,1989-01-01,1989-12-31
"MEM0193",0,1989-01-01,1989-12-31
"MEM0212",0.00120682359568634,1989-01-01,1989-12-31
"MEM0220",0.000680187840387972,1989-01-01,1989-12-31
"MEM0038",0.0199381393189442,1989-01-01,1989-12-31
"MEM0068",0.00323961669621118,1989-01-01,1989-12-31
"MEM0203",0,1989-01-01,1989-12-31
"MEM0027",0.00162852893588698,1989-01-01,1989-12-31
"MEM0025",0.0313988056447555,1989-01-01,1989-12-31
"MEM0059",0,1989-01-01,1989-12-31
"MEM0075",0.000216405041175533,1989-01-01,1989-12-31
"MEM0116",0.00230036995405054,1989-01-01,1989-12-31
"MEM0141",0.00120682359568634,1989-01-01,1989-12-31
"MEM0149",3.66065025549202e-05,1989-01-01,1989-12-31
"MEM0177",0.00248355421126371,1989-01-01,1989-12-31
"MEM0178",0,1989-01-01,1989-12-31
"MEM0185",0.00188282774571237,1989-01-01,1989-12-31
"MEM0041",0.00332537627960185,1989-01-01,1989-12-31
"MEM0081",5.15443223767046e-05,1989-01-01,1989-12-31
"MEM0199",0.0205701148568389,1989-01-01,1989-12-31
"MEM0229",0.0189002733919885,1989-01-01,1989-12-31
"MEM0007",0.00456027751349843,1989-01-01,1989-12-31
"MEM0008",0,1989-01-01,1989-12-31
"MEM0050",0.00120682359568634,1989-01-01,1989-12-31
"MEM0083",0.000299470572345467,1989-01-01,1989-12-31
"MEM0104",0.000626904840665469,1989-01-01,1989-12-31
"MEM0117",0,1989-01-01,1989-12-31
"MEM0127",0,1989-01-01,1989-12-31
"MEM0135",0.00218555066209387,1989-01-01,1989-12-31
"MEM0138",0.0121028560951656,1989-01-01,1989-12-31
"MEM0160",0,1989-01-01,1989-12-31
"MEM0180",1.44297844432621e-05,1989-01-01,1989-12-31
"MEM0206",0.00221873197975861,1989-01-01,1989-12-31
"MEM0218",7.31996565632742e-06,1989-01-01,1989-12-31
"MEM0019",1.13597447547132e-05,1989-01-01,1989-12-31
"MEM0034",0,1989-01-01,1989-12-31
"MEM0037",0,1989-01-01,1989-12-31
"MEM0085",3.66065025549202e-05,1989-01-01,1989-12-31
"MEM0098",0.000543851312131454,1989-01-01,1989-12-31
"MEM0100",0.000148208003799388,1989-01-01,1989-12-31
"MEM0106",7.31996565632742e-06,1989-01-01,1989-12-31
"MEM0125",0.000300991438238115,1989-01-01,1989-12-31
"MEM0143",0.0801218238057601,1989-01-01,1989-12-31
"MEM0163",0.012088696859318,1989-01-01,1989-12-31
"MEM0181",0.000655938972986088,1989-01-01,1989-12-31
"MEM0192",0,1989-01-01,1989-12-31
"MEM0153",0.000298861814387779,1989-01-01,1989-12-31
"MEM0112",0.00362477244146618,1989-01-01,1989-12-31
"MEM0161",0.00120682359568634,1989-01-01,1989-12-31
"MEM0162",0.00570178290434825,1989-01-01,1989-12-31
"MEM0172",0,1989-01-01,1989-12-31
"MEM0188",0.00407741241288915,1989-01-01,1989-12-31
"MEM0214",0.00069702364125255,1989-01-01,1989-12-31
"MEM0215",0.0128225681002901,1989-01-01,1989-12-31
"MEM0005",0,1989-01-01,1989-12-31
"MEM0010",0.00456027751349843,1989-01-01,1989-12-31
"MEM0042",0.00120682359568634,1989-01-01,1989-12-31
"MEM0044",0.00017166084804872,1989-01-01,1989-12-31
"MEM0077",0.00252649620556744,1989-01-01,1989-12-31
"MEM0091",0,1989-01-01,1989-12-31
"MEM0132",0.00120682359568634,1989-01-01,1989-12-31
"MEM0205",0.00748858645039314,1989-01-01,1989-12-31
"MEM0221",0,1989-01-01,1989-12-31
"MEM0096",0,1989-01-01,1989-12-31
"MEM0151",0,1989-01-01,1989-12-31
"MEM0179",0.00613568684052389,1989-01-01,1989-12-31
"MEM0110",0.00141582895131334,1989-01-01,1989-12-31
"MEM0129",0.000748453343614381,1989-01-01,1989-12-31
"MEM0146",0,1989-01-01,1989-12-31
"MEM0210",0.000491449676187118,1989-01-01,1989-12-31
"MEM0053",0.00229922531857445,1989-01-01,1989-12-31
"MEM0120",0.00120682359568634,1989-01-01,1989-12-31
"MEM0121",0.000129838861149814,1989-01-01,1989-12-31
"MEM0228",0.0070788404966891,1989-01-01,1989-12-31
"MEM0209",0.0194479336496863,1989-01-01,1989-12-31
"MEM0114",0.00013754066800556,1989-01-01,1989-12-31
"MEM0140",0.000310413988497934,1989-01-01,1989-12-31
"MEM0293",0.00320097029420322,1989-01-01,1989-12-31
"MEM0390",1.47848508504246e-06,1989-01-01,1989-12-31
"MEM0369",0.000964877247142798,1989-01-01,1989-12-31
"MEM0391",0.0051617110225218,1989-01-01,1989-12-31
"MEM0505",0.0207997638744283,1989-01-01,1989-12-31
"MEM0320",0.00125917855847318,1989-01-01,1989-12-31
"MEM0370",0,1989-01-01,1989-12-31
"MEM0473",0.00156899918341986,1989-01-01,1989-12-31
"MEM0371",0.00565058155050047,1989-01-01,1989-12-31
"MEM0373",0.00156899918341986,1989-01-01,1989-12-31
"MEM0374",0,1989-01-01,1989-12-31
"MEM0510",0.00113646666687183,1989-01-01,1989-12-31
"MEM0239",0.00136830624628227,1989-01-01,1989-12-31
"MEM0302",0.00751938713570702,1989-01-01,1989-12-31
"MEM0245",0,1989-01-01,1989-12-31
"MEM0457",0,1989-01-01,1989-12-31
"MEM0247",0.0619586574726454,1989-01-01,1989-12-31
"MEM0512",0,1989-01-01,1989-12-31
"MEM0424",0.00227974595958379,1989-01-01,1989-12-31
"MEM0407",3.78659850093491e-05,1989-01-01,1989-12-31
"MEM0408",0.000138745647938715,1989-01-01,1989-12-31
"MEM0425",0,1989-01-01,1989-12-31
"MEM0456",0,1989-01-01,1989-12-31
"MEM0496",0.0487692550007296,1989-01-01,1989-12-31
"MEM0427",0,1989-01-01,1989-12-31
"MEM0280",0,1989-01-01,1989-12-31
"MEM0556",0,1989-01-01,1989-12-31
"MEM0524",0,1989-01-01,1989-12-31
"MEM0481",0.00291798717658865,1989-01-01,1989-12-31
"MEM0497",0,1989-01-01,1989-12-31
"MEM0281",0.000653794881857374,1989-01-01,1989-12-31
"MEM0558",0,1989-01-01,1989-12-31
"MEM0250",0.00227974595958379,1989-01-01,1989-12-31
"MEM0429",0,1989-01-01,1989-12-31
"MEM0364",0.00988129071628886,1989-01-01,1989-12-31
"MEM0286",0.00229459818242842,1989-01-01,1989-12-31
"MEM0430",0,1989-01-01,1989-12-31
"MEM0410",0,1989-01-01,1989-12-31
"MEM0329",0,1989-01-01,1989-12-31
"MEM0542",0,1989-01-01,1989-12-31
"MEM0349",0.00239192153149913,1989-01-01,1989-12-31
"MEM0411",0,1989-01-01,1989-12-31
"MEM0330",0,1989-01-01,1989-12-31
"MEM0449",0,1989-01-01,1989-12-31
"MEM0447",0.00101705280617035,1989-01-01,1989-12-31
"MEM0292",0,1989-01-01,1989-12-31
"MEM0332",0,1989-01-01,1989-12-31
"MEM0415",0,1989-01-01,1989-12-31
"MEM0341",0,1989-01-01,1989-12-31
"MEM0414",0,1989-01-01,1989-12-31
"MEM0527",0.00428379478333071,1989-01-01,1989-12-31
"MEM0519",6.64992014763582e-06,1989-01-01,1989-12-31
"MEM0343",0,1989-01-01,1989-12-31
"MEM0520",0,1989-01-01,1989-12-31
"MEM0318",0.00156899918341986,1989-01-01,1989-12-31
"MEM0486",0.0073679594739723,1989-01-01,1989-12-31
"MEM0319",0,1989-01-01,1989-12-31
"MEM0277",0,1989-01-01,1989-12-31
"MEM0333",0,1989-01-01,1989-12-31
"MEM0387",0,1989-01-01,1989-12-31
"MEM0466",0,1989-01-01,1989-12-31
"MEM0389",0,1989-01-01,1989-12-31
"MEM0467",0.00464909314253288,1989-01-01,1989-12-31
"MEM0345",0,1989-01-01,1989-12-31
"MEM0282",0,1989-01-01,1989-12-31
"MEM0367",0.000236902014786915,1989-01-01,1989-12-31
"MEM0278",0.0110215001750669,1989-01-01,1989-12-31
"MEM0567",0.053050853564347,1989-01-01,1989-12-31
"MEM0294",0,1989-01-01,1989-12-31
"MEM0233",0.001172288024998,1989-01-01,1989-12-31
"MEM0234",0.0216789601276192,1989-01-01,1989-12-31
"MEM0297",0.0378937889132978,1989-01-01,1989-12-31
"MEM0544",0.00304508919918448,1989-01-01,1989-12-31
"MEM0472",2.6957500784348e-05,1989-01-01,1989-12-31
"MEM0451",1.53500705073288e-06,1989-01-01,1989-12-31
"MEM0438",2.6957500784348e-05,1989-01-01,1989-12-31
"MEM0236",0.00629304425677223,1989-01-01,1989-12-31
"MEM0439",0.001172288024998,1989-01-01,1989-12-31
"MEM0531",0.00097832452840278,1989-01-01,1989-12-31
"MEM0509",0.0276238239191144,1989-01-01,1989-12-31
"MEM0399",0.00229459818242842,1989-01-01,1989-12-31
"MEM0441",2.6957500784348e-05,1989-01-01,1989-12-31
"MEM0372",0,1989-01-01,1989-12-31
"MEM0237",0.0019137687211763,1989-01-01,1989-12-31
"MEM0358",0.000269174100106806,1989-01-01,1989-12-31
"MEM0442",0,1989-01-01,1989-12-31
"MEM0378",0.00303892048622646,1989-01-01,1989-12-31
"MEM0304",2.6957500784348e-05,1989-01-01,1989-12-31
"MEM0351",0.023944157746166,1989-01-01,1989-12-31
"MEM0479",0.012809991838106,1989-01-01,1989-12-31
"MEM0361",0.000626277469622441,1989-01-01,1989-12-31
"MEM0454",0.00227974595958379,1989-01-01,1989-12-31
"MEM0534",0.00302127360924616,1989-01-01,1989-12-31
"MEM0305",0.00107007275739789,1989-01-01,1989-12-31
"MEM0492",3.47106644290447e-05,1989-01-01,1989-12-31
"MEM0363",0.001172288024998,1989-01-01,1989-12-31
"MEM0308",0.00227974595958379,1989-01-01,1989-12-31
"MEM0279",0,1989-01-01,1989-12-31
"MEM0338",0.000208146843501703,1989-01-01,1989-12-31
"MEM0444",0.000838471311608648,1989-01-01,1989-12-31
"MEM0272",0.0502531702759946,1989-01-01,1989-12-31
"MEM0311",0.00651150607051821,1989-01-01,1989-12-31
"MEM0499",0.00563694479209314,1989-01-01,1989-12-31
"MEM0445",0.00156899918341986,1989-01-01,1989-12-31
"MEM0383",0.00303892048622646,1989-01-01,1989-12-31
"MEM0384",0,1989-01-01,1989-12-31
"MEM0482",0.0391384139548389,1989-01-01,1989-12-31
"MEM0385",0,1989-01-01,1989-12-31
"MEM0251",0.00422704546073845,1989-01-01,1989-12-31
"MEM0502",0.00206518568460271,1989-01-01,1989-12-31
"MEM0315",0.0040992788021739,1989-01-01,1989-12-31
"MEM0316",0.00700268349029373,1989-01-01,1989-12-31
"MEM0462",0.0319742385242216,1989-01-01,1989-12-31
"MEM0529",0.00356786782364242,1989-01-01,1989-12-31
"MEM0464",0,1989-01-01,1989-12-31
"MEM0256",0.00122695922688972,1989-01-01,1989-12-31
"MEM0508",0.00542500370201197,1989-01-01,1989-12-31
"MEM0396",0,1989-01-01,1989-12-31
"MEM0540",0.000731441496836922,1989-01-01,1989-12-31
"MEM0475",2.6957500784348e-05,1989-01-01,1989-12-31
"MEM0476",0,1989-01-01,1989-12-31
"MEM0300",0.00126338276095176,1989-01-01,1989-12-31
"MEM0238",0.00350035711267098,1989-01-01,1989-12-31
"MEM0419",0,1989-01-01,1989-12-31
"MEM0303",0.00347229161677542,1989-01-01,1989-12-31
"MEM0336",0,1989-01-01,1989-12-31
"MEM0401",0,1989-01-01,1989-12-31
"MEM0455",0,1989-01-01,1989-12-31
"MEM0404",0.0450467765419847,1989-01-01,1989-12-31
"MEM0269",0.001172288024998,1989-01-01,1989-12-31
"MEM0405",0.0361593293413337,1989-01-01,1989-12-31
"MEM0494",0,1989-01-01,1989-12-31
"MEM0306",0.002369423668754,1989-01-01,1989-12-31
"MEM0248",0.000329227992095857,1989-01-01,1989-12-31
"MEM0380",0.0089343127323795,1989-01-01,1989-12-31
"MEM0274",0.000744374670207228,1989-01-01,1989-12-31
"MEM0314",0.0335778214424578,1989-01-01,1989-12-31
"MEM0253",0.00441580694912747,1989-01-01,1989-12-31
"MEM0254",0.0294409565725024,1989-01-01,1989-12-31
"MEM0535",3.69269312996747e-05,1989-01-01,1989-12-31
"MEM0518",0.00185028356803344,1989-01-01,1989-12-31
"MEM0528",3.0114590340398e-05,1989-01-01,1989-12-31
"MEM0436",0,1989-01-01,1989-12-31
"MEM0261",0,1989-01-01,1989-12-31
"MEM0393",0.000937798065123309,1989-01-01,1989-12-31
"MEM0489",0.00126338276095176,1989-01-01,1989-12-31
"MEM0506",0.00962777904196919,1989-01-01,1989-12-31
"MEM0235",0.000406474535695214,1989-01-01,1989-12-31
"MEM0397",0.00974082551076388,1989-01-01,1989-12-31
"MEM0322",0.00125917855847318,1989-01-01,1989-12-31
"MEM0477",0.00374029704281525,1989-01-01,1989-12-31
"MEM0357",0.0169011377092368,1989-01-01,1989-12-31
"MEM0478",0.00249330142063543,1989-01-01,1989-12-31
"MEM0359",0.0170450890445772,1989-01-01,1989-12-31
"MEM0240",0.00912748000590875,1989-01-01,1989-12-31
"MEM0241",0.00490433156307696,1989-01-01,1989-12-31
"MEM0242",0.00136424530062971,1989-01-01,1989-12-31
"MEM0268",0.00427493229529912,1989-01-01,1989-12-31
"MEM0422",0,1989-01-01,1989-12-31
"MEM0443",0.00229459818242842,1989-01-01,1989-12-31
"MEM0406",0,1989-01-01,1989-12-31
"MEM0246",0.0040821078976226,1989-01-01,1989-12-31
"MEM0522",0.001172288024998,1989-01-01,1989-12-31
"MEM0271",0.00125917855847318,1989-01-01,1989-12-31
"MEM0557",0.00366122618270733,1989-01-01,1989-12-31
"MEM0249",0.0161665603128527,1989-01-01,1989-12-31
"MEM0312",0.0403096857323139,1989-01-01,1989-12-31
"MEM0287",0.0107696761400465,1989-01-01,1989-12-31
"MEM0275",0.00229459818242842,1989-01-01,1989-12-31
"MEM0431",0.00247257119963551,1989-01-01,1989-12-31
"MEM0448",0.00135003856353003,1989-01-01,1989-12-31
"MEM0386",0.00227974595958379,1989-01-01,1989-12-31
"MEM0503",0,1989-01-01,1989-12-31
"MEM0434",0.00022458179229323,1989-01-01,1989-12-31
"MEM0543",0.000624451093188195,1989-01-01,1989-12-31
"MEM0470",0.029921010276997,1989-01-01,1989-12-31
"MEM0545",0.0060004650057249,1989-01-01,1989-12-31
"MEM0299",0.00229459818242842,1989-01-01,1989-12-31
"MEM0291",0,1989-01-01,1989-12-31
"MEM0301",0.0174084959420859,1989-01-01,1989-12-31
"MEM0346",0,1989-01-01,1989-12-31
"MEM0327",5.83719054011149e-05,1989-01-01,1989-12-31
"MEM0244",0.00311776737392156,1989-01-01,1989-12-31
"MEM0553",0.000697608673164466,1989-01-01,1989-12-31
"MEM0554",0,1989-01-01,1989-12-31
"MEM0381",5.83719054011149e-05,1989-01-01,1989-12-31
"MEM0307",0.0180074393804406,1989-01-01,1989-12-31
"MEM0514",0.012155681944909,1989-01-01,1989-12-31
"MEM0347",0,1989-01-01,1989-12-31
"MEM0515",0.00954177395427994,1989-01-01,1989-12-31
"MEM0446",1.81542034717337e-06,1989-01-01,1989-12-31
"MEM0501",0,1989-01-01,1989-12-31
"MEM0559",0.000661161439114378,1989-01-01,1989-12-31
"MEM0484",0.00970138382680778,1989-01-01,1989-12-31
"MEM0416",0.0361593293413337,1989-01-01,1989-12-31
"MEM0257",0.00521016201875139,1989-01-01,1989-12-31
"MEM0469",0.0420772471987197,1989-01-01,1989-12-31
"MEM0394",0.00573282097150935,1989-01-01,1989-12-31
"MEM0507",0,1989-01-01,1989-12-31
"MEM0334",2.6957500784348e-05,1989-01-01,1989-12-31
"MEM0377",0,1989-01-01,1989-12-31
"MEM0490",5.38966548224311e-05,1989-01-01,1989-12-31
"MEM0360",0.000626277469622441,1989-01-01,1989-12-31
"MEM0555",0.00156899918341986,1989-01-01,1989-12-31
"MEM0523",0.00529812566496508,1989-01-01,1989-12-31
"MEM0309",0.000860516930049697,1989-01-01,1989-12-31
"MEM0513",0.000165206964200639,1989-01-01,1989-12-31
"MEM0526",0.0208531827364748,1989-01-01,1989-12-31
"MEM0461",0,1989-01-01,1989-12-31
"MEM0485",0.0276238239191144,1989-01-01,1989-12-31
"MEM0255",0.0135297872872155,1989-01-01,1989-12-31
"MEM0435",0.00176560959710622,1989-01-01,1989-12-31
"MEM0353",0,1989-01-01,1989-12-31
"MEM0471",0.0276238239191144,1989-01-01,1989-12-31
"MEM0547",0.000758811978964635,1989-01-01,1989-12-31
"MEM0375",0,1989-01-01,1989-12-31
"MEM0362",0.00797155920138774,1989-01-01,1989-12-31
"MEM0310",0,1989-01-01,1989-12-31
"MEM0273",0.00125917855847318,1989-01-01,1989-12-31
"MEM0252",0.0438153428133589,1989-01-01,1989-12-31
"MEM0342",0.00126338276095176,1989-01-01,1989-12-31
"MEM0483",0.000179903661630145,1989-01-01,1989-12-31
"MEM0468",0.0181556396641186,1989-01-01,1989-12-31
"MEM0521",0.0477257600760251,1989-01-01,1989-12-31
"MEM0392",0.00350035711267098,1989-01-01,1989-12-31
"MEM0298",0,1989-01-01,1989-12-31
"MEM0546",0.0030139293047778,1989-01-01,1989-12-31
"MEM0548",0.00311776737392156,1989-01-01,1989-12-31
"MEM0243",0.001172288024998,1989-01-01,1989-12-31
"MEM0426",0.00062101885506747,1989-01-01,1989-12-31
"MEM0348",0,1989-01-01,1989-12-31
"MEM0413",0,1989-01-01,1989-12-31
"MEM0317",0.000353970333157066,1989-01-01,1989-12-31
"MEM0331",0.00125917855847318,1989-01-01,1989-12-31
"MEM0258",1.17486976100864e-05,1989-01-01,1989-12-31
"MEM0417",0.0111876707434452,1989-01-01,1989-12-31
"MEM0504",0.000152345190984353,1989-01-01,1989-12-31
"MEM0450",0,1989-01-01,1989-12-31
"MEM0549",0,1989-01-01,1989-12-31
"MEM0517",0,1989-01-01,1989-12-31
"MEM0487",0.00760260502386442,1989-01-01,1989-12-31
"MEM0474",0.0057864307851662,1989-01-01,1989-12-31
"MEM0403",0.000470793109656833,1989-01-01,1989-12-31
"MEM0423",6.96756816972274e-05,1989-01-01,1989-12-31
"MEM0428",0.00022458179229323,1989-01-01,1989-12-31
"MEM0541",0,1989-01-01,1989-12-31
"MEM0313",0.00808948737727022,1989-01-01,1989-12-31
"MEM0537",0.00311776737392156,1989-01-01,1989-12-31
"MEM0340",2.6957500784348e-05,1989-01-01,1989-12-31
"MEM0525",0.00412086323707476,1989-01-01,1989-12-31
"MEM0412",0,1989-01-01,1989-12-31
"MEM0260",0,1989-01-01,1989-12-31
"MEM0533",0.00506137887768047,1989-01-01,1989-12-31
"MEM0432",0,1989-01-01,1989-12-31
"MEM0191",0,1989-01-01,1989-12-31
"MEM0171",0,1989-01-01,1989-12-31
"MEM0400",0,1989-01-01,1989-12-31
"MEM0498",0,1989-01-01,1989-12-31
"MEM0561",0.00213988234428976,1989-01-01,1989-12-31
"MEM0538",0,1989-01-01,1989-12-31
"MEM0219",0,1989-01-01,1989-12-31
"MEM0207",0,1989-01-01,1989-12-31
"MEM0196",0,1989-01-01,1989-12-31
"MEM0216",0,1989-01-01,1989-12-31
"MEM0565",5.98037157976039e-05,1989-01-01,1989-12-31
"MEM0323",3.402910632185e-05,1989-01-01,1989-12-31
"MEM0131",0,1989-01-01,1989-12-31
"MEM0198",9.4869459623558e-07,1989-01-01,1989-12-31
"MEM0562",0.00303477607923155,1989-01-01,1989-12-31
"MEM0167",0,1989-01-01,1989-12-31
"MEM0124",0,1989-01-01,1989-12-31
"MEM0365",1.12759323271464e-05,1989-01-01,1989-12-31
"MEM0563",0,1989-01-01,1989-12-31
"MEM0350",0,1989-01-01,1989-12-31
"MEM0500",0,1989-01-01,1989-12-31
"MEM0572",0,1989-01-01,1989-12-31
"MEM0536",0,1989-01-01,1989-12-31
"MEM0463",0,1989-01-01,1989-12-31
"MEM0560",0,1989-01-01,1989-12-31
